Sentence,Emotion,Cleaned_Sentence
cho mình xin bài nhạc tên là gì với ạ,Other,cho mình xin bài nhạc tên là gì với ạ
cho đáng đời con quỷ . về nhà lôi con nhà mày ra mà đánh 😡,Disgust,cho đáng_đời con quỷ về nhà lôi con nhà mày ra mà đánh icon_tucgian
lo học đi . yêu đương lol gì hay lại thích học sinh học,Disgust,lo học đi yêu_đương lol gì hay lại thích học_sinh_học
uớc gì sau này về già vẫn có thể như cụ này :)),Enjoyment,uớc gì sau_này về già vẫn có_thể như cụ này icon_vui
mỗi lần có video của con là cứ coi đi coi lại hoài . cưng con quá .,Enjoyment,mỗi lần có video của con là cứ coi đi coi lại hoài cưng con quá
thằng kia sao mày bắt vợ với bồ tao dọn thế kia . nhà mày ở đâu tao đến thịt mày chết,Anger,thằng kia sao mày bắt vợ với bồ tao dọn thế kia nhà mày ở đâu tao đến thịt mày chết
một lí do trog muôn vàn lí do,Other,một lí_do trog muôn_vàn lí_do
thật hay đùa ác vậy . không thể tin được,Surprise,thật hay đùa ác_vậy không_thể tin được
"ko phải con mình , mà xem còn thấy đau như vậy huống gì người trong cuộc . thật là phẫn nộ mà . cơ quan chức năng làm việc quá chậm trễ , đến giờ mà vẫn chưa tìm ra người chịu trách nhiệm . 😠😠😠😠😠😠",Anger,không phải con mình mà xem còn thấy đau như vậy huống gì người trong cuộc thật là phẫn_nộ mà cơ_quan_chức_năng làm_việc quá chậm_trễ đến giờ mà vẫn chưa tìm ra người chịu trách_nhiệm icon_tucgian icon_tucgian icon_tucgian icon_tucgian icon_tucgian icon_tucgian
per nghe đi rồi khóc 1 trận cho thoải mái . đừng cố gồng mình lên nữa,Sadness,per nghe đi rồi khóc 1 trận cho thoải_mái đừng cố gồng mình lên nữa
công nhận sáng tạo thật đấy,Enjoyment,công_nhận sáng_tạo thật đấy
đòn tấn công cực gắt và cục sút của anh 😂😂😂,Disgust,đòn tấn_công cực gắt và cục sút của anh icon_vui icon_vui icon_vui
trời nắng nóng thế này mình muốn bán nước không biết thu nhập có cao không ạ :3,Other,trời nắng_nóng thế này mình muốn bán_nước không biết thu_nhập có cao không ạ 3
minh biết nữa ne,Enjoyment,minh biết nữa ne
mấy thằng củ lol việt nam nhảm nhí :)),Disgust,mấy thằng củ lol việt nam nhảm_nhí icon_vui
"tui thi ́ ch va ̉ i lă ́ mày ma ̀ ăn nhỉ ̀ u no ́ người lă ́ mày mọi người anh ̣ , bi ̣ lơ ̉ miê ̣ người",Sadness,tui thi ́ chưa va ̉ i lă ́ mày ma ̀ ăn nhỉ ̀ u no ́ người lă ́ mày mọi người anh ̣ bi ̣ lơ ̉ miê ̣ người
"bếp dầu , nhiều nhà vẫn dùng",Other,bếp dầu nhiều nhà vẫn dùng
nếu thấy phụ nữ quá phức tạp để hiểu và chinh phục thì đây là cách giải quyết vấn đề,Other,nếu thấy phụ_nữ quá phức_tạp để hiểu và chinh_phục thì đây là cách giải_quyết vấn_đề
"thời buổi bây chừ chuyện gì cũng có thể xảy ra , vậy nên thôi trất , đừng nên tin ai",Fear,thời_buổi bây_chừ chuyện gì cũng có_thể xảy ra vậy nên thôi trất đừng nên tin ai
sau em này mà làm cô giáo ngồi kể chuyện hs lại há mồm ra nghe 😁,Enjoyment,sau em này mà làm cô_giáo ngồi kể chuyện hs lại há mồm ra nghe icon_vui
"con chó đăng video , mày bị ngu à mà mỗi mẩu lại hiện chữ ăn cặc à",Anger,con chó đăng video mày bị ngu à mà mỗi mẩu lại hiện chữ ăn cặc à
coi video chưa hiểu gì đã làm ầm lên,Disgust,coi video chưa hiểu gì đã làm ầm lên
chả mong gì nhiều chỉ mong về già được như hai ông bà ! 😊😊😊,Enjoyment,chả mong gì nhiều chỉ mong về già được như hai ông_bà icon_vui icon_vui icon_vui
yêu chết đi được .,Enjoyment,yêu chết đi được
mày định lướt qua rồi nhưng khi đọc bình luận của các bạn và xem kĩ lại thì mày đã rớt nước mắt 😭😭😭.... người cha thật vĩ đại,Sadness,mày định lướt qua rồi nhưng khi đọc bình_luận của các bạn và xem kĩ lại thì mày đã rớt nước_mắt icon_buon icon_buon icon_buon người cha thật vĩ_đại
xin đi chơi với bạn ngày tổng kết không cho cứ bắt học miết :)) khá mệt,Sadness,xin đi chơi với bạn ngày tổng_kết không cho cứ bắt học miết icon_vui khá mệt
cá nhân mình nghĩ nó dừng hay đỗ đúng sai thì đã có ca pạt còn nó đỗ trước cửa nhà mình mà oto hay xe không ra vào được thì lúc đó mới ý kiến . công nhận bọn oto đỗ trước nhà nhìn chỉ muốn đốt,Anger,cá_nhân mình nghĩ nó dừng hay đỗ đúng sai thì đã có ca pạt còn nó đỗ trước cửa_nhà mình mà oto hay xe không ra vào được thì lúc đó mới ý_kiến công_nhận bọn oto đỗ trước nhà nhìn chỉ muốn đốt
từ đầu năm giờ chắc chụp 10 lần rồi huhu sợ quá 😭😭😭,Fear,từ đầu năm giờ chắc chụp 10 lần rồi huhu sợ quá icon_buon icon_buon icon_buon
t gặp quả này thì bỏ xe mà chạy ??,Fear,tao gặp quả này thì bỏ xe mà chạy
thế con trai là của ai cho,Other,thế con_trai là của ai cho
per đây mí chính là cụ tổ của những chiếc sừng này,Surprise,per đây mí chính là cụ tổ của những chiếc sừng này
muốn share về mà sợ bị bạn nè phẫn nộ quá,Fear,muốn share về mà sợ bị bạn nè phẫn_nộ quá
"hồi học lớp 5 bảo bố đi mua sgk cho , xong bố đi mua nguyên bộ lớp 4 đầy đủ từ sgk đến vở bài tập 😂",Sadness,hồi học lớp 5 bảo bố đi mua sgk cho xong bố đi mua nguyên bộ lớp 4 đầy_đủ từ sgk đến vở bài_tập icon_vui
nay buồn :(((,Sadness,nay buồn icon_buon
"cv không áp lực , môi trường xung quanh mới dễ tạo áp lực",Fear,cv không áp_lực môi_trường xung_quanh mới dễ tạo áp_lực
ai có link nhạc mấy bài trên không ạ hay vãi ra,Enjoyment,ai có link nhạc mấy bài trên không ạ hay vãi ra
đây người ta gọi là . khi đại thánh nhập hoặc là múa lân đầu năm,Other,đây người_ta gọi là khi đại_thánh_nhập hoặc là múa_lân đầu năm
phải bồi thường thiệt hại bị trầy xước thân tàu . tiền sơn lại mấy toa tàu chắc cũng bộn .,Other,phải bồi_thường thiệt_hại bị trầy_xước thân tàu tiền sơn lại mấy toa tàu chắc cũng bộn
làm công nhân đã bị vắt kiệt sức khỏe cho đến khi bị thải,Sadness,làm công_nhân đã bị vắt kiệt_sức_khỏe cho đến khi bị thải
khi nào phường có chế độ phát chồng khi mang thân đến đăng kí kết hôn tự nguyện 😊,Enjoyment,khi nào phường có chế_độ phát chồng khi mang thân đến đăng_kí_kết_hôn tự_nguyện icon_vui
đéo được tích sự gì 😂,Anger,đéo được tích_sự gì icon_vui
haizzz ... thế là chưa có kq gì tốt đẹp cả ..,Sadness,haiz thế_là chưa có kq gì tốt_đẹp cả
bản thân cố gắng cũng chẳng dễ dàng gì :((,Sadness,bản_thân cố_gắng cũng chẳng dễ_dàng gì icon_buon
"nói chung là 1 lũ lừa gạt thôi , việt nam mình là vậy đó",Disgust,nói_chung là 1 lũ lừa_gạt thôi việt nam mình là vậy đó
thế em ăn cơm chưa ?,Other,thế em ăn cơm chưa
"thu trăm tỷ phạt 5tr , lại qua tỉnh khác hành nghề ha ha",Other,thu trăm tỷ phạt 5tr lại qua tỉnh khác hành_nghề ha_ha
chủ yếu là bọn trẻ đú với bọn dân trí thấp mà thích thể hiện bác nhỉ,Disgust,chủ_yếu là bọn trẻ đú với bọn dân_trí thấp mà thích thể_hiện bác nhỉ
mày coi chừng có ngày tao dã dô mặt mày như dzầy,Anger,mày coi_chừng có ngày tao dã dô mặt_mày như dzầy
canh thời gian đăng đúng vãi !,Surprise,canh thời_gian đăng đúng vãi
quan trọng mấy thằng đó có chọn mj không . ngồi đó mà ảo tưởng,Disgust,quan_trọng mấy thằng đó có chọn mj không ngồi đó mà ảo_tưởng
học xong 12 như hết thanh xuân có lẽ phải bỏ lỡ 1 người,Sadness,học xong 12 như hết thanh_xuân có_lẽ phải bỏ lỡ 1 người
mình thi xong còn không khóc được 😢,Sadness,mình thi xong còn không khóc được icon_buon
"mỗi ngày mình ôm nhau 1 cái như này hén , hí hí",Enjoyment,mỗi ngày mình ôm nhau 1 cái như này hén hí hí
"per trừ điểm , trừ điểm",Sadness,per trừ điểm trừ điểm
"5 triệu , phạt một con mụ lừa đảo , phá hủy niềm tin phật giáo , làm ô uế đời sống tâm linh ... thật rẻ rúng làm sao !",Disgust,5 triệu phạt một con mụ lừa_đảo phá_hủy niềm tin phật_giáo làm ô_uế đời_sống tâm_linh thật rẻ_rúng làm_sao
cả tuần không được nói chuyện,Sadness,cả tuần không được nói_chuyện
per mày cẩn thận tao giết,Anger,per mày cẩn_thận tao giết
cạn lời với bọn súc vật này làm xấu mặt người bắc giang 😑😑😑,Disgust,cạn_lời với bọn súc_vật này làm xấu mặt người bắc giang
bài này tao có 2 cảm xúc . đầu tiên về quán trà . đến cảm xúc quen lại c thy xong bị mẹ cấm :)),Other,bài này tao có 2 cảm_xúc đầu_tiên về quán trà đến cảm_xúc quen lại c thy xong bị mẹ cấm icon_vui
đẹp trai quá,Enjoyment,đẹp_trai quá
đóng cái lồn tao nè chứ đóng,Anger,đóng cái lồn tao nè chứ đóng
"khổ thân người dân , trước dự án cao su là dự án cà phê , làm thêm dự án nữa coi như một đời bỏ phí",Sadness,khổ_thân người dân trước dự_án cao_su là dự_án cà_phê làm thêm dự_án nữa coi như một đời bỏ phí
"hồi nhỏ bà mày có cho một con ngỗng mình tự tay nuôi nó . từ ngày đó nó đeo mày như chó mèo vậy . nhưng khi lớn nó lại mắc bệnh mà mất . giờ cũng hơn 4 , 5 năm rồi những nhớ nó lắm 😓",Sadness,hồi nhỏ bà mày có cho một con ngỗng mình tự tay nuôi nó từ ngày đó nó đeo mày như chó mèo vậy nhưng khi lớn nó lại mắc bệnh mà mất giờ cũng hơn 4 5 năm rồi những nhớ nó lắm
hồi nhỏ đọc tao đã nghi nghi rồi =)))))))),Enjoyment,hồi nhỏ đọc tao đã nghi nghi rồi
ngẫm nghĩ cha của thánh gióng với sọ dừa ăn mặn vãi .,Disgust,ngẫm_nghĩ cha của thánh gióng với sọ_dừa ăn mặn vãi
"con cần bảo vệ thì giết sạch còn con cần tiêu diệt thì lại đem nuôi , cuộc sống lạ lùng vãi 😕",Disgust,con cần bảo_vệ thì giết sạch còn con cần tiêu_diệt thì lại đem nuôi cuộc_sống lạ_lùng vãi
dù sao thì con trai vẫn nên là người mở lời trước à 🤣🤣🤣🤣🤣🤣,Enjoyment,dù_sao thì con_trai vẫn nên là người mở lời trước à icon_vui icon_vui icon_vui icon_vui icon_vui icon_vui
ad cho hỏi nghệ an lúc nào mưa vậy ah 🌧🌧.. ốm cũng cam lòng chứ vã lắm rồi 🥵🥵,Sadness,ad cho hỏi nghệ_an lúc_nào mưa_vậy à ốm cũng cam lòng chứ vã lắm rồi
giận ngược lại rồi giận luôn chứ có huề đéo đâu :(((,Sadness,giận ngược_lại rồi giận luôn chứ có huề đéo đâu icon_buon
per tao được làm fan cứng giống mày rồi 🤣,Enjoyment,per tao được làm fan cứng giống mày rồi icon_vui
xem cái này mới biết vốn tiếng anh của mình cũng khá !,Surprise,xem cái này mới biết vốn tiếng anh của mình cũng khá
thằng lol này tao đéo biết nó sống tốt với mọi người xung quanh như thế nào nào nhưng nó đã ngu còn tỏ ra ngu hẳn nữa,Disgust,thằng lol này tao đéo biết nó sống tốt với mọi người xung_quanh như thế_nào nào nhưng nó đã ngu còn tỏ ra ngu hẳn nữa
ôi bé xinh gái vãi :)),Enjoyment,ôi bé xinh gái vãi icon_vui
cười sái mẹ quai hàm,Enjoyment,cười sái mẹ quai_hàm
rồi khi mày có 1 ít tiền :)) mày mới phát hiện ra còn đéo cả có người đi cùng cơ,Sadness,rồi khi mày có 1 ít tiền icon_vui mày mới phát_hiện ra còn đéo cả có người đi cùng cơ
tự dưng cay mẹ mắt,Sadness,tự_dưng cay mẹ mắt
tao sợ thật sự :(((,Fear,tao sợ thật_sự icon_buon
per thịt nướng lò xô ne ăn z mà không chết 😎😎😎😎,Enjoyment,per thịt nướng lò xô ne ăn gì mà không chết icon_vui icon_vui icon_vui icon_vui
tốt quá,Enjoyment,tốt quá
ông nào viết vui tính thế =)) cưng thật,Enjoyment,ông nào viết vui_tính thế cưng thật
không hiểu sao nhìu người lại thả haha nhỉ ??,Surprise,không hiểu sao nhiều người lại thả haha nhỉ
diễn viên già vãi -.-,Disgust,diễn_viên già vãi
ghét nhất mấy loại bép xép thế thôi . nhanh gọn lẹ 😂😂😂,Enjoyment,ghét nhất mấy loại bép_xép thế thôi nhanh gọn lẹ icon_vui icon_vui icon_vui
cưng quá đi,Enjoyment,cưng quá đi
nhìn mẫu này lạ mắt mà đẹp quá,Surprise,nhìn mẫu này lạ_mắt mà đẹp quá
tao cay mẹ khoé mắt,Sadness,tao cay mẹ khoé mắt
thấy mệt thêm chứ chẳng khỏe gì cả .,Disgust,thấy mệt thêm chứ chẳng khỏe gì cả
":)) đang ăn mỳ , không có trứng nhạt lắm , có rụnng thì xin vài quả !",Enjoyment,icon_vui đang ăn mỳ không có trứng nhạt lắm có rụnng thì xin vài quả
"cảm ơn nói chuyện nhật ! 1 nền khoa học , giáo dục , trí tuệ văn minh !! 😘",Enjoyment,cảm_ơn nói_chuyện nhật 1 nền khoa_học giáo_dục trí_tuệ văn_minh icon_vui
tao mệt chúng mày quá,Disgust,tao mệt chúng_mày quá
hahaha lúc trước ca làm có 4 chị em vui biết bao :)),Enjoyment,hahaha lúc trước ca làm có 4 chị_em vui biết_bao icon_vui
đụ thế kia thì có khác nào mua cái bánh mà bị đứa bán hàng nó tạt cho gáo nước lạnh đâu 🙄,Disgust,đụ thế kia thì có khác_nào mua cái bánh mà bị đứa bán hàng nó tạt cho gáo nước_lạnh đâu icon_chankhet
các bạn đang bảo con này ah 😂😂😂,Other,các bạn đang bảo con này à icon_vui icon_vui icon_vui
má chủ dễ thương vậy tao cũng muốn xin,Enjoyment,má chủ dễ_thương vậy tao cũng muốn xin
"kinh nghiệm được truyền lại là khi nào nấu xong bỏ tí "" tro "" vào lần sau không phải nấu 😊",Enjoyment,kinh_nghiệm được truyền lại là khi nào nấu xong bỏ tí tro vào lần sau không phải nấu icon_vui
"có những con người luôn phải chịu đắng cay , cta không được chọn gia đình , bạn bè và càng không có quyền lựa chọn cuộc sống này . hãy vui lên với tất cả những gì ta đang có dù là hai bàn tay trắng",Sadness,có những con_người luôn phải chịu đắng_cay cta không được chọn gia_đình bạn_bè và càng không có quyền lựa_chọn cuộc_sống này hãy vui lên với tất_cả những gì ta đang có dù là hai bàn_tay_trắng
địt mẹ không có cái loại nào nó ác man và tàn độc hơn là cái loại người . xem mà điên đéo chịu được,Anger,địt_mẹ không có cái loại nào nó ác man và tàn độc hơn là cái loại người xem mà điên đéo chịu được
nhìn thương quá ... lao động nghiêm túc,Enjoyment,nhìn thương quá lao_động nghiêm_túc
đm thực tế như này còn hay . tiếc là đéo ở gần mình =)),Sadness,chửi_thề thực_tế như này còn hay tiếc là đéo ở gần mình
per mấy trụ kia em không tag được,Other,per mấy trụ kia em không tag được
nhận nhầm con cặc . phải nói là 10 thằng thì 1 thằng nuôi con thằng khác,Anger,nhận nhầm con cặc phải nói là 10 thằng thì 1 thằng nuôi con thằng khác
per ơ ơ ơ đây là đâu vậy,Surprise,per ơ ơ ơ đây là đâu_vậy
gặm gặm cái đéo ý à ... bố gặm luôn mày giờ ...!!!,Anger,gặm gặm cái đéo ý à bố gặm luôn mày giờ
"thằng nào nói câu : thế thì đừng làm nghề này . v nếu không có người làm nghề này thì ks sẽ mở cửa cho chúng mày vô àk , người có ăn học có ý thức sẽ không nói ra câu đó .",Disgust,thằng nào nói câu thế_thì đừng làm nghề này v nếu không có người làm nghề này thì ks sẽ mở_cửa cho chúng_mày vô àk người có_ăn_học có ý_thức sẽ không nói ra câu đó
k phải là trời không cho mày yêu . vì m quá ngulon,Disgust,không phải là trời không cho mày yêu vì mày quá ngulon
"per tặng quà cáp gì tặng hộp nhỏ thôi nha . đi hát hò gì đừng đem thùng quà to như vậy nha , nó biết nó nhổ trụi lông nó ngắt mép chết đó :((",Fear,per tặng quà_cáp gì tặng hộp nhỏ thôi nha đi hát_hò gì đừng đem thùng quà to như_vậy nha nó biết nó nhổ trụi lông nó ngắt mép chết đó icon_buon
hết tiền rồi này,Sadness,hết tiền rồi này
"đẹp , dẽ thương mà",Enjoyment,đẹp dẽ thương mà
tử hình con mẹ nó lũ chó má không có tính người đi . khổ thân lũ trẻ,Anger,tử_hình con_mẹ nó lũ chó_má không có tính người đi khổ_thân lũ trẻ
phim xem hay ... nhẹ nhàng tình cảm ... và cười vkl,Enjoyment,phim xem hay nhẹ_nhàng tình_cảm và cười rất
thế làm sao dỗ bạn gái đang giận :(,Sadness,thế làm_sao dỗ bạn gái đang giận icon_buon
t nói thật tao hiền lắm . chứ bà lồn to kia mà gặp tao là ăn mấy cái mũ bảo hiểm vào mặt rồi :),Anger,tao nói thật tao hiền lắm chứ bà lồn to kia mà gặp tao là ăn mấy cái mũ bảo_hiểm vào mặt rồi icon_vui
loài này bé như ngón tay phàm ăn lắm sợ luôn,Fear,loài này bé như ngón tay phàm_ăn lắm sợ luôn
"phí dịch vụ cao nhất , chuyển tiền nội mạng trừ phí tởm nhất , thái độ làm việc bố láo nhất , ít ưu đãi nhất ....",Disgust,phí dịch_vụ cao nhất chuyển tiền nội mạng trừ phí tởm nhất thái_độ làm_việc bố_láo nhất ít ưu_đãi nhất
dume trailer kinh dị cho lắm vô rạp gặp toàn bọn xàm ngồi cười,Disgust,dume trailer kinh_dị cho lắm vô rạp gặp toàn bọn xàm ngồi cười
chẳng đủ dịu dàng để níu bước chân anh,Sadness,chẳng đủ dịu_dàng để níu bước chân anh
1 cái xe cup này ngày xưa bằng mấy cái nhà liền,Other,1 cái xe cup này ngày_xưa bằng mấy cái nhà liền
mỗi phút bên em thật tuyệt vời . chỉ em mới cho anh cái cảm giác đó,Enjoyment,mỗi phút bên em thật tuyệt_vời chỉ em mới cho anh cái cảm_giác đó
em chưa có người yêu . có ai yêu em không . em cô đơn quá,Sadness,em chưa có người_yêu có ai yêu em không em cô_đơn quá
nhỏ nhặt nhưng ý nghĩa và hạnh phúc 😊,Enjoyment,nhỏ_nhặt nhưng ý_nghĩa và hạnh_phúc icon_vui
per =)))))) hít đi cho no chứ mắc công lại chửi tao không biết điều giở trò trước mặt cẩu fa như mày :),Enjoyment,per hít đi cho no chứ mắc công lại chửi tao không biết_điều giở_trò trước mặt cẩu fa như mày icon_vui
bả đòi cái gì vậy ?,Other,bả đòi cái gì vậy
"cái thứ ba , trời nhìn mà rơi nước mắt thay cho luôn công cả một mùa mà đi tong chỉ vì một trận mưa",Sadness,cái thứ ba trời nhìn mà rơi nước_mắt thay cho luôn công cả một mùa mà đi tong chỉ vì một trận mưa
per biết không :))),Surprise,per biết không icon_vui
dù có sống được mấy đời thì cũng nợ mẹ cha trọn cả mấy đời .,Sadness,dù có sống được mấy_đời thì cũng nợ mẹ cha trọn cả mấy_đời
mấy cái tin này thường làm tan nát tình cảm gia đình trong lúc ăn cơm xem thời sự .. bố tổ sư,Disgust,mấy cái tin này thường làm tan_nát tình_cảm gia_đình trong lúc ăn cơm xem thời_sự bố tổ_sư
cô tiên béo quá .. 😅😅 giọng còn the thé nữa .. 😅😅,Disgust,cô tiên béo quá icon_vui icon_vui giọng còn the_thé nữa icon_vui icon_vui
lên án nhiều rồi mà vẫn thế .,Disgust,lên_án nhiều rồi mà vẫn thế
thằng này ngu vãi,Disgust,thằng này ngu vãi
cây tre có tận trăm đốt luôn hả ???,Surprise,cây tre có tận trăm đốt luôn hả
nói tiếng tuy hoà phú yên làm tao nhớ đến nyc . giọng nó sao ngọt không thể tả . buồn,Sadness,nói tiếng tuy hoà phú yên làm tao nhớ đến nyc giọng nó sao ngọt không_thể tả buồn
"per mợ mệt , trưa nào cũng nhìn mày nhai chóp chép ..",Disgust,per mợ mệt trưa nào cũng nhìn mày nhai chóp_chép
"đừng nên thích mấy ông anh cơ bắp , sợ lắm 😆",Fear,đừng nên thích mấy ông anh cơ_bắp sợ lắm icon_vui
có ai vừa coi mà thấy phê phê cái lỗ tai giống tôi không ?? 😀,Enjoyment,có ai vừa coi mà thấy phê phê cái lỗ tai giống tôi không icon_vui
tao đéo hiểu sao người yêu tao đi cắt tóc về trông mặt ngáo đến kì lạ 🤣🤣🤣,Disgust,tao đéo hiểu sao người_yêu tao đi cắt tóc về trông mặt ngáo đến kì_lạ icon_vui icon_vui icon_vui
và khi quay lại nói chuyện với nhau .... biết nói gì giờ huhu,Sadness,và khi quay lại nói_chuyện với nhau biết nói gì giờ huhu
thằng cha bảo vệ có tâm quá . nge con nhỏ kêu nguyên đêm zi mà đéo cứu,Disgust,thằng_cha bảo_vệ có tâm quá nge con nhỏ kêu nguyên đêm zi mà đéo cứu
cũng mất công đẻ mà sao mẹ chúng nó đẻ ra lũ ngu thế haiz,Disgust,cũng mất_công đẻ mà sao mẹ chúng_nó đẻ ra lũ ngu thế haiz
tao thấy giống khùng với lại vô duyên chứ hay gì,Disgust,tao thấy giống khùng với lại vô_duyên chứ hay gì
cần gì những thứ xa hoa lộng lẫy đâu . dù chỉ 1 bông hoa nhưng đong đầy yêu thương nhắn tin đã cảm thấy đủ hạnh phúc rồi 😊😊😊,Enjoyment,cần gì những thứ xa_hoa lộng_lẫy đâu dù chỉ 1 bông hoa nhưng đong đầy yêu_thương nhắn_tin đã cảm_thấy đủ hạnh_phúc rồi icon_vui icon_vui icon_vui
t gặp ngỗng chạy bỏ dép,Fear,tao gặp ngỗng chạy bỏ dép
"vừa ngu vừa ngông thì thế , làm trễ tàu của người ta",Disgust,vừa ngu vừa ngông thì thế làm trễ tàu của người_ta
sao nó trèo lên được hay vậy @@,Surprise,sao nó trèo lên được hay vậy
"khuôn mặt ngây thơ vô số tội , trái tim nhỏ bé của tao sao chịu được ❤❤❤",Enjoyment,khuôn_mặt ngây_thơ vô_số tội trái_tim nhỏ_bé của tao sao chịu được
cuộc sống mà đành chịu thôi =(((,Sadness,cuộc_sống mà đành chịu thôi
"cấp 3 , đáng tiếc nhất trong thời học sinh ^^",Sadness,cấp 3 đáng tiếc nhất trong thời học_sinh icon_vui
"per mình đang nói phần lớn thôi , chứ tất nhiên cũng có ngoại lệ mà",Other,per mình đang nói phần_lớn thôi chứ tất_nhiên cũng có ngoại_lệ mà
"thích chị này nhất phim í , bé bé xinh xinh lại diễn rất đạt :3 . hy vọng mai sau sẽ có bước tiến lớn và thành công hơn nữa < 3",Enjoyment,thích chị này nhất phim í bé bé xinh_xinh lại diễn rất đạt 3 hy_vọng mai_sau sẽ có bước_tiến lớn và thành_công hơn nữa 3
dạo này xem video của per chán ấy không như xưa tại giờ toàn quảng cáo ấy ( ý kiến cá nhân ) 😔,Disgust,dạo này xem video của per chán ấy không như xưa tại giờ toàn quảng_cáo ấy ý_kiến cá_nhân icon_buon
t thấy chả có gì thú vị .,Other,tao thấy chả có gì thú_vị
vậy mà củng chẳng hút được khách !,Surprise,vậy_mà củng chẳng hút được khách
khi nào lên chùa ba vàng giải được vong thì kết hôn :)),Enjoyment,khi nào lên chùa ba vàng giải được vong thì kết_hôn icon_vui
thuở thiếu thời ai chẳn có phút bốc đồng . nên cho nó một trận để răng đe .. 🤣,Disgust,thuở thiếu_thời ai chẳn có phút bốc_đồng nên cho nó một trận để răng đe icon_vui
chắc phải 6 năm chưa nấu kiểu này rồi trước nấu hôm đầu cơm dẻo ai cũng khen ngon,Enjoyment,chắc phải 6 năm chưa nấu kiểu này rồi trước nấu hôm đầu cơm dẻo ai cũng khen ngon
cận cảnh cái bụng nước lèo của boss =))) xài hao vãi,Disgust,cận_cảnh cái bụng nước_lèo của boss xài hao vãi
bản chất tham lam của con người thể hiện ngay từ những việc nhỏ ..,Other,bản_chất tham_lam của con_người thể_hiện ngay từ những việc nhỏ
em đi bộ chết mẹ đây này,Sadness,em đi bộ chết mẹ đây này
"thật tốt vì chú chó ấy đã tìm được người yêu thương nó , kiên trì để nó tin tưởng thật sự :"">",Enjoyment,thật tốt vì chú chó ấy đã tìm được người yêu_thương nó kiên_trì để nó tin_tưởng thật_sự
"phim này xem nam chính thôi . nữ chính diễn chán vãi lúa lắm lúc tụt hứng lắm . giận không ra giận , vui không ra vui .",Disgust,phim này xem nam chính thôi nữ chính diễn chán vãi lúa lắm lúc tụt hứng lắm giận không ra giận vui không ra vui
nhìn mặt nó khó ưa thật chứ,Disgust,nhìn mặt nó khó ưa thật chứ
lần sau thì mình sẽ như thế để đỡ phải cãi nhau nhiều ah :-),Other,lần sau thì mình sẽ như thế để đỡ phải cãi nhau nhiều à
giờ lên phường người ta có phát chú rể không nhỉ các bạn ?,Other,giờ lên phường người_ta có phát chú_rể không nhỉ các bạn
một cái ngu thật sứng đáng,Disgust,một cái ngu thật sứng đáng
năm nay tao không còn cảm thấy cô đơn và mỏi chân nữa ... vì tao được ngồi mát và ăn ké socola of bọn có người yêu 😁😂...# mun 😘,Enjoyment,năm nay tao không còn cảm_thấy cô_đơn và mỏi chân nữa vì tao được ngồi mát và ăn ké socola of bọn có người_yêu icon_vui icon_vui mun icon_vui
hãy dùng một đời để minh chứng nhé !💕😍,Other,hãy dùng một đời để minh chứng nhé icon_vui
con mụ đen sai còn già mồm ...,Disgust,con mụ đen sai còn già_mồm
chỉ cần yên bình như thế này thôi . ❤️❤️❤️,Enjoyment,chỉ cần yên bình như thế này thôi
năm nay được nhận hoa và được ngồi nhìn người ta hạnh phúc,Sadness,năm nay được nhận hoa và được ngồi nhìn người_ta hạnh_phúc
chỉ sợ lúc nó dí,Fear,chỉ sợ lúc nó dí
hên là chay ra kip,Enjoyment,hên là chay ra kip
immm,Anger,im
tao cũng có 1 người bà như trong video nhưng bà ấy qua đời rồi 🙁🙁🙁,Sadness,tao cũng có 1 người bà như trong video nhưng bà ấy qua_đời rồi
đa ́ người yêuc quá ́,Enjoyment,đa ́ người yêuc quá ́
"5tr là tiền bà yến cúng vong cho công an phường quang trung để giải oan gia trái chủ của bà tiền kiếp thôi , chứ phạt g đâu , xếp lớn của bà và xếp lớn của công an phường là 1 , ai lại đi đá gà nhà ...",Disgust,5tr là tiền bà yến cúng vong cho công_an phường quang trung để giải_oan_gia trái chủ của bà tiền_kiếp thôi chứ phạt g đâu xếp lớn của bà và xếp lớn của công_an phường là 1 ai lại đi đá gà nhà
kinh dị v,Fear,kinh_dị v
thật may em đã gặp được người tài xế tốt 🌸🌸,Enjoyment,thật may em đã gặp được người tài_xế tốt
bắn không trượt phát nào luôn à,Surprise,bắn không trượt phát nào luôn à
tại sao mày nằm viện mà vẫn xinh thế ??,Surprise,tại_sao mày nằm viện mà vẫn xinh thế
đẹp trai mà bị đá à,Surprise,đẹp_trai mà bị đá à
cho con được thay ông bán vé đi 😔,Sadness,cho con được thay ông bán vé đi icon_buon
lớp xuất hiện thứ âm binh,Disgust,lớp xuất_hiện thứ âm_binh
đọc bình luận cười ẻ,Enjoyment,đọc bình_luận cười ẻ
per cách này coi bộ hay nha 😂,Enjoyment,per cách này coi_bộ hay nha_icon_vui
"mặt đúng kiểu , em hiểu cảm giác phê của anh không kkk",Enjoyment,mặt đúng kiểu em hiểu cảm_giác phê của anh không k
per thanh niên suốt ngày hát karaoke max volum,Disgust,per thanh_niên suốt ngày hát karaoke max volum
lỡ câu chuyện là thật thì sao . chưa gì lên chửi người ta là rẻ rách,Disgust,lỡ câu_chuyện là thật thì sao chưa gì lên chửi người_ta là rẻ rách
bố mày ngứa mắt lắm rồi đấy,Anger,bố mày ngứa_mắt lắm rồi đấy
thề địt mẹ ngay đoạn hay cái lên nhạc + cast muốn đập điện thoại vãi :),Anger,thề địt_mẹ ngay đoạn hay cái lên nhạc cast muốn đập điện_thoại vãi icon_vui
cả đám súc vật này,Anger,cả đám súc_vật này
bố mấy thằng bệnh,Disgust,bố mấy thằng bệnh
thật khó để có cả 2 khi chúng ta còn trẻ :),Sadness,thật khó để có cả 2 khi chúng_ta còn trẻ icon_vui
nếu cảm thấy không làm được thì nghỉ làm đi . đã xin đi làm thuê thì phải chấp nhận thôi . kêu than cái gì,Disgust,nếu cảm_thấy không làm được thì nghỉ làm đi đã xin đi làm_thuê thì phải chấp_nhận thôi kêu than cái gì
may mình đi làm rồi chứ 10 năm trước chắc sẽ phát khổ với bố mẹ vì mấy tin con nhà người ta như thế nào,Enjoyment,may mình đi làm rồi chứ 10 năm trước chắc sẽ phát khổ với bố_mẹ vì mấy tin con nhà người_ta như thế_nào
còn em trai cưng của tao sang nhà người thân quen của gia đình chowi thế là bị nhà họ nhốt lại hẳn 10 ngày liền ... dlm nhốt lại để em trai tao bắt chuột cho nhà họ mới hãm lồn,Disgust,còn em_trai cưng của tao sang nhà người_thân_quen của gia_đình chowi thế_là bị nhà họ nhốt lại hẳn 10 ngày liền dlm nhốt lại để em_trai tao bắt chuột cho nhà họ mới hãm lồn
mấy thằng này người ta gọi là mấy thằng nhà quê . năm nào rồi còn túm 5 tụm 3 trêu gái,Disgust,mấy thằng này người_ta gọi là mấy thằng nhà_quê năm nào rồi còn túm 5 tụm 3 trêu gái
cô giáo có tâm vời nghề ghêeeee,Enjoyment,cô_giáo có tâm vời nghề ghêe
tiếc quá đẹp trai mờ không có chim,Sadness,tiếc quá đẹp_trai mờ không có chim
crush ở nhà chơi gane rồi haha,Enjoyment,crush ở nhà chơi gane rồi haha
nhìn stt đồng cảm khủng khiếp .,Sadness,nhìn stt đồng_cảm khủng_khiếp
cài lò xô huyền thoại,Enjoyment,cài lò xô huyền_thoại
quên đào tạo đạo đức thôi mà báo làm căng vãi 😂,Disgust,quên đào_tạo đạo_đức thôi mà báo làm căng vãi icon_vui
đi bơi nên não bị úng nước à mấy thằng mặt lồn suy đồi đạo đức,Disgust,đi bơi nên não bị úng nước à mấy thằng mặt lồn suy_đồi đạo_đức
"cố gắng lên mọi lỗ lực và công lao của em sẽ được đền đáp một cách thật là sứng đáng , cố gắng lên em nhé 👍",Enjoyment,cố_gắng lên mọi lỗ lực và công_lao của em sẽ được đền_đáp một_cách thật là sứng đáng cố_gắng lên em nhé
hồi nhỏ cứ đi qua chỗ nào mà nhìn từ xa thấy bóng dáng mấy con đuỹ này là chuẩn bị tinh thần chạy chứ nó dí sấp mặt luôn dù mình đéo làm gì nó hết 😂 vừa dí vừa ngoác mỏ hét sợ vãi ra,Fear,hồi nhỏ cứ đi qua chỗ nào mà nhìn từ xa thấy bóng_dáng mấy con đuỹ này là chuẩn_bị tinh_thần chạy chứ nó dí sấp_mặt luôn dù mình đéo làm gì nó hết icon_vui vừa dí vừa ngoác mỏ hét sợ vãi ra
trốn cũng đéo tha,Anger,trốn cũng đéo tha
"con gấu trúc , cho nó ăn trúc đi =))) tướng ngồi nhìn cưng vãi",Enjoyment,con gấu_trúc cho nó ăn trúc đi tướng ngồi nhìn cưng vãi
rồi lại im thôi . 200k hay 5tr thì cũng vậy,Sadness,rồi lại im thôi 200k hay 5tr thì cũng vậy
"cái lò huyền thoại nè per , lúc mình ở chung đó",Enjoyment,cái lò huyền_thoại nè per lúc mình ở chung đó
hi vọng trưa nay lúc ăn cơm vtv24 sẽ không đưa tin về bạn này ạ,Fear,hi_vọng trưa nay lúc ăn cơm vtv24 sẽ không đưa tin về bạn này ạ
tí nữa vợ nó vắt chân lên cổ bò thì hú hồn,Fear,tí nữa vợ nó vắt chân lên cổ bò thì hú_hồn
tuyệt vời,Enjoyment,tuyệt_vời
trẻ con bao giờ ga lăng sớm thế nhỉ ?! hồi mình bằng bọn này đuổi đánh nhau hỡi chết :))))),Surprise,trẻ_con bao_giờ ga_lăng sớm thế nhỉ hồi mình bằng bọn này đuổi đánh nhau hỡi chết icon_vui
tính đi chạy xe mà mưa cho nên ta ở nhà :),Other,tính đi chạy xe mà mưa cho_nên ta ở nhà icon_vui
nhìn nó cưng quá,Enjoyment,nhìn nó cưng quá
chủ tịch giả làm nhện và cái kết . đừng bao giờ xem thường người khác .,Disgust,chủ_tịch giả làm nhện và cái kết đừng bao_giờ xem_thường người khác
"này thì cắt đức quan hệ , toàn thể hiện , dume nó",Disgust,này thì cắt đức quan_hệ toàn_thể_hiện dume nó
con gái bây giờ chẳng nhờ được cái đéo gì nhờ có phát mà đập mẹ luôn cái bình,Disgust,con_gái bây_giờ chẳng nhờ được cái đéo gì nhờ có phát mà đập mẹ luôn cái bình
hạnh phúc to nè,Enjoyment,hạnh_phúc to nè
"độ "" thâm "" của bác phải gọi là "" bố "" của tàu",Disgust,độ thâm của bác phải gọi là bố của tàu
ông thần nhây vãi đái 😂😂,Enjoyment,ông thần nhây vãi đái icon_vui icon_vui
tóm lại vẩn ế à,Surprise,tóm lại vẩn ế à
chả vị nước mắt à 😔,Sadness,chả vị nước_mắt à icon_buon
con lợn kia sao đập vào đầu vợ bé của tao =)),Anger,con lợn kia sao đập vào đầu vợ_bé của tao
tôi rất mong sử phạt giao thông cũng mạnh tay như thế nào thì tốt,Other,tôi rất mong sử phạt giao_thông cũng mạnh_tay như thế_nào thì tốt
cứ sợ rớt điện thoại :)))) sợ nhất là lỡ khúc nào khó là té không thể tả nổi,Fear,cứ sợ rớt điện_thoại icon_vui sợ nhất_là lỡ khúc nào khó là té không_thể tả nổi
hình như anh nay đóng phim ngây ngô thì fải ... phim đó hay lắm các bạn nên xem,Enjoyment,hình_như anh nay đóng phim ngây_ngô thì fải phim đó hay lắm các bạn nên xem
hahaa coi cái mặt con nhỏ thấy thương,Enjoyment,hahaa coi cái mặt con nhỏ thấy thương
"per khiếp nhớ ngày xưa quá anh em ơi , đi làm cười từ sáng tới tối luôn 😩",Enjoyment,per khiếp nhớ ngày_xưa quá anh_em ơi đi làm cười từ sáng tới tối luôn
per tự nhiên tao cảm thấy bị nhột nhột trong người mày ạ,Other,per tự_nhiên tao cảm_thấy bị nhột nhột trong người mày ạ
"tỉ năm mới thấy cười một lần người gì đâu mà khó cười đến thế 🤨 chả bù cho mình , lúc đéo nào cũng cười , cuộc sống tràn ngập niềm vui < 3",Enjoyment,tỉ năm mới thấy cười một lần người gì đâu mà khó cười đến thế chả_bù cho mình lúc đéo nào cũng cười cuộc_sống tràn_ngập niềm vui 3
không phải crush :v nhưng mà nhìn ổng cười mỉm nhìn cute vãi -.-😑😆❤,Enjoyment,không phải crush v nhưng mà nhìn ổng cười mỉm nhìn cute vãi icon_vui
per anh tặng vợ cái bát nha kaka,Enjoyment,per anh tặng vợ cái bát nha_kaka
"tiêu đề bộ phim cứ ngỡ là thể loại hài , nhưng nếu xem hết thì các bạn sẽ rút ra rất nhiều điều và cái hay trong phim này",Enjoyment,tiêu_đề bộ phim cứ ngỡ là thể_loại hài nhưng nếu xem hết thì các bạn sẽ rút ra rất nhiều điều và cái hay trong phim này
như lol,Anger,như lol
bất ngờ chưa =))),Surprise,bất_ngờ chưa
"trời mới bắt đầu mưa , đéo lo thu thóc đi đứng đó quay ngang quay dọc",Anger,trời mới bắt_đầu mưa đéo lo thu thóc đi_đứng đó quay ngang quay dọc
"ay , đau thế , thằng chó !",Anger,ay đau thế thằng chó
"có ai nhìn thấy hình như người đàn ông này đang rất đau khổ không nhỉ ? mình nhận thấy hình như ông ấy đang rất đau khổ , mà không thể or không muốn nói ra .",Sadness,có ai nhìn thấy hình_như người đàn_ông này đang rất đau_khổ không nhỉ mình nhận thấy hình_như ông ấy đang rất đau_khổ mà không_thể or không muốn nói ra
"đm cho tù mọt gông đi , cái thứ không não",Anger,chửi_thề cho tù mọt_gông đi cái thứ không não
con tao mà bị như này . cả nhà bon kia không quỳ mà xin thì xác con mẹ định luôn,Anger,con tao mà bị như này cả nhà bon kia không quỳ mà xin thì xác con_mẹ định luôn
a per ..... nhìn những hình ảnh này ... sao em nhớ về anh quá .... 15 năm ròng rã .. giờ anh lưu lạc nơi đâu . 😭😭😭😭,Sadness,a per nhìn những hình_ảnh này sao em nhớ về anh quá 15 năm ròng_rã giờ anh lưu_lạc nơi đâu icon_buon icon_buon icon_buon icon_buon
"kiến phải loại kiến lửa , kiến vàng , còn loại kiến lấy cứt trâu làm tổ này thì đốt gì hả ông zời :))",Disgust,kiến phải loại kiến_lửa kiến_vàng còn loại kiến lấy cứt_trâu làm tổ này thì đốt gì hả ông zời icon_vui
per có nên áp dụng với anh hàng xóm không nhể 😆😆😆,Enjoyment,per có nên áp_dụng với anh hàng_xóm không nhể icon_vui icon_vui icon_vui
đáng yêuc quá,Enjoyment,đáng yêuc quá
ok mà cần gì cứ cắt chất lượng lại thôi vẫn bán giá vậy,Other,ok mà cần gì cứ cắt chất_lượng lại thôi vẫn bán giá vậy
làm như chỉ có chúng mày biết yêu nhau ý .,Disgust,làm như chỉ có chúng_mày biết yêu nhau ý
nói chung là không nên uống chẳng bổ béo gì đâu,Other,nói_chung là không nên uống chẳng bổ béo gì đâu
không nổi thì mình chìm haha,Enjoyment,không nổi thì mình chìm haha
nóng tính quá hỏng viẹc - trẻ em rất thích ngọt mình nên nhẹ nhàng cương quyết mới được,Other,nóng_tính quá hỏng viẹc trẻ_em rất thích ngọt mình nên nhẹ_nhàng cương_quyết mới được
anh cũng bướng làm !,Other,anh cũng bướng làm
"mỗi lần như thế tao chửi , mà bọn nó xem đó là trò đùa mày ạ , càng chửi càng cười",Anger,mỗi lần như thế tao chửi mà bọn nó xem đó là trò_đùa mày ạ càng chửi càng cười
nhìn ma tiếc từng hạt trân châu,Sadness,nhìn ma tiếc từng hạt trân_châu
thật cảm động,Enjoyment,thật cảm_động
"trời ơi , tin được không ????",Surprise,trời_ơi tin được không
per nhìn mặt hài vler :))),Enjoyment,per nhìn mặt hài vler icon_vui
"đấy gọi là biết ngu mà vẫn đâm đầu vào , giống tao :)",Enjoyment,đấy gọi là biết ngu mà vẫn đâm_đầu_vào giống tao icon_vui
một phút huy hoàng rồi chợt tắt còn hơn le lói giữa ngàn thu,Enjoyment,một phút huy_hoàng rồi chợt tắt còn hơn le_lói giữa ngàn_thu
người ngoài hành tinh đi học tiếng anh rồi à vãi,Disgust,người_ngoài hành_tinh đi học tiếng anh rồi à vãi
đó là một câu chuyện buồn 😀,Sadness,đó là một câu_chuyện buồn icon_vui
lỗi đạo cụ,Disgust,lỗi đạo_cụ
per dạo này bị xàm à 😂😂😂,Disgust,per dạo này bị xàm à icon_vui icon_vui icon_vui
như chết đi sống lại 🙂,Sadness,như chết đi sống lại icon_vui
"bất cứ lúc nào nghĩ về đời tao chỉ thấy vị cay , nồng nơi khóe mắt :))",Sadness,bất_cứ lúc_nào nghĩ về đời tao chỉ thấy vị cay nồng nơi khóe mắt icon_vui
điện cho đứa bạn . đem mũ ra . coi ai hơn ai . kakaa .,Enjoyment,điện cho đứa bạn đem mũ ra coi ai hơn ai kakaa
thả tao ra để tao cắn chết mẹ nó =)),Anger,thả tao ra để tao cắn chết mẹ nó
per tao cứ thấy giống giống mày :))))),Enjoyment,per tao cứ thấy giống giống mày icon_vui
vấn đề là phải cấm được xả thải chứ không thì chẳng khác mẹ gì nhau,Disgust,vấn_đề là phải cấm được xả thải chứ không thì chẳng khác mẹ gì nhau
"giỏi thì tự đi mà thiết kế các kiểu . ở đó chỉ giỏi cào phím chê bai thôi . ông đã làm được gì , am hiểu gì mà chê này chê nọ",Disgust,giỏi thì tự đi mà thiết_kế các kiểu ở đó chỉ giỏi cào phím chê_bai thôi ông đã làm được gì am_hiểu gì mà chê này chê nọ
ngoài kia ! còn có rất nhiều điều tốt đẹp vẫn còn trên thế giớ này ! hy vọng những điều tốt đẹp luôn diễn ra từng giây phút ..,Enjoyment,ngoài kia còn có rất nhiều điều tốt_đẹp vẫn còn trên thế giớ này hy_vọng những điều tốt_đẹp luôn diễn ra từng giây_phút
cưng hết sức nà,Enjoyment,cưng hết_sức nà
"học kiểu ăn nói láp xược , tại sao không dạy xưng tôi hay tôi mà là tao . đúng chất bắc láo",Disgust,học kiểu ăn_nói láp xược tại_sao không dạy xưng tôi hay tôi mà là tao đúng chất bắc láo
cái nệm này độ đàn hồi đỉnh ghê,Surprise,cái nệm này độ đàn_hồi đỉnh ghê
"em lấy đi niềm tin chả lại cho anh những gì , cũng vì anh vụng về đánh rơi hay càng xa vời càng dễ mất .. anh chân thành nên anh tổn thương",Sadness,em lấy đi niềm tin chả lại cho anh những gì cũng vì anh vụng_về đánh_rơi hay càng xa_vời càng dễ mất anh chân_thành nên anh tổn_thương
con mèo khốn nạn dám bóp vếu vợ tao à 😡,Anger,con mèo khốn_nạn dám bóp vếu vợ tao à icon_tucgian
"giỏi quá ta , cố gắng phát huy nha",Surprise,giỏi quá ta cố_gắng phát_huy nha
"giờ mà quay lại cái thời đi học , tao thề không ngoan nữa mà sẽ bỏ học đi chơi vài bữa",Other,giờ mà quay lại cái thời đi học tao thề không ngoan nữa mà sẽ bỏ học đi chơi vài bữa
ăn cả thế giới đã,Other,ăn cả thế_giới đã
"mấy cái thằng này xử bắn hết đi , to xác không lo làm ăn suốt ngày trộm cắp",Anger,mấy cái thằng này xử bắn hết đi to xác không lo làm_ăn suốt ngày trộm_cắp
"đưa lên để nhận đồng cảm à ?? họ sai họ chịu phạt , còn người ta đỗ xe như thế bạn chả có quyền gì đuổi người ta cả . bỏ dần tư tưởng đường trước cửa nhà ta là của ta đi .",Disgust,đưa lên để nhận đồng_cảm à họ sai họ chịu phạt còn người_ta đỗ xe như thế bạn chả có quyền gì đuổi người_ta cả bỏ dần tư_tưởng đường trước cửa_nhà ta là của ta đi
chú này tội lắm á :(,Sadness,chú này tội lắm á icon_buon
gọi phường cẩu đi thôi,Anger,gọi phường cẩu đi thôi
link phim đéo có .. mà zo toàn gặp bình luận xàm,Disgust,link phim đéo có mà zo toàn gặp bình_luận xàm
chắc kiếp trước gieo nghiệp kiếp này phải gánh thôi,Sadness,chắc kiếp trước_gieo nghiệp kiếp này phải gánh thôi
hihi ảo tưởng,Enjoyment,hihi ảo_tưởng
hahah tao chưa nghe hoàn chỉnh bài này lần nào,Enjoyment,hahah tao chưa nghe hoàn_chỉnh bài này lần nào
mình không quan tâm giá trị học bổng bao nhiêu . mà tớ q . tâm em đó sẽ dành những gì cho đất nước sau khi học xong thôi . hee . chúc mừng em .,Enjoyment,mình không quan_tâm giá_trị học_bổng bao_nhiêu mà tớ q tâm em đó sẽ dành những gì cho đất_nước sau khi học xong thôi hee chúc_mừng em
thế nếu sóc lên xong gõ thì n có trào lên không nhỉ,Other,thế nếu sóc lên xong gõ thì n có trào lên không nhỉ
2 tên sủa giống nhau đêm đêm thì rủ nhau hú ??,Other,2 tên sủa giống nhau đêm_đêm thì rủ nhau hú
dân dùng bằng giả có được khiển trách không nhỉ,Other,dân dùng bằng giả có được khiển_trách không nhỉ
vì mày là đống vỏ năm xưa mẹ mày đổ vào đầu bố mày nên ngày nào nhìn mặt mày hắn cũng cay cú như thế :)),Disgust,vì mày là đống vỏ năm xưa mẹ mày đổ vào đầu bố mày nên ngày nào nhìn mặt_mày hắn cũng cay_cú như thế icon_vui
người ta chỉ muốn dụ mày rồi xin một trái thận . 😪,Fear,người_ta chỉ muốn dụ mày rồi xin một trái thận
per huhu trời ơiii,Sadness,per huhu trời_ơi
lớp 5 mà viết kiểu này cô đánh gãy tay .,Fear,lớp 5 mà viết kiểu này cô đánh gãy tay
con gái chả thế :)))) con trai đi dume mày có nhận hàng không,Enjoyment,con_gái chả thế icon_vui con_trai đi dume mày có nhận hàng_không
"xoá mẹ nó đi , pr cho nó làm gì",Disgust,xoá mẹ nó đi pr cho nó làm gì
t thích nhìn mắt của crush hơn là nhìn nó cười,Enjoyment,tao thích nhìn mắt của crush hơn là nhìn nó cười
hành động đẹp,Enjoyment,hành_động đẹp
"đập chết mẹ nó đi , nó làm người ta nhồi máu cơ tim có khác nào giết người gián tiếp mà ở mỹ gọi là giết người cấp độ 2 đấy",Disgust,đập chết mẹ nó đi nó làm người_ta nhồi máu cơ tim có khác_nào giết người gián_tiếp mà ở mỹ gọi là giết người cấp_độ 2 đấy
"đây là tao khi bảo "" tao biết đường mà , tin tao ."" 🙂",Enjoyment,đây là tao khi bảo tao biết đường mà tin tao icon_vui
t nhớ tao đang xem xxx thì chưa cắm tai nghe 😭😭😭,Sadness,tao nhớ tao đang xem x thì chưa cắm tai_nghe icon_buon icon_buon icon_buon
chuẩn . hài lòng với những thứ mình đang có . đừng mơ mộng những thứ viển vông,Enjoyment,chuẩn hài_lòng với những thứ mình đang có đừng mơ_mộng những thứ viển_vông
per quẹo lựa mấy đứa ơi . để lễ nay đặt vé luôn cho rồi . nóng quá rồi :)))),Enjoyment,per quẹo lựa mấy đứa ơi để lễ nay đặt vé luôn cho rồi nóng quá rồi icon_vui
"ai đời cho kiến đen đốt tr .... nta cho kiến vàng đốt chứ , ăn kì cục",Disgust,ai_đời cho kiến_đen đốt tr nta cho kiến_vàng đốt chứ ăn kì_cục
may quá tao đang nhà đắp chăn xem cảnh này chứ đông vậy đi chắc chớt,Other,may quá tao đang nhà đắp chăn xem cảnh này chứ đông_vậy đi chắc chớt
mặt mày nhìn chán thậc,Disgust,mặt_mày nhìn chán thậc
cả 2 đứa đều trẻ con . yêu đương kiểu này thì lsao mà tính chuyện lâu dài được,Disgust,cả 2 đứa đều trẻ_con yêu_đương kiểu này thì lsao mà tính_chuyện lâu_dài được
per ê tao với mày mà đi cái cầu này chắc rớt ngay bước đầu quá 😢😢 đã mặp rồi chân lùn nữa đi qua bằng niềm tin,Fear,per ê tao với mày mà đi cái cầu này chắc rớt ngay bước_đầu quá icon_buon icon_buon đã mặp rồi chân lùn nữa đi qua bằng niềm tin
đau lòng quá,Sadness,đau_lòng quá
chơi mất dậy . gặp tao là tiễn theo điện thoại luôn,Disgust,chơi mất dậy gặp tao là tiễn theo điện_thoại luôn
vụ này chắc xử nhanh hơn vụ trong thang máy .... 😂😂😂,Enjoyment,vụ này chắc xử nhanh hơn vụ trong thang_máy icon_vui icon_vui icon_vui
lúc rài không gặp được mặt cờ rút nữa 😪,Sadness,lúc rài không gặp được mặt cờ rút nữa
dạo này cứ đổ vỡ nhây nhớp là hấp dẫn cư dân mạng à :)) tao thấy đéo đến mức buồn quá,Disgust,dạo này cứ đổ_vỡ nhây nhớp là hấp_dẫn cư_dân mạng à icon_vui tao thấy đéo đến mức buồn quá
giống tao hồi bé ... 😅,Enjoyment,giống tao hồi bé icon_vui
có ai không bị giật mình như tao không . nhạt vãi =))),Disgust,có ai không bị giật_mình như tao không nhạt vãi
năm nay không được ăn dồi :((,Sadness,năm nay không được ăn dồi icon_buon
ổng bị bắt rồi :( rồi lấy gì coi,Sadness,ổng bị bắt rồi icon_buon rồi lấy gì coi
"per thể loại mới nè , có vẻ phê",Enjoyment,per thể_loại mới nè có vẻ phê
con nào cũng là con nhé . con trai tao tập từ nhỏ đã biết tự lo và phụ mẹ rồi :)),Enjoyment,con nào cũng là con nhé con_trai tao tập từ nhỏ đã biết tự lo và phụ mẹ rồi icon_vui
"cái con yêu nghiê ̣ tao này hồi nhỏ nó phập vào đùi mình . lần đầu nhìn thấy nó tươ ̉ người nó cũng hiền hiền như con vịt , ai ngờ mới bươ ́ c lại gần là nó di ́ rượt mình . cái kết là bầm tím phần đùi . đến giơ ̀ thấy nó là auto né .",Disgust,cái con yêu nghiê ̣ tao này hồi nhỏ nó phập vào đùi mình lần đầu nhìn thấy nó tươ ̉ người nó cũng hiền hiền như con vịt ai_ngờ mới bươ ́ c lại gần là nó di_́ rượt mình cái kết là bầm tím phần đùi đến giơ ̀ thấy nó là auto né
per nhện kìa haha,Enjoyment,per nhện kìa haha
per đi tong một năm học ... nhưng vẫn tốt nghiệp ... :(,Sadness,per đi tong một năm_học nhưng vẫn tốt_nghiệp icon_buon
càng thân thiết khi quay lưng càng đau lòng .,Sadness,càng thân_thiết khi quay lưng càng đau_lòng
lâu rồi chưa nghe ... nghe lại vẫn hay và ngấm như ngày nào :)),Enjoyment,lâu rồi chưa nghe nghe lại vẫn hay và ngấm như ngày nào icon_vui
tôi thấy tương lai của tôi trong bức ảnh này :d,Other,tôi thấy tương_lai của tôi trong bức ảnh này d
"per đấu nhau to rồi , phen này hay",Enjoyment,per đấu nhau to rồi phen này hay
có thể bán lại cho tớ không ??????,Other,có_thể bán lại cho tớ không
phí gì cũng cao nhất so với ngân hàg khác mà phục vụ lại tệ nhất ! sau đợt này vcb mất nhiều khác hàg !,Disgust,phí gì cũng cao nhất so với ngân hàg khác mà phục_vụ lại tệ nhất sau đợt này vcb mất nhiều khác hàg
xem đi xem lại bao nhiêu lần cũng không chán ... vẫn cảm giác hồi hộp :),Sadness,xem đi xem_lại bao_nhiêu lần cũng không chán vẫn cảm_giác hồi_hộp icon_vui
per phải nói là hiền quá hiền luônnn 🤣,Enjoyment,per phải nói là hiền quá hiền luôn icon_vui
phạt thế quá nhẹ ...,Anger,phạt thế quá nhẹ
có bồ mà cũng sân si,Disgust,có bồ mà cũng sân si
trên đời sợ nhất mấy con trùn trùn như ri ! nhất là giun đất với rắn !!! đã từng bỏ tiết học sinh học mổ giun đất 😞😞,Fear,trên đời sợ nhất mấy con trùn trùn như ri nhất là giun_đất với rắn đã từng bỏ tiết học_sinh_học mổ giun_đất icon_buon icon_buon
sao tao thấy đa phần mấy đứa con trai cắt tóc xong nhìn ngáo đéo chịu được vậy =))).. cười tét cả hàm chứ đùa,Enjoyment,sao tao thấy đa_phần mấy đứa con_trai cắt tóc xong nhìn ngáo đéo chịu được vậy cười tét cả hàm chứ đùa
đơn giản thôi : nó giống như con chó vậy . khi ta đuổi thì nó chạy . khi ta chạy thì nó đuổi,Other,đơn_giản thôi nó giống như con chó vậy khi ta đuổi thì nó chạy khi ta chạy thì nó đuổi
ướp đông lạnh luôn à,Other,ướp đông_lạnh luôn à
chờ tý tao đi thay bỉm xíu tao quay lại .,Fear,chờ tý tao đi thay bỉm xíu tao quay lại
có hiệu quả không mới quan trọng,Other,có hiệu_quả không mới quan_trọng
sáng sớm đã đậm chất ngôn tình . tránh ra chỗ bà gym nào .,Disgust,sáng sớm đã đậm_chất ngôn tình tránh ra chỗ bà gym nào
anh chờ ... đáng yêu ghê,Enjoyment,anh chờ đáng yêu ghê
cười như cục cức trôi sông lạc chợ 😏😏👌,Disgust,cười như cục cức trôi_sông lạc chợ
tao buồn mấy năm nay rồi,Sadness,tao buồn mấy năm nay rồi
phải đối xử tốt với chính bản thân mình :),Enjoyment,phải đối_xử tốt với chính bản_thân mình icon_vui
"chủ động nói chuyện , nhắn tin khi có time . nhưng đời không như mơ",Sadness,chủ_động nói_chuyện nhắn_tin khi có time nhưng đời không như mơ
"móa , thiệt chứ tụi này nuôi làm gì vậy nhỉ ?",Anger,móa thiệt chứ tụi này nuôi làm gì vậy nhỉ
tao đang đi phân khối lớn đây . ai cũng kêu nhìn cá tính vãi 😁,Enjoyment,tao đang đi phân_khối lớn đây ai cũng kêu nhìn cá_tính vãi icon_vui
động lực để phụ nữ chiến đấu chính là gia đình và bản thân họ :),Other,động_lực để phụ_nữ chiến_đấu chính là gia_đình và bản_thân họ icon_vui
mink chỉ lo là nhà nước không đủ gạo nuôi mấy anh,Sadness,mink chỉ lo là nhà_nước không đủ gạo nuôi mấy anh
sản phẩm khá là mới lạ trong việt nam,Surprise,sản_phẩm khá là mới_lạ trong việt_nam
"chuẩn rồi . nhiều khi mệt muốn xỉu , xong đồng nghiệp đùa nhau đôi ba câu hay kể cho nhau vài câu chuyện thế là lại vui trở lại 😂😂😂 đồng nghiệp quan trọng thật sự",Enjoyment,chuẩn rồi nhiều khi mệt muốn xỉu xong đồng_nghiệp đùa nhau đôi ba câu hay kể cho nhau vài câu_chuyện thế_là lại vui trở_lại icon_vui icon_vui icon_vui đồng_nghiệp quan_trọng thật_sự
ai trèo lên đưa cho ảnh cái áo mưa đi kẻo ướt ảnh đó,Other,ai trèo lên đưa cho ảnh cái áo_mưa đi kẻo ướt ảnh đó
"per hồi nhỏ bị con đỉ này dí lòi lol 😂, bị cắn bầm đen muốn thúi thịt luôn cả tháng hơn mới hết . mà đươ ̣ c cái con này nuôi nó giữ nhà cửa hay , có nó không sợ ma quỷ gì hết",Fear,per hồi nhỏ bị con đỉ này dí lòi lol icon_vui bị cắn bầm đen muốn thúi thịt luôn cả tháng hơn mới hết mà đươ ̣ c cái con này nuôi nó giữ nhà_cửa hay có nó không sợ ma_quỷ gì hết
chắc ổng chỉ ngồi 1 chỗ và để móng lên bàn nv . chư tao nghĩ đi lại cũng khó,Disgust,chắc ổng chỉ ngồi 1 chỗ và để móng lên bàn nv chư tao nghĩ đi_lại cũng khó
nó mới ghé nhà tao đây :)),Enjoyment,nó mới ghé nhà tao đây icon_vui
nhìn mặt là cười phọt rồi,Enjoyment,nhìn mặt là cười phọt rồi
per cấm dừng đỗ đâu cụ thớt ???,Other,per cấm dừng đỗ đâu cụ thớt
đọc chả hiểu gì :( mất gốc rồi :(,Sadness,đọc chả hiểu gì icon_buon mất_gốc rồi icon_buon
mạng lag chưa xem được nhưng vẫn vào bình luận 😍😍,Other,mạng lag chưa xem được nhưng vẫn vào bình_luận icon_vui icon_vui
"em vợ có thể ngủ với mẹ , còn anh thì ngủ với em 😂",Enjoyment,em vợ có_thể ngủ với mẹ còn anh thì ngủ với em icon_vui
cái giọng anh quay phim nghe ngọt quá 😘😘,Enjoyment,cái giọng anh quay_phim nghe ngọt quá icon_vui icon_vui
đẹp đôi vãi 🤩,Enjoyment,đẹp_đôi vãi
như con ma tơi có ngày ném cho cái cốc vào mặt thì đừng trách,Anger,như con ma tơi có ngày ném cho cái cốc vào mặt thì đừng trách
"ổng để móng có 1 bàn tay thôi còn bàn tay kia vẫn sạch sẽ bình thường mà các cụ cứ hỏi chùi đít , đanh răng , quay tay kiểu gì là sao :))",Other,ổng để móng có 1 bàn_tay thôi còn bàn_tay kia vẫn sạch_sẽ bình_thường mà các cụ cứ hỏi chùi đít đanh răng quay tay kiểu gì là sao icon_vui
chỉ thấy mất dạy,Disgust,chỉ thấy mất_dạy
vì nó biết mày còn 2 quả thận thôi con ạ . rửa mặt đi :vậy,Disgust,vì nó biết mày còn 2 quả thận thôi con ạ rửa mặt đi vậy
tiền cắt tóc như kia đủ mua giày rồi :v,Sadness,tiền cắt tóc như kia đủ mua giày rồi v
"trên phim thôi . ngoài đời thì đứa con gái uống xong ngất luôn , hôm sau thì bị bán mẹ sang trung quốc",Other,trên phim thôi ngoài đời thì đứa con_gái uống xong ngất luôn hôm sau thì bị bán mẹ sang trung_quốc
đấy cổ tích như thế có mà dân lại ngồi hết lên đầu pháp luật . tai nạn tăng không ngừng nghỉ ấy chứ .,Disgust,đấy cổ_tích như thế có mà dân lại ngồi hết lên đầu pháp_luật tai_nạn tăng không ngừng_nghỉ ấy chứ
"nếu không có lòng yêu thương , thì đừng nuôi",Disgust,nếu không có lòng yêu_thương thì đừng nuôi
định mệnh gớm vãi 🤮🤮🤮,Disgust,định_mệnh gớm vãi icon_chankhet icon_chankhet icon_chankhet
kiểu xem đứa nào thắng !,Other,kiểu xem đứa nào thắng
"èo , ngọt quá đi",Enjoyment,èo ngọt quá đi
lấy vợ xong bị tàn phá là có thật 😆 béo vãi_chưởng,Disgust,lấy vợ xong bị tàn_phá là có thật icon_vui béo vãi_chưởng
nếu người ta sai thì gọi công an xử lý còn không thì bạn không có quyền nhé,Disgust,nếu người_ta sai thì gọi công_an xử_lý còn không thì bạn không có quyền nhé
t thề hồi nhỏ qua nhà ông hàng xóm vá xe tao bị con ngỗng dí chạy xúc quần quanh nhà ổng vừa chạy vừa la làng tới giờ nhớ lại vẫn còn hãi 😧😧😧,Fear,tao thề hồi nhỏ qua nhà ông hàng_xóm vá xe tao bị con ngỗng dí chạy xúc quần quanh nhà ổng vừa chạy vừa la_làng tới giờ nhớ lại vẫn còn hãi icon_loso icon_loso icon_loso
nó bướng vãi . cứ làm theo ý mình,Anger,nó bướng vãi cứ làm theo ý mình
nghe như hát trầu văn,Disgust,nghe như hát trầu văn
đúng rồi mà kệ nó tao đéo quan tâm . chụp cho ai thì chụp,Other,đúng rồi mà kệ nó tao đéo quan_tâm chụp cho ai thì chụp
nhà có người già vui thật nhỉ 🤣👍,Enjoyment,nhà có người già vui thật nhỉ icon_vui
tao nấu củi chưa nấu bằng rơm bao giờ 😪,Other,tao nấu củi chưa nấu bằng rơm bao_giờ
bếp dầu trước kia tôi đã thuờg dùng,Other,bếp dầu trước_kia tôi đã thuờg dùng
ngọc ngọc đồng nghiệp tốt,Other,ngọc ngọc đồng_nghiệp tốt
đời tao ghét con súc sinh này vãi .. nhiều khi tao tự vấn tao làm gì sai mà mỗi lần tao đi qua nó là y như rằng tao phải chạy như chó chứ không thể nào hiên ngang đi 1 cách như người bình thường,Disgust,đời tao ghét con súc_sinh này vãi nhiều khi tao tự_vấn tao làm gì sai mà mỗi lần tao đi qua nó là y_như_rằng tao phải chạy như chó chứ không_thể_nào hiên_ngang đi 1 cách như người bình_thường
"ờ phải rồi , nói hay lắm . đến lúc nó đậu trước cửa nhà mình cả ngày xem có nhảy lên như khỉ đỏ đít không ?",Anger,ờ phải rồi nói hay lắm đến lúc nó đậu trước cửa_nhà mình cả ngày xem có nhảy lên như khỉ đỏ đít không
tạm biệt sếp và mong sớm có ngày sếp quay lại ...,Other,tạm_biệt sếp và mong sớm có ngày sếp quay lại
tao dễ thương nhưng vẫn ế đây này mơ mộng ít thôi,Sadness,tao dễ_thương nhưng vẫn ế đây này mơ_mộng ít thôi
"má , dume cười ỉa :))))",Enjoyment,má dume cười ỉa icon_vui
bà mẹ tháng cô hồn nghèo rớt mồng tơi mà cứ chiếu phim tiền đâu mà coi trời oi là troi,Anger,bà mẹ tháng cô_hồn nghèo_rớt mồng_tơi mà cứ chiếu_phim tiền đâu mà coi trời oi là troi
cái này nó giống câu “ em ăn cơm chưa ” vãi,Surprise,cái này nó giống câu em ăn cơm chưa vãi
bị rồi nè :))) mua 6 ly rớt hết 4 ly,Other,bị rồi nè icon_vui mua 6 ly rớt hết 4 ly
"đây là 1 câu chuyện buồn đó , đừng có haha nha per",Disgust,đây là 1 câu_chuyện buồn đó đừng có haha nha_per
chảy cả nói chuyện mắt,Other,chảy cả nói_chuyện mắt
là tôi tôi cũng tát vỡ mồm nó ~~,Anger,là tôi tôi cũng tát vỡ mồm nó
per ngôn tình luôn ở quanh ta nhưng nó đéo đến với chúng ta 😏,Sadness,per_ngôn tình luôn ở quanh ta nhưng nó đéo đến với chúng_ta
rồi lỡ ai có bầu mà đi qua không biết nhảy kiểu gì nữa 😂😂,Enjoyment,rồi lỡ ai có bầu mà đi qua không biết nhảy kiểu gì nữa icon_vui icon_vui
nghe mát lòng mát gan thế ????,Enjoyment,nghe mát_lòng mát gan thế
tao đang xem cái gì vậy,Other,tao đang xem cái gì vậy
sợ đến lúc đó muốn lấy vợ phải sang nước khác nhập khẩu về quá,Fear,sợ đến lúc đó muốn lấy vợ phải sang nước khác nhập_khẩu về quá
nhiều khi cũng muốn chọc cho người yêu giận nhưng mới nhớ ra mình đéo có người yêu 😌,Sadness,nhiều khi cũng muốn chọc cho người_yêu giận nhưng mới nhớ ra mình đéo có người_yêu
nguy hiểm thật,Fear,nguy_hiểm_thật
"ok hay quá , dùng điện này thôi",Enjoyment,ok hay quá dùng điện này thôi
ơ tao đang mơ 🤩,Enjoyment,ơ tao đang mơ
chủ tịch rả vờ ngu và cái kết đừng bao rờ khinh thường người khác 😂😂,Disgust,chủ_tịch rả vờ ngu và cái kết đừng bao rờ khinh_thường người khác icon_vui icon_vui
"per ăn tết xong , cần cây cầu này để giảm cân 😆😆",Enjoyment,per ăn tết xong cần cây cầu này để giảm cân icon_vui icon_vui
loại dâm ô nam sinh này cần phải tử hình để làm gương cho người khác .,Disgust,loại dâm_ô nam sinh này cần phải tử_hình để làm_gương cho người khác
:))) 1 phần của bài quyền là phải gẫy gậy và té sấp mặt luôn để đỡ bị đối phương đâm lòi phèo,Sadness,icon_vui 1 phần của bài quyền là phải gẫy gậy và té sấp_mặt luôn để đỡ bị đối_phương đâm lòi phèo
chắc chắn người pháp sẽ khôi phục lại được . tin là như thế,Other,chắc_chắn người pháp sẽ khôi_phục lại được tin là như_thế
per á đông có đồng nghiệp như hiệp suốt ngày rủ đi vệ sinh cùng ghê vãi,Disgust,per á đông có đồng_nghiệp như hiệp suốt ngày rủ đi vệ_sinh cùng ghê_vãi
đm nhìn ngầu vãi,Enjoyment,chửi_thề nhìn ngầu vãi
chuẩn luôn khi ở công tình yêu toàn là các anh chị em đồng nghiệp tốt he he,Enjoyment,chuẩn luôn khi ở công tình_yêu toàn là các anh_chị_em đồng_nghiệp tốt he he
với tôi là gia đình và sự hận thù .,Other,với tôi là gia_đình và sự hận_thù
người ta gọi là ngu mà cứ đâm đầu vào đấy :),Disgust,người_ta gọi là ngu mà cứ đâm_đầu_vào đấy icon_vui
tỉnh táo đi em !,Other,tỉnh_táo đi em
bếp dầu thời bao cấp,Other,bếp dầu thời bao_cấp
có cái bệnh này nữa hả trời,Surprise,có cái bệnh này nữa hả trời
agribank thu nhập bằng phong phì thì bố thằng nào biết được mà cập nhật,Disgust,agribank thu_nhập bằng phong phì thì bố thằng nào biết được mà cập_nhật
crush ai thì cờ rớt chứ đừng cờ rớt mấy mẹ bán hàng online với làm bất động sản chúng mày nhé :3,Other,crush ai thì cờ rớt chứ đừng cờ rớt mấy mẹ bán hàng online với làm bất_động_sản chúng_mày nhé 3
nhà tao cũng gần mà tao không bao giờ dám đi đêm,Fear,nhà tao cũng gần mà tao không bao_giờ dám đi_đêm
kiểu gì chả chết ? đá to như kia thoát sao nổi ?,Sadness,kiểu gì chả chết đá to như kia thoát sao nổi
không muốn huhu,Sadness,không muốn huhu
ông trời cho mình lũ bạn cờ hó quá ấy mà :),Enjoyment,ông trời cho mình lũ bạn cờ hó quá ấy mà icon_vui
dự định tao là 28 nhưng giờ mà có bồ là bắt cưới luôn chớ sợ ế haha,Enjoyment,dự_định tao là 28 nhưng giờ mà có bồ là bắt cưới luôn chớ sợ ế haha
giỏi thiệt . nể . giọng ở tao khó z mà ông này nói được giỏi 😁,Surprise,giỏi thiệt nể giọng ở tao khó gì mà ông này nói được giỏi icon_vui
chọn cây đẹp đẹp rồi để các bạn trẻ đổ xô đến vì hiếu kỳ lại gây tắc đường à dume,Disgust,chọn cây đẹp đẹp rồi để các bạn trẻ đổ_xô đến vì hiếu_kỳ lại gây tắc đường à dume
biết là đau lòng nhưng sao bản thân vẫn muốn biết nó,Sadness,biết là đau_lòng nhưng sao bản_thân vẫn muốn biết nó
per mang võng ra không lại tủi không thể ngồi,Other,per mang võng ra không lại tủi không_thể ngồi
đóng của trường đi bắt bỏ tù loai người xấu xa : ham lợi nhuận : lừa đảo phụ huynh lấy tiền,Disgust,đóng của trường đi bắt bỏ_tù loai người xấu_xa ham lợi_nhuận lừa_đảo phụ_huynh lấy tiền
như 1 canh bạc ấy nhỉ @@,Other,như 1 canh_bạc ấy nhỉ
chợt nhận ra mình chưa từng thích thầm ai trong lớp,Other,chợt nhận ra mình chưa từng thích thầm ai trong lớp
cây này quê tao nhiều lắm nhé . mùa này đi rừng hay gặp nhiều này,Other,cây này quê tao nhiều lắm nhé mùa này đi rừng hay gặp nhiều này
dume mặc dù tao rất yêu chó nhưng tao cũng sợ chó nữa :((,Fear,dume mặc_dù tao rất yêu chó nhưng tao cũng sợ chó nữa icon_buon
"không biết khuyên thế nào , nhưng chỉ cần bình tĩnh 1 xíu , dù gì thì cũng đừng tự sát , đời người chỉ sống 1 lần thôi ...",Sadness,không biết khuyên thế_nào nhưng chỉ cần bình_tĩnh 1 xíu dù gì thì cũng đừng tự_sát đời người chỉ sống 1 lần thôi
tao bực mày lắm rồi đấy,Anger,tao bực mày lắm rồi đấy
crush tao mất rồi .,Sadness,crush tao mất rồi
cái thứ tình yêu bọ xít :)),Disgust,cái thứ tình_yêu bọ_xít icon_vui
"ngày xưa nhà nuôi mấy con điên này cái giọng thì đã khó nghe thì chớ suốt ngày ngoạc ra , hễ về đến nhà là thấy giọng bọn n đầu tiên . xong cho ăn , rõ ràng là cho n ăn đàng hoàng mà đến n + 1 lần bị n mổ với đuổi bợt mạng . chốt là tao ghét cái bọn nì dã man . ám ảnh cả 1 tuổi thơ :(( cái thứ yêu nghiệt .",Fear,ngày_xưa nhà nuôi mấy con điên này cái giọng thì đã khó nghe thì_chớ suốt ngày ngoạc ra hễ về đến nhà là thấy giọng bọn n đầu_tiên xong cho ăn rõ_ràng là cho n ăn đàng_hoàng mà đến n 1 lần bị n mổ với đuổi bợt mạng chốt là tao ghét cái bọn nì dã_man ám_ảnh cả 1 tuổi_thơ icon_buon cái thứ yêu nghiệt
cặp này lầy mà dễ thương,Enjoyment,cặp này lầy mà dễ_thương
per mặc dù biết ngôn tình tàu khựa toàn xạo chó nhưng cầu hôn có não thật ^^,Disgust,per mặc_dù biết ngôn tình tàu khựa toàn xạo chó nhưng cầu_hôn có não thật icon_vui
"đừng so nó với chó ., vì chó nhà tao cũng từng bị nó cắn rồi 🤧. nó đéo ' sợ bố con thằng nào cả .",Anger,đừng so nó với chó vì chó nhà tao cũng từng bị nó cắn rồi nó đéo sợ bố con thằng nào cả
địt mẹ mấy thằng nhà quê,Disgust,địt_mẹ mấy thằng nhà_quê
vãi chả phơi hết tim gan phèo phổi @@,Disgust,vãi chả phơi hết tim gan phèo phổi
cảnh thì dõ đẹp mà nhìn nước ô nhiễm quá,Disgust,cảnh thì dõ đẹp mà nhìn nước ô_nhiễm quá
thích nấu lúc nào cũng được,Other,thích nấu lúc_nào cũng được
"mấy con đĩ xạo lồn tao thấy mà tao tức á , chia bè phái ra làm rầm rầm rộ rộ",Anger,mấy con đĩ xạo lồn tao thấy mà tao tức á chia bè_phái ra làm rầm_rầm_rộ rộ
cái chứng minh hình kia dễ vãi . cứ vẽ hình lên bài xong người chấm điểm người ta thấy là biết chứ sao :)),Enjoyment,cái chứng_minh hình kia dễ vãi cứ vẽ hình lên bài xong người chấm điểm người_ta thấy là biết chứ sao icon_vui
đm quả gật đầu quả quyết vãi 😂,Enjoyment,chửi_thề quả gật đầu quả_quyết vãi icon_vui
ho mà vỡ xương kể ra trên đời lắm chuyện lạ vãi,Surprise,ho mà vỡ xương kể_ra trên đời lắm_chuyện lạ vãi
bốc toàn trúng may mắn lần sau,Sadness,bốc toàn trúng may_mắn lần sau
nước tớ nhiều thành phần hãm lồn thế đấy các bạn ạ . tớ gặp là tớ còn ghét nữa là các bạn nước ngoài,Disgust,nước tớ nhiều thành_phần hãm lồn thế đấy các bạn ạ tớ gặp là tớ còn ghét nữa là các bạn nước_ngoài
cẩn thận móc túi trộm nhé anh chị em .,Other,cẩn_thận móc_túi trộm nhé anh_chị_em
đoạn cuối yêu mún chết,Enjoyment,đoạn cuối yêu mún chết
hahahaha,Enjoyment,hahahaha
cuộc đời bà đã nấu hơn 50 nồi bánh chưng rồi nhưng bà chưa bao giờ thấy ai cắt tóc ngắn đi mà xinh như thế này các cháu ạ .,Enjoyment,cuộc_đời bà đã nấu hơn 50 nồi bánh_chưng rồi nhưng bà chưa bao_giờ thấy ai cắt tóc ngắn đi mà xinh như thế này các cháu ạ
"mày vã quá rồi đấy , sang lên chứ 🙄",Other,mày vã quá rồi đấy sang lên chứ icon_chankhet
"e ấy đang khóc , nhưng vì hàm răng không thể thụt vào nên mọi người nghĩ là em đang cười :))))",Enjoyment,e ấy đang khóc nhưng vì hàm_răng không_thể thụt vào nên mọi người nghĩ là em đang cười icon_vui
per ôi cái bếp một thời chinh chiến,Enjoyment,per ôi cái bếp một thời chinh_chiến
vl mồm thì chửi người ta nhem nhẻm ra xong cứ bảo người ta mất dậy :)) chị kia đã chửi được câu đéo nào đâu mà nó cứ bảo mất dậy . đâm hỏng xe người ta xong còn đòi đọ lồn :))))) bố mày lậy . phải tao là tao sút cho tung con mẹ mày cái lồn già lên rồi cho mất dậy cả thể . cứ cậy đẻ 5 lứa rồi lồn rộng mép dài ra đường bắt nạt đứa lồn bé hơn,Anger,rất mồm thì chửi người_ta nhem_nhẻm ra xong cứ bảo người_ta mất dậy icon_vui chị kia đã chửi được câu đéo nào đâu mà nó cứ bảo mất dậy đâm hỏng xe người_ta xong còn đòi đọ lồn icon_vui bố mày lậy phải tao là tao sút cho tung con_mẹ mày cái lồn già lên rồi cho mất dậy cả_thể cứ cậy đẻ 5 lứa rồi lồn rộng mép dài ra đường bắt_nạt đứa lồn bé hơn
"trời mẹ phim gì vậy thớt ơi , cười ná thở",Enjoyment,trời mẹ phim gì vậy thớt ơi cười ná thở
nhưng công nhận nhìn ngáo cỏ yêu thật =)),Enjoyment,nhưng công_nhận nhìn ngáo cỏ yêu thật
ăn mà không biết dọn .,Disgust,ăn mà không biết dọn
tao được thấy nói chuyện mắt của bố tao khi tao bệnh và khi tao lấy chồng,Sadness,tao được thấy nói_chuyện mắt của bố tao khi tao bệnh và khi tao lấy chồng
mày ăn cứt hay sao ngu thế hả,Anger,mày ăn cứt hay sao ngu thế hả
chia buồn với gã lưng gù 😥😢,Sadness,chia buồn với gã lưng gù icon_loso icon_buon
tao đã từng viết như thế này . bây giờ không muốn ai đọc chỉ có đốt mà lười đốt,Sadness,tao đã từng viết như thế này bây_giờ không muốn ai đọc chỉ có đốt mà lười đốt
tác phẩm nghệ thuật chất lượng cao hiếm hoi của điện ảnh việt nam nhưng không được công chúng quê nhà đón nhận,Sadness,tác_phẩm nghệ_thuật chất_lượng cao hiếm_hoi của điện_ảnh việt nam nhưng không được công_chúng quê nhà đón_nhận
thực ra em mới đang phải là sự lựa chọn chứ không phải là người được lựa chọn đâu 😌.,Sadness,thực_ra em mới đang phải là sự lựa_chọn chứ không phải là người được lựa_chọn đâu
"per trong vòng 4 tháng chắc anh chụp hơn trăm tấm , huhu , sợ quá 😱😱😱😢😢😢",Fear,per trong vòng 4 tháng chắc anh chụp hơn trăm tấm huhu sợ quá icon_loso icon_loso icon_loso icon_buon icon_buon icon_buon
"tui ở tuy hòa , phú yên mà chả nhận ra luôn .",Sadness,tui ở tuy hòa phú yên mà chả nhận ra luôn
"có ai lần đầu bắn kéo ngược ra phía trước đạn bay vào mặt giống tao không , đau điếng",Sadness,có ai lần đầu bắn kéo ngược ra phía trước đạn bay vào mặt giống tao không đau_điếng
cô gái này thật dễ thương “ anh cứ nhắm mắt làm đại một lần thôi mà “ 😂😂,Enjoyment,cô gái này thật dễ_thương anh cứ nhắm_mắt làm đại một lần thôi mà icon_vui icon_vui
mới ra mà nắm bắt nhanh thế,Other,mới ra mà nắm_bắt nhanh_thế
"chị thích con gái mạnh mẽ , cá tính .",Enjoyment,chị thích con_gái mạnh_mẽ cá_tính
tô ́ tao nhất là chết luôn đi ko chết sau này lại ngáo kéo theo người kha ́ c thì khổ .,Anger,tô ́ tao nhất là chết luôn đi không chết sau_này lại ngáo kéo_theo người kha ́ c thì khổ
cho bỏ cái ngu đậu xe ẩu tả .,Disgust,cho bỏ cái ngu đậu xe ẩu_tả
buôn bỏ nhưng tình cảm ko thuoc về mình nua . bat đầu kiem tiên,Sadness,buôn bỏ nhưng tình_cảm không thuoc về mình nua bat đầu kiem tiên
"thanh diễm giờ tao hiểu tại sao cứ sáng vô là tao trông tới đi về , đầu tuần trông tới cuối tuần và đầu tháng trông tới cuối tháng rồi 🤣🤣🤣🤭",Enjoyment,thanh diễm giờ tao hiểu tại_sao cứ sáng vô là tao trông tới đi về đầu tuần trông tới cuối tuần và đầu tháng trông tới cuối tháng rồi icon_vui icon_vui icon_vui
người gì đâu mà dễ thương quá chờiiiii,Enjoyment,người gì đâu mà dễ_thương quá chời
nhìn mặt nó nhăn nhó khó chịu vãi,Disgust,nhìn mặt nó nhăn_nhó khó_chịu vãi
nhưng sạn quá . ma mà sao lúc đầu có bóng của cánh tay vậy .???,Other,nhưng sạn quá ma mà sao lúc đầu có bóng của cánh_tay vậy
đừng tưởng nó nói yêu mày là yêu mày thật :))),Other,đừng tưởng nó nói yêu mày là yêu mày thật icon_vui
vì những thành phần như bạn mà page cứ phải khoá bình luận cho trong sạch đấy . thật là giông bão 😌,Disgust,vì những thành_phần như bạn mà page cứ phải khoá bình_luận cho trong_sạch đấy thật là giông_bão
thân gửi mấy má bán combo quà độn xốp với mấy cha có ý định tặng 😂😂,Disgust,thân gửi mấy má bán combo quà độn xốp với mấy cha có ý_định tặng icon_vui icon_vui
t đi lộn lớp rồi,Other,tao đi lộn lớp rồi
per la liếm cả ở trong này hả =)),Surprise,per la_liếm cả ở trong này hả
chuẩn bị prayforparis thôi 23 tuần kể từ khi phe áo vàng làm loạn rồi mà vẫn chưa dẹp được .,Sadness,chuẩn_bị prayforparis thôi 23 tuần kể từ khi phe áo vàng làm_loạn rồi mà vẫn chưa dẹp được
ở dơ vãi - _ -,Disgust,ở dơ vãi _
sinh viên năm 3 rồi nhưng vẫn chưa định hướng ra trường làm cái giống gì đây :(,Sadness,sinh_viên năm 3 rồi nhưng vẫn chưa định_hướng ra trường làm cái giống gì đây icon_buon
cái máy nghe nhạc nè,Other,cái máy nghe nhạc nè
ra xong bảo anh ý ship em về nhà luôn được không . xe em bị hỏng mất tiêu rồi =)),Enjoyment,ra xong bảo anh ý ship em về nhà luôn được không xe em bị hỏng mất tiêu rồi
y tế chăm sóc sức khỏe lương nhiều vậy sao,Surprise,y_tế chăm_sóc sức_khỏe lương nhiều vậy_sao
t đu ́ theo thôi :v tao biê ́ tao thư ̀ anh no ́ la ̀ shipper,Enjoyment,tao đu ́ theo thôi v tao biê ́ tao thư ̀ anh no ́ la ̀ shipper
các bác bình luận ở đây cũng có khác gì họ đang ngồi chửi nhà nước không,Disgust,các bác bình_luận ở đây cũng có khác gì họ đang ngồi chửi nhà_nước không
"con nghiệt súc này mỗi lần tao đi đá bóng là 2 vợ chồng nó dí theo cắn bầm hết chân , thứ này thù dai kinh khủng , chiều nào nó cũng khởi động cho tao trước khi đá bóng ... con mẹ nó giờ tao lớn rồi , tay nghề nấu nướng cũng không tệ gặp mà dí theo là xác định tao quay nó vàng ương luôn =]]",Enjoyment,con nghiệt súc này mỗi lần tao đi đá bóng là 2 vợ_chồng nó dí theo cắn bầm hết chân thứ này thù dai kinh_khủng chiều nào nó cũng khởi_động cho tao trước khi đá bóng con_mẹ nó giờ tao lớn rồi tay_nghề nấu_nướng cũng không tệ gặp mà dí theo là xác_định tao quay nó vàng ương luôn
nấu kiểu này ngon lắm luôn 😋😋,Enjoyment,nấu kiểu này ngon lắm luôn icon_vui icon_vui
per thích quáaaaa,Enjoyment,per thích quáa
mấy ai chứng minh được điều đó 😍,Other,mấy ai chứng_minh được điều đó icon_vui
thằng ben thật tội nghiệp,Sadness,thằng ben thật tội_nghiệp
yêu quá nè nè,Enjoyment,yêu quá nè nè
có ai như tao không . chả thích đi đền chùa vì nhiều lí do ??,Other,có ai như tao không chả thích đi đền chùa vì nhiều lí_do
tiền bạc là phù du ... nhiêu đó cho luôn 😂😂😂😂😂,Other,tiền_bạc là phù_du nhiêu đó cho luôn icon_vui icon_vui icon_vui icon_vui icon_vui
mong anh có thể đạt được ước mơ của mình .... cố lên,Enjoyment,mong anh có_thể đạt được ước_mơ của mình cố lên
ai muốn đi thái hè này với tôiii nào cũng chim ưng phết đấyy :))),Enjoyment,ai muốn đi thái hè này với tôi nào cũng chim ưng phết đấyy icon_vui
má nó điên đến mức này rồi à,Disgust,má nó điên đến mức này rồi à
muối nhà mày mua chỗ khác rồi hay s thiếu mặn z :)),Disgust,muối nhà mày mua chỗ khác rồi hay sao thiếu mặn gì icon_vui
con gái con đứa thứ gì vô duyên không mặc cả quần lót,Disgust,con_gái con đứa thứ gì vô_duyên không mặc_cả quần_lót
bếp dầu chứ có gì mà không biết,Other,bếp dầu chứ có gì mà không biết
uiiiii hay vì n đổ ra sàn mà n đổ đầy mồm thì pheee,Enjoyment,ui hay vì n đổ ra sàn mà n đổ đầy mồm thì phe
ngáo ... là có thật luôn này,Surprise,ngáo là có thật luôn này
tao đã bị nó làm cho lầm tưởng rồi . tao thật ngu ngốc - _ -,Sadness,tao đã bị nó làm cho lầm tưởng rồi tao thật ngu_ngốc _
cái kết xàm lông thiệt :)),Disgust,cái kết xàm lông thiệt icon_vui
bọn nè phạt nặng .,Anger,bọn nè phạt nặng
đẹp trai thật .,Enjoyment,đẹp_trai thật
tao thấy buồn cười vãi :)),Enjoyment,tao thấy buồn_cười vãi icon_vui
không pha ̉ i ki ̀ thi ̣ ma ̀ gơ ́ mày vãi,Disgust,không pha ̉ i ki ̀ thi ̣ ma ̀ gơ ́ mày vãi
mấy góc cầu bị bể là thành quả của mấy đứa mập chân ngắn để lại à ....,Other,mấy góc cầu bị bể là thành_quả của mấy đứa mập chân ngắn để lại à
lũ bảo vệ nhìn vô dụng nhỉ :v quanh đó có gì xảy ra còn del biết thì làm bảo vệ làm cái gì ?,Disgust,lũ bảo_vệ nhìn vô_dụng nhỉ v quanh đó có gì xảy ra còn del biết thì làm bảo_vệ làm cái gì
"trải qua một cuộc bể dâu , rồi bể ong ???? lót dép hóng :v",Enjoyment,trải qua một cuộc bể_dâu rồi bể ong lót dép hóng v
per chắc tao nên làm quả móng chân xoắn ốc dài nhất thế giới :))),Other,per chắc tao nên làm quả móng chân xoắn_ốc dài nhất thế_giới icon_vui
tui nhớ anh quá à :(((,Sadness,tui nhớ anh quá à icon_buon
"per ít bửa đi coi , trailer thấy hấp dẫn quá",Enjoyment,per ít bửa đi coi trailer thấy hấp_dẫn quá
ai cũng vậy thôi con rắn mình đánh nó thì nó chạy chứ làm quá thì nó cũng quay đầu lại cắn . đó là quy luật cuộc sống . đừng thấy tao im mà làm tới,Disgust,ai cũng vậy thôi con rắn mình đánh nó thì nó chạy chứ làm quá thì nó cũng quay đầu lại cắn đó là quy_luật cuộc_sống đừng thấy tao im mà làm_tới
mang anh này về nhà luôn được không 😻,Enjoyment,mang anh này về nhà luôn được không
cả tuổi trẻ bỏ công cày . có cơ ngơi ổn định . r về già con cháu đuổi ra đường bắt đầu 2 bàn tay trắng . đời 😅😅,Sadness,cả tuổi_trẻ bỏ công cày có cơ_ngơi ổn_định rồi về già con_cháu đuổi ra đường bắt_đầu 2 bàn_tay_trắng đời icon_vui icon_vui
"chỉ cần đủ quan trọng , họ sẽ làm tất cả những gì bạn thấy vui .",Other,chỉ cần đủ quan_trọng họ sẽ làm tất_cả những gì bạn thấy vui
thì nhìn đám học sinh trong lớp là biết cô dạy kiểu gì rồi đấy .,Disgust,thì nhìn đám học_sinh trong lớp là biết cô dạy kiểu gì rồi đấy
hiện tại mình chưa người yêu bạn nam nào chưa có người yêu thì lo cua mình đi nhá đến khi mình có người yêu rồi thì đừng hối hận đấy huhu,Sadness,hiện_tại mình chưa người_yêu bạn nam nào chưa có người_yêu thì lo cua mình đi nhá đến khi mình có người_yêu rồi thì đừng hối_hận đấy huhu
cứ thấy cute cưng cưng sao á .... có ai thấy giống per như tao không ??,Enjoyment,cứ thấy cute cưng cưng sao á có ai thấy giống per như tao không
???? tpbank đang ở đâu thế kia ?? sao lương mình thế này ...,Surprise,tpbank đang ở đâu thế kia sao lương mình thế này
má thằng phi đen có gấu ngon phết ... vậy mà nó nở lòng bỏ con ta chạy trước ... tao đéo bít bao công mà lấy bạch tuyến đẻ ra cái gióng gì nửa ...,Disgust,má thằng phi đen có gấu ngon phết vậy_mà nó nở lòng bỏ con ta chạy trước tao đéo bít bao công mà lấy bạch_tuyến đẻ ra cái gióng gì nửa
"per :))) tuy anh hay bắt nạt , giấu đồ và ăn bòn đồ ăn của em nhưng nếu thiếu anh thì công việc sẽ trở nên căng thẳng phết đó 😭",Sadness,per icon_vui tuy anh hay bắt_nạt giấu đồ và ăn bòn đồ ăn của em nhưng nếu thiếu anh thì công_việc sẽ trở_nên căng_thẳng phết đó icon_buon
"lúc đầu còn tưởng quảng cáo rạp chiếu phim , pr về mức độ đầu tư của rạp phim , ai ngờ =))",Surprise,lúc đầu còn tưởng quảng_cáo rạp chiếu_phim pr về mức_độ đầu_tư của rạp phim ai_ngờ
"chửi nhau , ghét nhau , nói xấu nhau dcm",Anger,chửi nhau ghét nhau nói_xấu nhau chửi_thề
còn quá nhiều mảnh đời bất hạnh ☹️,Sadness,còn quá nhiều mảnh đời bất_hạnh
"chúng ta hầu như ai cũng dùng đôi mắt bao dung để nhìn một người xa lạ , mà đối với người thân bên cạnh lại chỉ nhìn thấy khuyết điểm mà thôi ..",Sadness,chúng_ta hầu_như_ai cũng dùng đôi mắt bao_dung để nhìn một người xa_lạ mà đối_với người_thân bên cạnh lại chỉ nhìn thấy khuyết_điểm mà thôi
bằng tuổi người ta mình vẫn còn mải nghĩ chiều nay ăn gì 😢,Sadness,bằng tuổi người_ta mình vẫn còn mải nghĩ chiều nay ăn gì icon_buon
"cái công ty thực phẩm cung cấp cho các trường mầm non thật quá độc ác . vì lợi ích cá nhân mà ảnh hưởng khủng khiếp tới các em . quá dã man . các người gây nên hoạ thì mai này đời con đời cháu sẽ phải gánh nghiệp đó thôi . gieo nhân nào gặt quả ấy , đừng tưởng bây giờ sống nhé nhỉ thế là không sao . đời còn dài lắm",Other,cái công_ty thực_phẩm cung_cấp cho các trường mầm_non thật quá độc_ác vì lợi_ích cá_nhân mà ảnh_hưởng khủng_khiếp tới các em quá dã_man các người gây nên hoạ thì mai này đời con đời cháu sẽ phải gánh nghiệp đó thôi gieo nhân nào gặt quả ấy đừng tưởng bây_giờ sống nhé nhỉ thế_là không sao đời còn dài lắm
hãy xử tù chung thân bọn người mất nhân tính gây ra nghiệp chướng này,Anger,hãy xử tù chung_thân bọn người mất nhân_tính gây ra nghiệp_chướng này
anh chân thành nên anh tổn thương :((,Sadness,anh chân_thành nên anh tổn_thương icon_buon
mấy ai hiểu được ý nghĩa mà cứ chửi như đúng rồi :)))),Anger,mấy ai hiểu được ý_nghĩa mà cứ chửi như đúng rồi icon_vui
dàn lông chân =))))),Other,dàn lông chân
vâng ah nên em cũng sợ quá mà :-),Fear,vâng à nên em cũng sợ quá mà
mấy thằng ranh con đéo có não,Anger,mấy thằng ranh_con đéo có não
nguy hiểm vãi chưởng luôn ý,Fear,nguy_hiểm_vãi chưởng luôn ý
thức ăn cho chó lúc nào cũng ngon :))))))))))),Enjoyment,thức_ăn cho chó lúc_nào cũng ngon icon_vui
úi giời khiếp quá !!!!,Fear,úi giời khiếp quá
tiên sư cái thằng ghép nhạc cười rớt mồm quả ghép,Enjoyment,tiên_sư cái thằng ghép nhạc cười rớt mồm quả ghép
giờ thì hiểu sao giáo dục liên tục dính phốt rồi hén .,Disgust,giờ thì hiểu sao giáo_dục liên_tục dính phốt rồi hén
bật lửa thời chưa được thu nhỏ,Other,bật_lửa thời chưa được thu nhỏ
vì người dưng mãi là người dưng,Other,vì người_dưng mãi là người_dưng
chỉ vì lợi nhuận .. mất hết tính người . thương các bé,Anger,chỉ vì lợi_nhuận mất hết tính người thương các bé
per nhớ hội chị em vinmec quá :((,Sadness,per nhớ hội chị_em vinmec quá icon_buon
nhìn con mắt thấy đau đớn . tội em quá ????,Sadness,nhìn con mắt thấy đau_đớn tội em quá
per nguy hiểm quá mày ơi 😩😩,Fear,per nguy_hiểm quá mày ơi
chắc là vì em .. đi lấy chồng 😥,Sadness,chắc là vì em đi lấy chồng icon_loso
chạy ngay đi 😒 trước khi bọn chủ tịch vào đây và giả làm con cặc gì đó rồi bị coi thường và chúng mày phải nhận cái kết đấy !!,Fear,chạy ngay đi icon_chankhet trước khi bọn chủ_tịch vào đây và giả làm con cặc gì đó rồi bị coi_thường và chúng_mày phải nhận cái kết đấy
thằng này con nhà cán bộ hay sao mà rớ con nhỏ này mà vẫn chưa đi tù ????,Disgust,thằng này con nhà cán_bộ hay sao mà rớ con nhỏ này mà vẫn chưa đi tù
nói thì hay lắm 🙂 cuộc sống đâu phải được như mong muốn,Disgust,nói thì hay lắm icon_vui cuộc_sống đâu phải được như mong_muốn
hẳn là không biết nhắn gì :)). thế thôi dẹp mẹ đi,Disgust,hẳn là không biết nhắn gì icon_vui thế thôi dẹp mẹ đi
"t cu ̃ người cu ̀ người nghê ̀. theo kinh nghiê ̣ mày thi ̀ thâ ́ y top như ̃ người kha ́ ch ơ ̉ vô y ́ thư ́ c nhâ ́ tao la ̀ trung quô ́ c , â ́ n đô ̣ va ̀ đương nhiên co ́ ca ̉ viê ̣ tao nam - _ - biê ́ tao co ́ người na ̀ y người kia nhưng khi đi ̉ ti ̀ nh tra ̣ người diê ̃ n ra qua ́ nhiê ̀ u thi ̀ người ta se ̃ đa ́ nh gia ́ ca ̉ 1 nê ̀ n văn ho ́ anh .",Disgust,tao cu ̃ người cu ̀ người nghê ̀ theo kinh nghiê ̣ mày thi ̀ thâ ́ y top như ̃ người kha ́ chưa ơ ̉ vô y ́ thư ́ c nhâ ́ tao la ̀ trung quô ́ c â ́ n đô ̣ va ̀ đương_nhiên co ́ ca ̉ viê ̣ tao nam _ biê ́ tao co ́ người na ̀ y người kia nhưng khi đi ̉ ti ̀ nh tra ̣ người diê ̃ n ra qua ́ nhiê ̀ u_thi ̀ người_ta se ̃ đa ́ nh gia ́ ca ̉ 1 nê ̀ n văn ho ́ anh
per tập gym đi mày có người yêu đấyyyy =))))),Enjoyment,per tập gym đi mày có người_yêu đấy
là gì nhỉ ???,Other,là gì nhỉ
"giờ bà già lắm rồi , nhổ sợ hết tóc , nghĩ tao lại thấy buồn quá 😞😞",Sadness,giờ bà_già lắm rồi nhổ sợ hết tóc nghĩ tao lại thấy buồn quá icon_buon icon_buon
chuyện buồn quá chúng mày à . tao không dám đọc sợ làm quyết tâm có người yêu của tao lung lay 🙄,Fear,chuyện buồn quá chúng_mày à tao không dám đọc sợ làm quyết_tâm có người_yêu của tao lung_lay icon_chankhet
ngu thì chết ...,Anger,ngu thì chết
không phải bồ tao chớ bồ tao thì sống chết tao cũng cho mỗi th mỗi nhát,Anger,không phải bồ tao chớ bồ tao thì sống_chết tao cũng cho mỗi th mỗi nhát
chị là người khó hiểu nhất mà em từng biết đấy,Surprise,chị là người khó hiểu nhất mà em từng biết đấy
lúc đấy là mình mình cũng lắng liền rồi chắc trào nước mắt mất,Sadness,lúc đấy là mình mình cũng lắng liền rồi chắc trào nước_mắt mất
"per chế sợ nó hơn sợ chó , nhớ hồi nhỏ đang đánh răng nó rượt mà cầm ca , bàn chảy , miệng thì đầy kem vừa chạy vừa khóc như con chó",Other,per chế sợ nó hơn sợ chó nhớ hồi nhỏ đang đánh răng nó rượt mà cầm ca bàn chảy miệng thì đầy kem vừa chạy vừa khóc như con chó
kiểu cá tính nét đẹp mang nàn gió mới . chứ không phải nét đẹp công nghiệp đại trà .!,Other,kiểu cá_tính nét đẹp mang nàn gió mới chứ không phải nét đẹp công_nghiệp đại_trà
khi bạn đặt quá nhiều niềm tin vào người khác,Other,khi bạn đặt quá nhiều niềm tin vào người khác
ngày trước nấu cơm . đun rơm . đốt được hơn 10p mới nhớ ra chưa cho nước . hỏng cả nổi cơm huhu,Sadness,ngày trước nấu cơm đun rơm đốt được hơn 10p mới nhớ ra chưa cho nước hỏng cả nổi cơm huhu
tạm biệt ông cám ơn tất cả những gì ông đã làm cho vn,Enjoyment,tạm_biệt ông cám_ơn tất_cả những gì ông đã làm cho vn
và chúng nó cũng ngáo hơn lũ con trai :),Disgust,và chúng_nó cũng ngáo hơn lũ con_trai icon_vui
em cũng thắc mắc tại răng khúc xương tư tao nhỉ ? xong nó lại tự to lên được nó nhờ lực gì rứa,Surprise,em cũng thắc_mắc tại răng khúc xương tư tao nhỉ xong nó lại tự to lên được nó nhờ lực gì rứa
"ngu bỏ mẹ ... làm giàu cho bọn bán vàng thì có , trước mắt thần tài đến các tiệm vàng , còn mấy thằng mua , thần tài chưa thấy đâu vì vài ngày sau vàng sẽ tụt giá chắc chắn sẽ lỗ mẹ nó rồi ..( lỗ 3 cái : giá tụt , giá mua vào và tiền công nếu là vàng thời trang ) - còn cái kiểu chơi bời không lo làm ăn , chỉ có làm biếng mà hàng tháng cứ cầm 3 cây nhang khấn vái thần tài mong tài lộc tới thì có cái lol ý ..",Disgust,ngu bỏ_mẹ làm_giàu cho bọn bán vàng thì có trước_mắt_thần_tài đến các tiệm vàng còn mấy thằng mua thần_tài chưa thấy đâu vì vài ngày sau vàng sẽ tụt giá chắc_chắn sẽ lỗ mẹ nó rồi lỗ 3 cái giá tụt giá mua vào và tiền công nếu là vàng thời_trang còn cái kiểu chơi_bời không lo làm_ăn chỉ có làm_biếng mà hàng tháng cứ cầm 3 cây nhang khấn_vái thần_tài mong tài_lộc tới thì có cái lol ý
per bố mày nhắn tin rồi cái con cặc gì mày cũng cho thằng em mày xem,Anger,per bố mày nhắn_tin rồi cái con cặc gì mày cũng cho thằng em mày xem
"có vẻ coi lòng tự trọng , nhân cách , và tinh thần của người ta rẻ mạt ... ngồi tù 7 năm đáp lại 1 lời xin lỗi và 200tr ...😩😩😩",Disgust,có vẻ coi lòng tự_trọng nhân_cách và tinh_thần của người_ta rẻ_mạt ngồi_tù 7 năm đáp lại 1 lời xin_lỗi và 200tr
dễ thương mà,Enjoyment,dễ_thương mà
"nhổ tóc sâu cho bố , hình như được 500đ để mua kẹo dồi 😂",Enjoyment,nhổ tóc_sâu cho bố hình_như được 500đ để mua kẹo dồi icon_vui
mấy đứa con gái chơi với nhiều đứa con trai nghĩ là bình thường nhưng mấy đứa con trai lại nghĩ con đó lẳng lơ,Disgust,mấy đứa con_gái chơi với nhiều đứa con_trai nghĩ là bình_thường nhưng mấy đứa con_trai lại nghĩ con đó lẳng_lơ
"ng nhật giỏi ở chỗ đó ., đây không phải là sự phiền hà mà là một cơ hội .",Enjoyment,người nhật giỏi ở chỗ đó đây không phải là sự phiền_hà mà là một cơ_hội
"ngu thế chờ cho mật ong ngấm xuống đất , rồi đào đất đấy lên chắt kiểu gì cũng được gần đầy :))",Other,ngu thế chờ cho mật_ong ngấm xuống đất rồi đào đất đấy lên chắt kiểu gì cũng được gần đầy icon_vui
bớt ngu để sống tốt hơn,Disgust,bớt ngu để sống tốt hơn
đang tập hát 😶😶 hay thật 😔😔,Enjoyment,đang tập hát hay thật icon_buon icon_buon
dù cậu làm tôi tổn thương mỗi ngày nhưng chả hiểu sao vẫn thương cậu,Sadness,dù cậu làm tôi tổn_thương mỗi ngày nhưng chả hiểu sao vẫn thương cậu
rồi có đi họp lớp không ?,Other,rồi có đi họp lớp không
vì yêu người khác nên biết là ngu nhưng vẫn làm :(,Sadness,vì yêu người khác nên biết là ngu nhưng vẫn làm icon_buon
"bị đánh 1 lần thì hơi sốc , nhưng nhiều lần thì tâm hồn sẽ trở nên mạnh mẽ , cảm xúc nó mới đàn hồi",Other,bị đánh 1 lần thì hơi sốc nhưng nhiều lần thì tâm_hồn sẽ trở_nên mạnh_mẽ cảm_xúc nó mới đàn_hồi
per tiếc cái gì đấy bố nó,Sadness,per tiếc cái gì đấy bố nó
sao bao nhiêu năm kể từ ngày đó em đã không còn nghe lại nữa :((,Sadness,sao bao_nhiêu năm kể từ ngày đó em đã không còn nghe lại nữa icon_buon
"nhà em trong ngõ bác ơi , bác cho ô tô vào vừa thì em cho bác đỗ luôn",Other,nhà em trong ngõ bác ơi bác cho ô_tô vào vừa thì em cho bác đỗ luôn
thả chó rông không rọ mõm cắn người là tội ác,Disgust,thả chó rông không rọ_mõm cắn người là tội_ác
con bé xinh thế ??,Enjoyment,con bé xinh thế
trước khi lấy vợ boss có một thân hình hoàn mĩ thế này đây,Sadness,trước khi lấy vợ boss có một thân_hình hoàn_mĩ thế này đây
đọc cái mà cười rớt cả hàm .... cuộc đọ sức giữa xe lửa và ô tô,Enjoyment,đọc cái mà cười rớt cả hàm cuộc đọ sức giữa xe lửa và ô_tô
cần tìm gấp bạn trai đáng yêuc như anh này trời đất ơi =)),Enjoyment,cần tìm gấp bạn trai đáng yêuc như anh này trời_đất ơi
khi nào tao thấy thích . mà thích rồi chưa có người thích cùng .,Sadness,khi nào tao thấy thích mà thích rồi chưa có người thích cùng
thề dume c còn hết hồn nói chi đến khách =)))) sáng sớm ra mở cửa với tối đóng cửa thôi độ gan dạ cũng phải tăng lên mấy chân kính =)))),Fear,thề dume c còn hết_hồn nói chi đến khách sáng sớm ra mở_cửa với tối đóng_cửa thôi độ gan_dạ cũng phải tăng lên mấy chân_kính
địt mẹ xấu mặt đàn ông quá . đéo hiểu mấy thằng lol này nghĩ nó ngầu chỗ đéo nào nhỉ . bệnh hoạn vãi,Disgust,địt_mẹ xấu mặt đàn_ông quá đéo hiểu mấy thằng lol này nghĩ nó ngầu chỗ đéo nào nhỉ bệnh_hoạn vãi
"chán thật , dạo này hồi xuân hay sao đọc mấy cái kiểu này ấm lòng vãi :(",Sadness,chán thật dạo này hồi_xuân hay sao đọc mấy cái kiểu này ấm lòng vãi icon_buon
thế là hết những gì đẹp nhất của nước pháp sao không phun nước cứ để cháy rần rật nhỉ,Sadness,thế_là hết những gì đẹp nhất của nước pháp sao không phun nước cứ để cháy rần_rật nhỉ
chủ thớt sao xinh gái thế =)),Surprise,chủ thớt sao xinh gái thế
loạn hết rồi,Disgust,loạn hết rồi
"may công an đến bắt chứ không thì dân chỗ đó cho vào nồi cả rồi , đã có người cắt cử nhau đi mua giềng mẻ rồi đó chứ 😆",Enjoyment,may công_an đến bắt chứ không thì dân chỗ đó cho vào nồi cả rồi đã có người cắt_cử nhau đi mua giềng mẻ rồi đó chứ icon_vui
chết rồi thì chôn . xử lý cái quái gì nữa ...,Disgust,chết rồi thì chôn xử_lý cái quái gì nữa
thế là đúng quy trình rồi,Other,thế_là đúng quy_trình rồi
rảnh rỗi không có việc gì làm sinh ra mất tiền,Disgust,rảnh_rỗi không có việc gì làm sinh ra mất tiền
nếu đồng nghiệp của bạn hãm vãi thì cũng nên đăng xuất đi,Disgust,nếu đồng_nghiệp của bạn hãm vãi thì cũng_nên đăng xuất đi
ốm mà xinh thế :3,Enjoyment,ốm mà xinh thế 3
đợi chờ là hạnh phúc mong rằng hai nhà lãnh đạo trong lần gặp nhau sau sẽ tiến triển hơn nữa,Other,đợi_chờ là hạnh_phúc mong rằng hai nhà lãnh_đạo trong lần gặp nhau sau sẽ tiến_triển hơn_nữa
"thứ con gái hư đốn , mày không sợ xã hội dị nghị à",Disgust,thứ con_gái hư_đốn mày không sợ xã_hội dị_nghị à
ăn vải nóng lở hết miệng ra đây này,Sadness,ăn vải nóng lở hết miệng ra đây này
trồi ôi mới đọc tưởng đâu người yêu,Enjoyment,trồi ôi mới đọc tưởng đâu người_yêu
per bị chì chiết từ 6h sang đến 23h phia . vẫn sống vui 😊😉,Enjoyment,per bị chì_chiết từ 6h sang đến 23h phia vẫn sống vui icon_vui icon_vui
ai đó chọc mù mắt tao đi ... mất mẹ tuổi thơ,Anger,ai đó chọc mù mắt tao đi mất mẹ tuổi_thơ
khổ nhất người có bầu,Sadness,khổ nhất người có bầu
trai tài gái sắc .. danh ngôn rồi tài sản chứ tài gì !! 🤣🤣,Enjoyment,trai tài gái sắc danh_ngôn rồi tài_sản chứ tài gì icon_vui icon_vui
per nhớ bột mì chiên huhuhu,Sadness,per nhớ bột mì chiên huhuhu
cho bạn trai uống nước này nhé 😌,Other,cho bạn trai uống nước này nhé
"cô giáo như cái lìn , mà dume đánh con cháu tao ntnay thù từ thằng đánh lẫn đẻ ra đứa đánh bố cũng đập cmm chúng mày hết",Anger,cô_giáo như cái lìn mà dume đánh con_cháu tao ntnay thù từ thằng đánh lẫn đẻ ra đứa đánh bố cũng đập cmm chúng_mày hết
per 🤣🤣🤣 để anh vẽ mình xem thế nào nhé,Other,per icon_vui icon_vui icon_vui để anh vẽ mình xem thế_nào nhé
per học hành cho cố vào rồi mần sao như này đi,Other,per học_hành cho cố vào rồi mần sao như này đi
bộ phim hay nhất từng xem,Enjoyment,bộ phim hay nhất từng xem
rút kinh nghiệm lần sau cứ khách nào kêu tính tiền thì mình checkin phòng liền nếu tình trạng như vậy thì cho nó dọn phòng khi nào sạch thì cho nó về 😀,Disgust,rút kinh_nghiệm lần sau cứ khách nào kêu tính tiền thì mình checkin phòng liền nếu tình_trạng như_vậy thì cho nó dọn phòng khi nào sạch thì cho nó về icon_vui
bất kì hoa gì có mùi đều không thích,Disgust,bất_kì hoa gì có mùi đều không thích
nhìn một cái rồi quay đi là thấy mãn nguyện rồi .,Enjoyment,nhìn một cái rồi quay đi là thấy mãn_nguyện rồi
tuổi thơ của tôi cũng từng có 1 người c . trai bỏ mặc tất cả để bảo vệ tôi 😘😘😘😘,Enjoyment,tuổi_thơ của tôi cũng từng có 1 người c trai bỏ mặc tất_cả để bảo_vệ tôi icon_vui icon_vui icon_vui icon_vui
"năm nào cũng đi cho có không khí xuân vậy , không đi thì thấy thiếu thiếu . nhà tao cách chợ 10km",Enjoyment,năm nào cũng đi cho có không_khí xuân_vậy không đi thì thấy thiếu thiếu nhà tao cách chợ 10km
"mặc kệ người ta bạn ơi , có tiền mua xe đi thì kệ mẹ thiên hạ",Other,mặc_kệ người_ta bạn ơi có tiền mua xe đi thì kệ mẹ thiên_hạ
bé gái đáng yêu quá ??,Enjoyment,bé gái đáng yêu quá
"nhìn là biết sapa rồi , thế cũng đố",Disgust,nhìn là biết sapa rồi thế cũng đố
ước là 1 ngày mai thức dậy dụi mắt mãi chưa hết tuổi thanh xuân =)))),Enjoyment,ước là 1 ngày_mai thức dậy dụi mắt mãi chưa hết tuổi thanh_xuân
nhằm ngày sinh nhật luôn trời ..😂,Surprise,nhằm ngày_sinh_nhật luôn trời icon_vui
"làm pv quán karaoke đi rồi khổ hơn nữa , toilet danh cho nam chỉ đứng tè , vậy mà nỡ lòng nào mấy anh ngồi ỉa 😢 thiệt chứ gặp cái mún khóc lun …",Sadness,làm pv quán karaoke đi rồi khổ hơn nữa toilet danh cho nam chỉ đứng tè vậy_mà nỡ lòng nào mấy anh ngồi ỉa icon_buon thiệt chứ gặp cái mún khóc lun
tao đang chờ xem bà ấy được nghe nhạc ý mà hết video 🤣,Enjoyment,tao đang chờ xem bà ấy được nghe nhạc ý mà hết video icon_vui
xem video nay sao mà sướng hết thằng người,Enjoyment,xem video nay sao mà sướng hết thằng người
bọn bây giống tao không ? chứ ghét mấy đứa troll rớt điện thoại vãi,Disgust,bọn bây giống tao không chứ ghét mấy đứa troll rớt điện_thoại_vãi
"khoảnh khắc anh quay mặt đi , con tim em tan nát vãi ra",Sadness,khoảnh_khắc anh quay mặt đi con tim em tan_nát vãi ra
nó lại làm tao nhớ tới cái mấy con chó ăn hạt dưa ở quán cf đụ đỉ mẹ ăn thì có cái bịch bên cạnh đó cắn bỏ vào bịch thì chết à d . mày cắn xong cứ phun phun xuống đất đã vậy mỗi lần phun là mỗi chỗ khác nhau làm dọn bắt lòi dái nhìn nó phun chỉ muốn đấm cho nó một cái,Anger,nó lại làm tao nhớ tới cái mấy con chó ăn hạt dưa ở quán cf đụ đỉ mẹ ăn thì có cái bịch bên cạnh đó cắn bỏ vào bịch thì chết à d mày cắn xong cứ phun phun xuống đất đã vậy mỗi lần phun là mỗi chỗ khác nhau làm dọn bắt lòi dái nhìn nó phun chỉ muốn đấm cho nó một cái
tất cả đã đều quá hoàn hảo rồi . trừ pha nhảy cuối thôiiii :v,Enjoyment,tất_cả đã đều quá hoàn_hảo rồi trừ pha nhảy cuối thôi v
per con nghĩ cậu nên thử,Other,per con nghĩ cậu nên thử
"ai bảo mèo đực hay đi khỏi nhà chứ quàng thượng nhà tao toàn ngủ , ngủ cả ngày cả đêm , đang ngủ mắc tè xong dậy đi tè rồi vào ngủ tiếp , ngủ hơn heo :vậy",Disgust,ai_bảo mèo đực hay đi khỏi nhà chứ quàng thượng nhà tao toàn ngủ ngủ cả ngày cả đêm đang ngủ mắc tè xong dậy đi tè rồi vào ngủ tiếp ngủ hơn heo vậy
buồn cô lắm,Sadness,buồn cô lắm
nó ốm nhom thương ghê :(,Sadness,nó ốm_nhom thương ghê_icon_buon
"làm bác sĩ sướng thật , bảo cở là cởi , bảo cưới là cưới . lắc đầu cái là cả nhà khóc .",Enjoyment,làm bác_sĩ sướng thật bảo cở là cởi bảo cưới là cưới lắc_đầu cái là cả nhà khóc
như kiểu sắp bị hiếp dâm đến nơi vậy . tế sống luôn mấy thg lol 🙂 dcm,Anger,như kiểu sắp bị hiếp_dâm đến nơi vậy tế sống luôn mấy thg lol icon_vui chửi_thề
giọng chú hơi bị dễ thương nhá :)),Enjoyment,giọng chú hơi bị dễ_thương nhá icon_vui
ngửa thấy mùi là đã thấy kinh rồi,Disgust,ngửa thấy mùi là đã thấy_kinh rồi
ngu cho chết chứ nói con cặc gì,Anger,ngu cho chết chứ nói con cặc gì
vâng chú ah haha,Enjoyment,vâng chú à haha
cặp nay dth ghê luôn 😍,Enjoyment,cặp nay dth ghê luôn icon_vui
cảm động quá hjxhjx,Sadness,cảm_động quá hjxhjx
mày làm anh tao hơi lâu rồi đấy,Disgust,mày làm anh tao hơi lâu rồi đấy
tao không phân biệt được bà nội bà ngoại ??,Other,tao không phân_biệt được bà nội bà ngoại
ích kỉ quá đấy . vỉa vẻ thế kia ra vào vẫn bình thường nhé,Disgust,ích_kỉ quá đấy vỉa_vẻ thế kia ra vào vẫn bình_thường nhé
suy thoái gớm nhỉ :)),Disgust,suy_thoái gớm nhỉ icon_vui
cuộc sống mà mấy ai được trọn vẹn 😢😢,Sadness,cuộc_sống mà mấy ai được trọn_vẹn icon_buon icon_buon
"ngta tạo nên video để giáo dục mấy ba ơi , mấy ba mấy má làm quá",Disgust,người_ta tạo nên video để giáo_dục mấy ba ơi mấy ba mấy má làm quá
biết ngay sẽ chơi cái trò mất dạy này nhưng vẫn kiên trì xem tới cùng để thách thức bản thân có sợ hay không :)),Disgust,biết ngay sẽ chơi cái_trò mất_dạy này nhưng vẫn kiên_trì xem tới cùng để thách_thức bản_thân có sợ hay không icon_vui
cha con y chang nhau 😂 1 khuôn đúc ra,Surprise,cha con y chang nhau icon_vui 1 khuôn đúc ra
giết nó ! làm ám ảnh cả cuộc đời học sinh .,Anger,giết nó làm ám_ảnh cả cuộc_đời học_sinh
"tụi mày có hiểu được cảm giác , muốn bắt chuyện mà không dám bắt không ?? tụi mày có hiểu được cảm giác vờ ngủ gục để nhìn nó không ?? tụi mày đã từng nhìn nó thật kỉ , thật tỉ mỉ chưa ?",Sadness,tụi mày có hiểu được cảm_giác muốn bắt_chuyện mà không dám bắt không tụi mày có hiểu được cảm_giác vờ ngủ gục để nhìn nó không tụi mày đã từng nhìn nó thật kỉ thật tỉ_mỉ chưa
chưa đâu ... nó mang bánh gato vào xong bôi đầy tường mới là cả một rổ của sự hloz,Anger,chưa đâu nó mang bánh gato vào xong bôi đầy tường mới là cả một rổ của sự hloz
ngưỡng mộ quá đi ạ . chúc 2 ac mãi mãi hạnh phúc như này nha :))),Enjoyment,ngưỡng_mộ quá đi ạ chúc 2 ac mãi_mãi hạnh_phúc như này nha icon_vui
ăn 1 đống tiền phạt có 5tr . tội lợi dụng tín ngưỡng để lừa đảo xem chừng nhẹ tội nhỉ .,Disgust,ăn 1 đống tiền phạt có 5tr tội lợi_dụng tín_ngưỡng để lừa_đảo xem_chừng nhẹ tội nhỉ
per đúng chất em lun hâha,Enjoyment,per đúng chất em lun hâha
năm nào chả vậy :))),Enjoyment,năm nào chả vậy icon_vui
thua sự mặt dày của khách nên cho một xíu . :v,Other,thua sự mặt_dày của khách nên cho một xíu v
chuẩn đét . t nghỉ công ty cũ cũng vì đồng nghiệp 😭😭😭,Sadness,chuẩn đét tao nghỉ công_ty cũ cũng vì đồng_nghiệp icon_buon icon_buon icon_buon
"là thằng đàn ông phải có bản lĩnh từ khi còn bé , thay vì hay bắt nạt , quát tháo đàn bà thì hãy là người che chở , yêu thương !!!! mong con zai của mẹ sau này cũng như mấy anh này .!!!",Enjoyment,là thằng đàn_ông phải có bản_lĩnh từ khi còn bé thay_vì hay bắt_nạt quát_tháo đàn_bà thì hãy là người che_chở yêu_thương mong con zai của mẹ sau_này cũng như mấy anh này
cho ngay cốc bia vào mặt . nhố nhăng,Anger,cho ngay_cốc bia vào mặt nhố_nhăng
sau quả sấm sáng cả trời thì gần như toàn khu phố mất điện,Other,sau quả sấm sáng cả trời thì gần như toàn khu_phố mất điện
bà này bị âm đồ từ đêm qua đây mà ...,Other,bà này bị âm đồ từ đêm qua đây mà
chỉ đi đường quen thôi ! đường nào lạ chỉ ngồi sau thôi =)),Other,chỉ đi đường quen thôi đường nào lạ chỉ ngồi sau thôi
"tát cho phát , đêm hôm mất con mẹ nó ngủ . ??",Anger,tát cho phát đêm hôm mất con_mẹ nó ngủ
xem xong tôi cảm thấy còn u ám hơn :)),Sadness,xem xong tôi cảm_thấy còn u_ám hơn icon_vui
đó là khi bạn làm cho hãng hoặc công tình yêu lớn tầm cở .... chứ quảng lý mấy shop quần áo có cái lol mà được 30tr :)),Disgust,đó là khi bạn làm cho hãng hoặc công tình_yêu lớn tầm cở chứ quảng lý mấy shop quần_áo có cái lol mà được 30tr icon_vui
gớm vãi :))),Disgust,gớm vãi icon_vui
đi bao xa mới thoát đựoc kiếp không có người yêu ? :<,Sadness,đi bao_xa mới thoát đựoc kiếp không có người_yêu icon_buon
con lai xinh phết ??????,Enjoyment,con lai xinh phết
đây đây thiệt là hãm,Disgust,đây đây thiệt là hãm
đm lừa đảo hằng năm cả trăm tỉ . giờ phạt có 5 triệu :))) chán vãi,Sadness,chửi_thề lừa_đảo hằng năm cả trăm tỉ giờ phạt có 5 triệu icon_vui chán vãi
ở đâu cho tao làm vớiiiiii,Enjoyment,ở đâu cho tao làm với
"biết chỉ là phim thôi , xem con bé hôn bố lần cuối nước mắt tự rơi , híc híc",Sadness,biết chỉ là phim thôi xem con bé hôn bố lần cuối nước_mắt tự rơi híc híc
chưa bao giờ b đến đích là gì cả,Sadness,chưa bao_giờ b đến đích là gì cả
lũ này cho nghỉ việc thay người khác còn bao nhiêu người đi xin việc kìa xử phạt rhì trẻ cũng đã ăn rồi lũ mất nhân tính,Anger,lũ này cho nghỉ_việc thay người khác còn bao_nhiêu người đi xin việc kìa xử_phạt rhì trẻ cũng đã ăn rồi lũ mất nhân_tính
hmmmmmmm não tao xoắn mẹ rồi,Other,hm não tao xoắn mẹ rồi
"chẳng bao giờ nhà bếp nó nấu đồ ngon cả , toàn thiu thối hoặc kém chất lượng nó mua về làm mới có lãi . trước làm với nhật nó còn bắt làm cho nó như cho công nhân ăn thì thời gian đầu được , đến khi đổi giám đốc là đéo nuốt nổi nữa",Disgust,chẳng bao_giờ nhà_bếp nó nấu đồ ngon cả toàn thiu thối hoặc kém chất_lượng nó mua về làm mới có lãi trước làm với nhật nó còn bắt làm cho nó như cho công_nhân ăn thì thời_gian đầu được đến khi đổi giám_đốc là đéo nuốt nổi nữa
khuôn mặt đậm chất giải trí 🙂,Enjoyment,khuôn_mặt đậm chất giải_trí icon_vui
moá nhìn rùng hết cả mình,Fear,moá nhìn rùng hết cả mình
em tìm link phim mà sao nó ra phim khác chứ không phải phim này zay mọi người 😞,Sadness,em tìm link phim mà sao nó ra phim khác chứ không phải phim này zay mọi người icon_buon
5tr phạt làm cái lồng gì . phạt 500tr tội sỉ nhục lăng mạ người khác,Disgust,5tr phạt làm cái lồng gì phạt 500tr tội sỉ_nhục lăng_mạ người khác
bà ta đâu cư xử như 1 người vợ đâu !,Other,bà ta đâu cư_xử như 1 người vợ đâu
per =))))) hahaaaa,Enjoyment,per haha
má ơi đây chính là thứ ám ảnh nhất cuộc đời con . kẻ thù 😢😢😢,Fear,má ơi đây chính là thứ ám_ảnh nhất cuộc_đời con kẻ_thù icon_buon icon_buon icon_buon
"đúng rồi , ngưng ảo tưởng",Disgust,đúng rồi ngưng ảo_tưởng
"chời , dễ thương quá",Enjoyment,chời dễ_thương quá
tuổi thơ tôi bị ám ảnh mấy con ngỗng này . mấy con màu xám cứ mỗi lần đi học ngang qua ngõ nhà hàng xóm là nó đuổi . tao lại chạy thục mạng . cứ phải đắn đo mỗi lần qua đó xem có chúng nó không rồi ù chạy như ma đuổi . haizz tuổi thơ tôi ....,Fear,tuổi_thơ tôi bị ám_ảnh mấy con ngỗng này mấy con màu xám cứ mỗi lần đi học ngang qua ngõ nhà hàng_xóm là nó đuổi tao lại chạy thục_mạng cứ phải đắn_đo mỗi lần qua đó xem có chúng_nó không rồi ù chạy như ma_đuổi haizz tuổi_thơ tôi
anh em để tao hưởng trước nào,Enjoyment,anh_em để tao hưởng trước nào
bán hàng online hồi năm cấp 3 :))) tháng hè ấy đi quanh hạnh phúc để giao hàng với bố . được lãi 4 tr :)))),Enjoyment,bán hàng online hồi năm cấp 3 icon_vui tháng hè ấy đi quanh hạnh_phúc để giao hàng với bố được lãi 4 tr icon_vui
ý thức kém quá ☹☹,Disgust,ý_thức kém quá
"bọn phục vụ nhà bếp toàn là chó , chó mới ăn thịt thúi bẩn như vậy .",Disgust,bọn phục_vụ nhà_bếp toàn là chó chó mới ăn thịt thúi bẩn như_vậy
đấy . người ta làm những video ý nghĩa . chứ không phải ba cái video xàm nhảm như cái đéo gì cũng cái kết . xàm .,Disgust,đấy người_ta làm những video ý_nghĩa chứ không phải ba cái video xàm nhảm như cái đéo gì cũng cái kết xàm
thần tài cho chủ cửa hàng bán vàng chứ thần tài gì mình đâu,Other,thần_tài cho chủ cửa_hàng bán vàng chứ thần_tài gì mình đâu
"hiện tại mình cần tìm người yêu , bạn nữ nào chưa có chồng hay chưa người yêu thì bình luận bên dưới để mình lựa một bạn may mắn nhất nhé :)))",Enjoyment,hiện_tại mình cần tìm người_yêu bạn nữ nào chưa có chồng hay chưa người_yêu thì bình_luận bên dưới để mình lựa một bạn may_mắn nhất nhé icon_vui
lỡ bị tào tháo rượt mà cái wc bên kia thì nhảy thế nào nhỉ,Other,lỡ bị tào tháo rượt mà cái wc bên kia thì nhảy thế_nào nhỉ
"ra chỗ sóng không táp vào mà ghi , xem mà ức chế vãi :))",Anger,ra chỗ sóng không táp vào mà ghi xem mà ức_chế vãi icon_vui
chòi má nói chuyện tình vãi =)))),Enjoyment,chòi má nói_chuyện tình vãi
con gái hay ảo tưởng như vậy lắm 😌,Sadness,con_gái hay ảo_tưởng như vậy lắm
nó cười mắc ỉa môi thì zoe lại lùn xấu vãi lại còn gầy nữa chứ haizz,Disgust,nó cười mắc ỉa môi thì zoe lại lùn xấu vãi lại còn gầy nữa chứ haizz
không phải không thích mà bản thân chưa đủ tốt để sánh vai . phải chi anh có thể đợi em khôn lớn !,Sadness,không phải không thích mà bản_thân chưa đủ tốt để sánh_vai phải chi anh có_thể đợi em khôn_lớn
ông tóc ngắn ngắn cam cam tên gì vậy ạ ?,Other,ông tóc ngắn ngắn cam cam tên gì vậy ạ
tiên sư bố nhà mày . tao chịu hết nổi rồi nhé 🤤,Anger,tiên_sư bố nhà mày tao chịu hết nổi rồi nhé
đm ngu . cái nồi cơm điện chứ gì .,Anger,chửi_thề ngu cái nồi cơm_điện chứ gì
sai rồi nhá . có những thứ cha mẹ không có nhưng vì con họ vẫn cố gắng để có được nó,Other,sai rồi nhá có những thứ cha_mẹ không có nhưng vì con họ vẫn cố_gắng để có được nó
hú hồn con chồn chạy ngang 😑,Fear,hú_hồn con chồn chạy ngang
khi bạn bỗng nhiên nhận ra rằng có những bài hát phù hợp với từng khoảnh khắc riêng bên người đó :),Surprise,khi bạn bỗng_nhiên nhận ra rằng có những bài hát phù_hợp với từng khoảnh_khắc riêng bên người đó icon_vui
mỗi lần về quê mà sắp sửa đi qua chuồng ngỗng tao phải cầm cây chổi lông gà mới đi được đấy dume . quơ quơ vòng vòng cho mấy đĩ ngỗng né xa ra rồi chạy thụt lol luôn :=]]]],Fear,mỗi lần về quê mà sắp_sửa đi qua chuồng ngỗng tao phải cầm cây chổi lông gà mới đi được đấy dume quơ quơ vòng_vòng cho mấy đĩ ngỗng né xa ra rồi chạy thụt lol luôn
tao ghét và tao sợ nó,Fear,tao ghét và tao sợ nó
bán thì bán đi còn bảo bố mày bất hạnh . đéo thèm mua nữa 😑,Anger,bán thì bán đi còn bảo bố mày bất_hạnh đéo thèm mua nữa
lâu lắm rồi mới nge lại bài này ... vẫn thấy hay như ngày nào ...,Enjoyment,lâu lắm rồi mới nge lại bài này vẫn thấy hay như ngày nào
chị ấy được đào tạo qua lớp người nhện bắn tơ nên không biết sợ 😂😂😂,Enjoyment,chị ấy được đào_tạo qua lớp người nhện bắn tơ nên không biết sợ icon_vui icon_vui icon_vui
1 từ ( nhạt )🙂,Disgust,1 từ nhạt icon_vui
"có mồm để làm gì ? hay chỉ để cãi nhau , la hét ?",Disgust,có mồm để làm gì hay chỉ để cãi nhau la_hét
hồi đó khoái cái này lắm,Enjoyment,hồi đó khoái cái này lắm
giọng anh khi mặc bộ záy màu hường thật kinh dị,Disgust,giọng anh khi mặc bộ záy màu hường thật kinh_dị
mày tin tao nhai đầu mày không,Anger,mày tin tao nhai đầu mày không
"yeahh , được mở lại fan cứng rồi =)))",Enjoyment,yeahh được mở lại fan cứng rồi
"per mất mặt thật sự , quán bún đậu đó không biết có dán mặt mày lên không",Disgust,per mất_mặt thật_sự quán bún đậu đó không biết có dán mặt_mày lên không
có đứa nào xem mà thèm đi biển như tao không ?,Enjoyment,có đứa nào xem mà thèm đi biển như tao không
tài năng cho làng đua xe đạp tương lai là đây chứ đâu ✌✌,Enjoyment,tài_năng cho làng đua xe_đạp tương_lai là đây chứ đâu
"các bạn xem phim cậu bé đặc biệt , luôn nhé . phim có diển viên này tham gia nói về cách giáo dục con cái cực hay . chúc các bạn xem phim vui vẻ",Enjoyment,các bạn xem phim cậu bé đặc_biệt luôn nhé phim có diển viên này tham_gia nói về cách giáo_dục con_cái cực hay chúc các bạn xem phim vui_vẻ
"per đọc vài dòng là lướt xuống cuối để xem có phải "" hi vọng câu chuyện mình vừa bịa ra ...."" nhưng không phải . kkk",Enjoyment,per đọc vài dòng là lướt xuống cuối để xem có phải hi_vọng câu_chuyện mình vừa bịa ra nhưng không phải k
đây là câu khuyến mại điểm :),Enjoyment,đây là câu khuyến_mại điểm icon_vui
nghe lại bài này thấy chột dạ vãi,Sadness,nghe lại bài này thấy chột_dạ vãi
"nói chung thánh này không ai ghét được , trừ hlv kkk , dễ thương gắp trăm thằng pogba ,,, mong cho thằng đó nhanh biến khỏi mu",Enjoyment,nói_chung thánh này không ai ghét được trừ hlv k dễ_thương gắp trăm thằng pogba mong cho thằng đó nhanh biến khỏi mu
đi chơi xong về cũng buồn như chó cắn tiếp thôi,Sadness,đi chơi xong về cũng buồn như chó cắn tiếp thôi
haha mắc cười quá ... nhưng thật chúng mày là tao rất sợ rắn ...,Fear,haha mắc cười quá nhưng thật chúng_mày là tao rất sợ rắn
dễ thương kinh khủng . bởi vậy mới nói mấy đứa yêu nhau là lầy nhất,Enjoyment,dễ_thương kinh_khủng bởi_vậy mới nói mấy đứa yêu nhau là lầy nhất
tây cũng lầy phết,Surprise,tây cũng lầy phết
thanh niên leo lên cao để theo dõi thời tiết để thông báo cho người dân đi cấy thật cảm động,Enjoyment,thanh_niên leo lên cao để theo_dõi thời_tiết để thông_báo cho người dân đi cấy thật cảm_động
bao năm giải phóng như thế này phải không anh,Other,bao năm giải_phóng như thế này phải không anh
vẫn nhớ ngày đầu . lần đầu em có cảm giác được che chở như vậy :))),Enjoyment,vẫn nhớ ngày đầu lần đầu em có cảm_giác được che_chở như vậy icon_vui
"cưỡng hôn thì phạt 200 . lừa đảo , chiếm đoạt phạt nhằng 5 cu ( củ ).",Disgust,cưỡng_hôn thì phạt 200 lừa_đảo chiếm_đoạt phạt nhằng 5 cu củ
bà mẹ nó @@ xem rùng con mẹ nó mình hơn cả phim ma .,Fear,bà mẹ nó xem rùng con_mẹ nó mình hơn cả phim ma
"mình nhận thấy hình như ông ấy đang rất đau khổ , mà không thể or không muốn nói ra .",Sadness,mình nhận thấy hình_như ông ấy đang rất đau_khổ mà không_thể or không muốn nói ra
coi ảnh này nổi cả gai ốc,Fear,coi ảnh này nổi cả gai_ốc
tao cười ỉa cho cái bọn ấy :))),Enjoyment,tao cười ỉa cho cái bọn ấy icon_vui
"đúng rồi đấy , như thế là đang mắc chứng ảo tưởng sức mạnh",Disgust,đúng rồi đấy như thế_là đang mắc chứng ảo_tưởng sức_mạnh
sừng mọc hồi nào không hay,Other,sừng mọc hồi nào không hay
câu này thấy sai sai,Other,câu này thấy sai sai
não bằng đá . không cần phải đội nón,Other,não bằng đá không cần phải đội nón
các bạn đéo biết được đâu vì các bạn đbh gặp thì lsao các bạn biết được mấy con mụ già đi mất dạy như thế nào . đm cậy mình già là muốn đi thế đéo nào cũng được ý . đi sai xong chửi người ta mới vãi chứ dume có ngày đâm vào người ta chết có ngày ở đấy mà già mồm . cứ kêu người ta lớn tuổi hơn phải thế này tno nhưng có lớn mà đéo có học thì cũng đéo là cái gì,Disgust,các bạn đéo biết được đâu vì các bạn đbh gặp thì lsao các bạn biết được mấy con mụ già đi mất_dạy như thế_nào chửi_thề cậy mình già là muốn đi thế đéo nào cũng được ý đi sai xong chửi người_ta mới vãi chứ dume có ngày đâm vào người_ta chết có ngày ở đấy mà già_mồm cứ kêu người_ta lớn_tuổi hơn phải thế này tno nhưng có lớn mà đéo có_học thì cũng đéo là cái gì
"cái thứ 2 mình thấy lạ lòn , bạn gái người ta ăn , quên chỉnh tóc . người ta chỉnh lại tóc dùm bạn gái mắc gì 2 đứa nó thái độ 😑😑",Disgust,cái thứ 2 mình thấy lạ lòn bạn gái người_ta ăn quên chỉnh tóc người_ta chỉnh lại tóc dùm bạn gái mắc gì 2 đứa nó thái_độ
"không chỉ bướng , mà còn rất lười :(",Disgust,không chỉ bướng mà còn rất lười icon_buon
"nói gì , em trai tao cắt tóc xong là tao đè nó ra chụp hình . cảm thấy nó cắt tóc xong là đứa nào chứ không phải em tao =)))))",Enjoyment,nói gì em_trai tao cắt tóc xong là tao đè nó ra chụp hình cảm_thấy nó cắt tóc xong là đứa nào chứ không phải em tao
đáng yêu vãi =))))),Enjoyment,đáng yêu vãi
xạo xạo ... thằng cải suốt ngày bị nó dụ,Disgust,xạo xạo thằng cải suốt ngày bị nó dụ
khi mày dốt ngữ văn nhưng vẫn thích nói những câu đạo con mẹ nó lý,Disgust,khi mày dốt ngữ_văn nhưng vẫn thích nói những câu đạo con_mẹ nó lý
"học luật chưa mà nhắc sai về lí ? :3 , có cái nhà đấy là đường của nhà ông à :))",Disgust,học luật chưa mà nhắc sai về lí 3 có cái nhà đấy là đường của nhà ông à icon_vui
kể mà nó biết cử độg vẫy vẫy nữa thì tuyệt con mẹ nó vời ??????,Other,kể mà nó biết cử độg vẫy vẫy nữa thì tuyệt con_mẹ nó vời
nhện to đến nổi chúng mày giật cả mình à :),Surprise,nhện to đến nổi chúng_mày giật cả mình à icon_vui
cho dân nhậu đi lùa 1 hôm thì đến con tép còn đéo còn nữa là hùm đất :)),Disgust,cho dân nhậu đi lùa 1 hôm thì đến con tép còn đéo còn nữa là hùm đất icon_vui
đù . bọn nuôi chó mà ve còn không bắt được cho nó thì đừng nên nuôi . bực,Anger,đù bọn nuôi chó mà ve_còn không bắt được cho nó thì đừng nên nuôi bực
bản thân quá hạnh phúc khi trong cs này rất . rất nhiều người mơ ước được như mình hiện tại . 😊😊😊,Enjoyment,bản_thân quá hạnh_phúc khi trong cs này rất rất nhiều người mơ_ước được như mình hiện_tại icon_vui icon_vui icon_vui
gà này cho chó ăn mà . bọn mất dậy vì tiền nó giết chết dần chết mòn con nhà nghèo . địt bố bọn mắt dậy,Anger,gà này cho chó ăn mà bọn mất dậy vì tiền nó giết chết dần chết mòn con nhà nghèo địt bố bọn mắt dậy
per cái mặt nhỏ đó gióng em :)) khi nghe tiếng súng,Other,per cái mặt nhỏ đó gióng em icon_vui khi nghe tiếng súng
bài viết đọc rất sướng .,Enjoyment,bài viết đọc rất sướng
dume dăm ba cái đứa lông còn chưa mọc đủ bày đặt thể hiện con cặc gì không biết . thêm bà cô giáo óc chó + lão chủ sân nữa,Anger,dume dăm_ba cái đứa lông còn chưa mọc đủ bày_đặt thể_hiện con cặc gì không biết thêm bà_cô_giáo óc chó lão chủ sân nữa
"ngày xưa tự dưng mình được tận 8 , 75 ư =))))",Surprise,ngày_xưa tự_dưng mình được tận 8 75 ư
gãy tay,Sadness,gãy tay
đợi nốt ván đã =)))))))),Enjoyment,đợi nốt ván đã
"nhớ quá , độ chục năm không đi soi ve rồi :((((",Sadness,nhớ quá độ chục năm không đi soi ve rồi icon_buon
t đã soi gương suốt ngày chỉ để gặp crush và ngắm nụ cười tỏa nắng của nó,Enjoyment,tao đã soi gương suốt ngày chỉ để gặp crush và ngắm nụ cười_tỏa nắng của nó
per hồi đó mua điểm đại học nè 😂😂😂,Enjoyment,per hồi đó mua điểm đại_học nè icon_vui icon_vui icon_vui
dume mất dạy,Anger,dume mất_dạy
nào chàng trai có nhiều tài hãy cho em gục ngã đi nào =)),Enjoyment,nào chàng trai có nhiều tài hãy cho em gục ngã đi nào
nó chỉ là phép lịch sự . ngưng ảo tưởng nha nha,Disgust,nó chỉ là phép lịch_sự ngưng ảo_tưởng nha_nha
đm chạy ra xa mà viết đi 😈,Anger,chửi_thề chạy ra xa mà viết đi
"thằng tàu hoả lái dở , thấy xe đậu thì đánh lái né ra đường ray thi đâu có va chạm hư ô tô",Disgust,thằng tàu_hoả lái dở thấy xe đậu thì đánh lái né ra đường_ray thi đâu có va_chạm hư ô_tô
người ta thôi chứ vợ mình là số 1 . mình chưa bao giờ chê . 😍😍😍,Enjoyment,người_ta thôi chứ vợ mình là số 1 mình chưa bao_giờ chê icon_vui icon_vui icon_vui
"mê chơi lọt cóng nè , nhìn vẻ mặt hp của nó mình cũng thấy vui theo",Enjoyment,mê chơi lọt cóng nè nhìn vẻ mặt hp của nó mình cũng thấy vui theo
"và cứ mỗi lần mày muốn thấy crush cười , mày lại chạy lại cái gương",Enjoyment,và cứ mỗi lần mày muốn thấy crush cười mày lại chạy lại cái gương
kinh dị vãi,Disgust,kinh_dị vãi
mẹ cái lũ thầu nấu ăn cho trẻ con . ai cũng bảo chúng mày nấu 1 năm có có hàng tỉ tiền . mẫu giáo còn hại được thì cấp 1 tha gì .,Anger,mẹ cái lũ thầu nấu_ăn cho trẻ_con ai cũng bảo chúng_mày nấu 1 năm có có hàng tỉ tiền mẫu_giáo còn hại được thì cấp 1 tha gì
per sau này con bư lớn cũng vậy đó mẹ hahaa,Enjoyment,per sau_này con bư lớn cũng vậy đó mẹ hahaa
phim hay vãi ra . đến giờ vẫn thấy mình giống bạn ma nữ quá trời 😂😂😂,Enjoyment,phim hay vãi ra đến giờ vẫn thấy mình giống bạn ma nữ quá trời icon_vui icon_vui icon_vui
per nuôi đi anh còn kịp chả già mất 😂,Enjoyment,per nuôi đi anh còn kịp chả già mất icon_vui
per thông minh là đây chớ đâu,Enjoyment,per thông_minh là đây chớ đâu
t đã cố tình che mặt nhưng vẫn giật mình,Fear,tao đã cố_tình che mặt nhưng vẫn giật_mình
sư tử chứ dễ thương q . q gì,Fear,sư_tử chứ dễ_thương q q gì
"mưa sấp mặt , về đi",Disgust,mưa sấp_mặt về đi
nhìn biến thái kinh khủng .,Disgust,nhìn biến_thái kinh_khủng
tầm tuổi này . họ không còn những áp lực cuộc sống nữa . mà chỉ còn thứ tình cảm gắn bó với họ từ những ngày khó khăn nhất . ngưỡng mộ và ước được chút phúc đức của ông bà,Enjoyment,tầm tuổi này họ không còn những áp_lực cuộc_sống nữa mà chỉ còn thứ tình_cảm_gắn_bó với họ từ những ngày khó_khăn nhất ngưỡng_mộ và ước được chút phúc_đức của ông_bà
sếp như nào nữa còn sếp tôi thì như lònnnnnnn,Disgust,sếp như nào nữa còn sếp tôi thì như lòn
per tao nói rồi nha địt con mẹ mày,Anger,per tao nói rồi nha địt con_mẹ mày
bình tĩnh vô cùng,Other,bình_tĩnh vô_cùng
haha . dễ thương gê 😊😘😘,Enjoyment,haha dễ_thương gê icon_vui icon_vui icon_vui
thiết bị này mua như nào nhỉ,Other,thiết_bị này mua như nào nhỉ
cậu bạn mẫu giáo năm ấy chép bài cho tao để tao khỏi bị thẻ tay giờ đang nơi đâu ???,Sadness,cậu bạn mẫu_giáo năm ấy chép bài cho tao để tao khỏi bị thẻ tay giờ đang nơi đâu
thật là một câu chuyện buồn 😌,Sadness,thật là một câu_chuyện buồn
ng dân biết phải làm sao bệnh chồng bệnh,Sadness,người dân biết phải làm_sao bệnh chồng bệnh
em đừng đi tập gym em nhé . bth em đã mê trai lắm rồi . em mà đi tập nữa chị không biết em như thế nào luôn 😢 per,Fear,em đừng đi tập gym em nhé bth em đã mê trai lắm rồi em mà đi tập nữa chị không biết em như thế_nào luôn icon_buon per
nếu là tao thì nhảy cẩng lên chuẩn mẹ rồi :)) má nhìn trong hình tưởng ma thật ở ngoài đéo biết như lào luôn ớ,Fear,nếu là tao thì nhảy cẩng lên chuẩn mẹ rồi icon_vui má nhìn trong hình tưởng ma thật ở ngoài đéo biết như lào luôn ớ
"con yêu nghiệt , tỏ cái vẻ đáng thương còn ăn vạ =)))",Disgust,con yêu nghiệt tỏ cái_vẻ đáng thương còn ăn_vạ
cuộc tình ngang trái của nhà tớ đây ??,Other,cuộc tình ngang_trái của nhà tớ đây
"thấy bình sữa của em thấy ham quá , chị sinh em bé chả có sữa gì hết .",Sadness,thấy bình sữa của em thấy ham quá chị sinh em bé chả có sữa gì hết
"úi sời , gần chỗ mình này",Enjoyment,úi sời gần chỗ mình này
vừa sếp vừa đồng nghiệp tốt thì đi làm như là đi chơi 💃 bonus 6h chưa hẳn đã muốn về,Enjoyment,vừa sếp vừa đồng_nghiệp tốt thì đi làm như là đi chơi bonus 6h chưa hẳn đã muốn về
"tao toàn thế giận tao tao dỗi lại , lại phải dỗ tao . hahahaha",Enjoyment,tao toàn thế giận tao tao dỗi lại lại phải dỗ tao hahahaha
per vui quá .. đi dạo được ven hồ rồi 🙂,Enjoyment,per vui quá đi dạo được ven hồ rồi icon_vui
per cảm ơn tôi đi . thấy tầm quan trọng của máy chém gió chưa,Enjoyment,per cảm_ơn tôi đi thấy tầm quan_trọng của máy_chém gió chưa
cấm đỗ là việc của công an,Other,cấm đỗ là việc của công_an
"tao ước gì gặp được cái thằng chế ra con xe lead , tao sẽ tán cho nó sấp mặt luôn . 😒 còn video này tao hóng mãi lúc nó so ... mà đéo thấy haha",Anger,tao ước gì gặp được cái thằng chế ra con xe lead tao sẽ tán cho nó sấp_mặt luôn icon_chankhet còn video này tao hóng mãi lúc nó so mà đéo thấy haha
nghe nguồn tao biết được độ chân thực của câu chuyện rồi 😂😂😂,Enjoyment,nghe nguồn tao biết được độ chân_thực của câu_chuyện rồi icon_vui icon_vui icon_vui
"mấy thành phần không chấp hành luật giao thông cứ phải thế này . cơ mà thằng này gà thật , tạt mẹ vào quán nước mà ngồi uống chứ làm gì phải dắt xe khổ thế kia",Disgust,mấy thành_phần không chấp_hành luật giao_thông cứ phải thế này cơ_mà thằng này gà thật tạt mẹ vào quán nước mà ngồi uống chứ làm gì phải dắt xe khổ_thế kia
per giải trí =))),Enjoyment,per giải_trí
< 3 chuyện lạ có thật :))),Enjoyment,3 chuyện lạ có thật icon_vui
cười vô mặt,Enjoyment,cười vô mặt
cuộc sống mà .. ghi không được thì thôi . sao mấy bạn chửi người ta dữ vậy,Other,cuộc_sống mà ghi không được thì thôi sao mấy bạn chửi người_ta dữ_vậy
per kỉ niệm nhất là những ngày trốn học cùng nhau đi xem phim 😂😂😂,Enjoyment,per kỉ_niệm nhất là những ngày trốn học cùng nhau đi xem phim icon_vui icon_vui icon_vui
đau bụng quá ự ự,Sadness,đau bụng quá ự ự
lợi ích của việc giữ vững quan điểm 😄,Enjoyment,lợi_ích của việc giữ vững quan_điểm
thế này mà mày vẫn còn buồn thì ...,Sadness,thế này mà mày vẫn còn buồn thì
thấy mà nhớ lại quá . lúc còn sinh viên . di làm thêm ở quán kara . đm tụi nó tổ chức sinh nhật . rồi bày ra trang trí để tỏ tình . rồi quà bỏ xốp hột không trong đó . vừa xốp . vừa đèn cầy . vừa kim tuyến . bia . đồ ăn đồ . làm buổi có 40k mà dọn đúng là như thèn này chửi . dọn mún lòa lozzz ra lun . ức chế lắm,Disgust,thấy mà nhớ lại quá lúc còn sinh_viên di làm thêm ở quán kara chửi_thề tụi nó tổ_chức sinh_nhật rồi bày ra trang_trí để tỏ_tình rồi quà bỏ xốp hột không trong đó vừa xốp vừa đèn_cầy vừa kim_tuyến bia đồ ăn đồ làm buổi có 40k mà dọn đúng là như thèn này chửi dọn mún lòa loz ra lun ức_chế lắm
sáng nay tao mới thấy 2 con này đi cùng,Other,sáng nay tao mới thấy 2 con này đi cùng
bạn trai tao đéo biết giận dai nên không phải dỗ,Enjoyment,bạn trai tao đéo biết giận dai nên không phải dỗ
tại sao lại phải che mặt vậy,Surprise,tại_sao lại phải che mặt_vậy
án mà cứ xử như vậy thì sao có được lòng dân,Sadness,án mà cứ xử như_vậy thì sao có được lòng dân
thế tao mới quyết tâm tìm ra facebook thật của nó để no hết đường lừa các em mới lớn đó,Disgust,thế tao mới quyết_tâm tìm ra facebook thật của nó để no hết đường lừa các em mới lớn đó
sợ ngỗng còn hơn sợ chó :))),Fear,sợ ngỗng còn hơn sợ chó icon_vui
"vậy thì tao sẽ ước mơ là các nhà thơ đừng bao giờ xài ẩn dụ , chơi chữ :) đã ngu văn còn bắt phân tích thấy mẹ luôn",Disgust,vậy thì tao sẽ ước_mơ là các nhà_thơ đừng bao_giờ xài ẩn_dụ chơi_chữ icon_vui đã ngu văn còn bắt phân_tích thấy mẹ luôn
nhiê ̀ u biê ́ n đô ̣ người kha ́ thu ́ vi ̣ =)),Enjoyment,nhiê ̀ u biê ́ n đô ̣ người kha ́ thu ́ vi ̣
"thương tra ̀ o nươ ́ c mă ́ tao ... cuô ́ i cu ̀ người thi ̀ ban la ̃ nh đa ̣ o bă ́ c ninh đa ̃ lên tiê ́ người giu ́ p đơ ̃ ca ́ c be ́, du ̀ qua ́ muô ̣ n @",Sadness,thương tra ̀ o nươ ́ c mă ́ tao cuô ́ i cu ̀ người thi ̀ ban la ̃ nh đa ̣ o bă ́ c ninh đa ̃ lên tiê ́ người giu ́ p đơ ̃ ca ́ c be ́ du ̀ qua ́ muô ̣ n
lấy giẻ lau xong vắt chắc cũng được nửa,Other,lấy giẻ lau xong vắt chắc cũng được nửa
ngày xưa mừn cũng hay thế lắm .,Enjoyment,ngày_xưa mừn cũng hay thế lắm
chắc nó se lạnh thì đừng hỏi tại sao thằng kia lấp nhíp sưởi ấm cũng không thấy .,Other,chắc nó se lạnh thì đừng hỏi tại_sao thằng kia lấp nhíp sưởi ấm cũng không thấy
phận làm trai nào sung sướng gì 😂,Sadness,phận làm trai nào sung_sướng gì icon_vui
"hôm nay ai có vàng bán hết đi , tuần sau mua lại , lời vãi .",Enjoyment,hôm_nay ai có vàng bán hết đi tuần sau mua lại lời vãi
kính thủy lực là kính gì bạn ơi,Other,kính thủy_lực là kính gì bạn ơi
chưa bao giờ được nge câu này 😞,Sadness,chưa bao_giờ được nge câu này icon_buon
nam chính người nào cũng bị bệnh tự luyến nữa :))))))),Disgust,nam chính người nào cũng bị bệnh tự luyến nữa icon_vui
"cũng chuẩn , giờ khởi nghiệp vậy phá sản chỉ mấy tháng đầu",Enjoyment,cũng chuẩn giờ khởi_nghiệp vậy phá_sản chỉ mấy tháng đầu
chỗ tao lắm đứa khó chịu vãi,Disgust,chỗ tao lắm đứa khó_chịu vãi
"tất cả là do chính sách sai lầm của những người đứng đầu tỉnh sơn la . tsb cao su nó phù hợp trồng ở cao nguyên + nhiệt đới nắng lắm chứ lên tây bắc lạnh giá + sương muối thì cây cao su làm sao nó sinh trưởng tốt và hợp khí hậu được mà chả trắng tay :))) còn cả cây cafe đang được trồng ở sơn la , điện biên nữa sớm muộn gì những người dân trồng hai loại cây này cũng nhận trái đắng trắng tay thôi",Disgust,tất_cả là do chính_sách sai_lầm của những người đứng đầu tỉnh sơn la tsb cao_su nó phù_hợp trồng ở cao_nguyên nhiệt_đới nắng lắm chứ lên tây bắc lạnh_giá sương_muối thì cây cao_su làm_sao nó sinh_trưởng tốt và hợp khí_hậu được mà chả trắng_tay icon_vui còn cả cây cafe đang được trồng ở sơn la điện biên nữa sớm_muộn gì những người dân trồng hai loại cây này cũng nhận trái đắng trắng_tay thôi
quá giỏi . đạp đến ngất đi mà không quay đầu . sau này em sẽ thành công . chắc chắn vậy,Enjoyment,quá giỏi đạp đến ngất đi mà không quay đầu sau_này em sẽ thành_công chắc_chắn_vậy
vừa đi về ?? mưa sấp mặt,Disgust,vừa đi về mưa sấp_mặt
bài viết hay quá !,Enjoyment,bài viết hay quá
gì cũng được ?????? dễ vãi,Enjoyment,gì cũng được dễ vãi
đã năm 2000 . người ta cho mượn 200 tr rồi .. từ đó về sau nhà người ta có cần 25 tr / tháng hay không ???,Other,đã năm 2000 người_ta cho mượn 200 tr rồi từ đó về sau nhà người_ta có cần 25 tr tháng hay không
ôi cháu taooo =)))),Enjoyment,ôi cháu tao
nó chỉ muốn chén mày thôi . thật đấy,Other,nó chỉ muốn chén mày thôi thật đấy
"cô giáo ngu bỏ mẹ , xong được bầy hãm lòn trẻ trâu này nữa , kia là em tao , không biết tao sẽ làm gì bọn khốn nạn này nữa :))",Anger,cô_giáo ngu bỏ_mẹ xong được bầy hãm lòn trẻ trâu này nữa kia là em tao không biết tao sẽ làm gì bọn khốn_nạn này nữa icon_vui
haizzzz đó là 1 câu chuyện khá bùn,Sadness,haiz đó là 1 câu_chuyện khá bùn
"chồng này chắc cú có gai ah , mặc quần đéo gì vậy",Disgust,chồng này chắc cú có gai à mặc quần đéo gì vậy
"haa ... haa ... ! đúng là có thay đổi lớn ! ngồi nhâm nhi ly cafe , phì phèo điếu thuốc nhìn thiên hạ cũng vui kkk ... !",Enjoyment,haa haa đúng là có thay_đổi lớn ngồi nhâm_nhi ly cafe phì_phèo điếu thuốc nhìn thiên_hạ cũng vui_k
nhưng nó cười với đứa khác không phải mày .... 💔,Sadness,nhưng nó cười với đứa khác không phải mày icon_buon
per anh ơi đừng gym nữa . boxing là đụ rùi :((,Sadness,per anh ơi đừng gym nữa boxing là đụ rồi icon_buon
đừng có thấy 6 múi mà ham nha nha 😂😂,Enjoyment,đừng có thấy 6 múi mà ham nha nha icon_vui icon_vui
thật ra mấy đứa bị chửi nhiều thế này ra đời lại biết cư xử hơn những đứa khác .,Other,thật_ra mấy đứa bị chửi nhiều thế này ra_đời lại biết cư_xử hơn những đứa khác
muốn nói bậy ghê :)))) nuôi con chó mà nuôi ra vậy . vừa ôm vừa bị ve,Anger,muốn nói bậy ghê icon_vui nuôi con chó mà nuôi ra vậy vừa ôm vừa bị ve
- mấy bạn đừng có đổ mình nữa nha 😞😞. mình ngại lắm 😞🤣,Enjoyment,mấy bạn đừng có đổ mình nữa nha icon_buon icon_buon mình ngại lắm icon_buon icon_vui
tại sao anh cứ mất công giận dỗi trong khi người xin lỗi vẫn là anh =)),Enjoyment,tại_sao anh cứ mất_công giận_dỗi trong khi người xin_lỗi vẫn là anh
chúc mừng các anh . các anh giỏi quá . chuc các anh mạnh khỏe .,Enjoyment,chúc_mừng các anh các anh giỏi quá chuc các anh mạnh_khỏe
per hóng phim này dụ dỗ mọi người xem tiếp nè anh :v,Enjoyment,per hóng phim này dụ_dỗ mọi người xem tiếp nè anh v
ngày chủ nhiệm cu nhà mình cô nhẹ nhàng nết na lắm mà ! giờ thì sao cô lại hành xử như vậy chứ ! thật buồn !,Sadness,ngày chủ_nhiệm cu nhà mình cô nhẹ_nhàng nết_na lắm mà giờ thì sao cô lại hành xử như_vậy chứ thật buồn
"nhớ hồi euro 2012 rực sáng trong màu áo tuyển ý , ghi mấy bàn mà bàn nào cũng thấy phê .",Enjoyment,nhớ hồi euro 2012 rực sáng trong màu áo tuyển ý ghi mấy bàn mà bàn nào cũng thấy phê
đáng yêu vại trời,Enjoyment,đáng yêu vại trời
kéo nhau ra toà ly hôn tự nhiên béo ngành thuế,Disgust,kéo nhau ra toà ly_hôn tự_nhiên béo ngành thuế
ai sẽ cùng tôi mang nỗi đau này cơ chứ,Sadness,ai sẽ cùng tôi mang nỗi đau này cơ chứ
ngu thì mới đi vào phủ dầy nhé chứ chợ đâu đến mức như vậy ??????,Disgust,ngu thì mới đi vào phủ dầy nhé chứ chợ đâu đến mức như_vậy
sĩ diện không nội mũ và cái kết dắt xe hết mẹ đoạn đường,Other,sĩ_diện không nội mũ và cái kết dắt xe hết mẹ đoạn đường
"vietcombank 1 tháng trừ hết 22k phí inter với mobile banking , dù tháng đó kau chả xài tới cái nào :((",Sadness,vietcombank 1 tháng trừ hết 22k phí inter với mobile banking dù tháng đó kau chả xài tới cái nào icon_buon
nói thật gia lai nói riêng tây nguyên nói chung xưa nhờ vàng đen '' hồ tiêu ' và vàng trắng ' cao su ' mà người dân có dư cái ăn cái mặt bây giờ thì thua rồi bỏ đi tứ xứ .. một thời,Sadness,nói thật gia lai nói_riêng tây nguyên nói_chung xưa nhờ vàng_đen hồ_tiêu và vàng_trắng cao_su mà người dân có dư cái ăn cái mặt bây_giờ thì thua rồi bỏ đi tứ_xứ một thời
đúng rồi . trái tim thảo mai này dễ rung động lắm nên các anh hay cả các chị và các bạn đừng thả thính em . em đập cho 😭,Anger,đúng rồi trái_tim thảo mai này dễ rung_động lắm nên các anh hay cả các chị và các bạn đừng thả thính em em đập cho icon_buon
nhưng nó lại đéo thích :>,Other,nhưng nó lại đéo thích
ngu thì chết thôi,Disgust,ngu thì chết thôi
nói chung là ai nào buông tay thì người chết vẫn là mấy đứa con gái như tao 😭,Sadness,nói_chung là ai nào buông tay thì người chết vẫn là mấy đứa con_gái như tao icon_buon
nhớp nhúa,Disgust,nhớp_nhúa
"muôn đời không khá được vì cái thói tham vặt , tham lam vô đáy việt nam ạ",Disgust,muôn_đời không khá được vì cái thói tham vặt tham_lam vô đáy việt nam ạ
"ngày xưa đi học gần trường có bày ngỗng , hôm nào nó cũng cà khía rượt tụi học sinh chạy sấp mặt luôn",Fear,ngày_xưa đi học gần trường có bày ngỗng hôm nào nó cũng cà khía rượt tụi học_sinh chạy sấp_mặt luôn
sao lại bất công thế,Sadness,sao lại bất_công_thế
nó đi theo gái thì co,Disgust,nó đi theo gái thì co
là gặp đúng người nhưng lại chẳng đúng thời điểm . cuối cùng vẫn là chúng ta bỏ lỡ nhau 😥😥😥,Sadness,là gặp đúng người nhưng lại chẳng đúng thời_điểm cuối_cùng vẫn là chúng_ta bỏ lỡ nhau icon_loso icon_loso icon_loso
chuẩn khi người ta gặp nạn không lo cứu đứng lấy dt ra quay rùi đăng kẻ đó mới là người cần lên án,Disgust,chuẩn khi người_ta gặp nạn không lo cứu đứng lấy dt ra quay rồi đăng kẻ đó mới là người cần lên_án
chia buồn cùng nước pháp .,Sadness,chia buồn cùng nước pháp
con nhà mất dạy,Disgust,con nhà mất_dạy
sau này mình có được như vầy không nhỉ 😊,Other,sau_này mình có được như_vầy không nhỉ icon_vui
1 % kìa rồi ra cổng gọi thế nào :)),Fear,1 kìa rồi_ra cổng gọi thế_nào icon_vui
lúc dỗi thì càng dễ thương hơn,Enjoyment,lúc dỗi thì càng dễ_thương hơn
hình vui mà sao đọc lại muốn khóc nhĩ ...,Sadness,hình vui mà sao đọc lại muốn khóc nhĩ
cách tạo nghiệp chướng nhanh và hiệu quả :)),Enjoyment,cách tạo nghiệp_chướng nhanh và hiệu_quả icon_vui
trông mặt buồn chưa kìa per :(,Sadness,trông mặt buồn chưa kìa per icon_buon
giá như anh được ào rơi về quá khứ ....,Other,giá_như anh được ào rơi về quá_khứ
tao thì muốn là đéo bao giờ . nhưng mẹ tao thì muốn ngay bây giờ 😢,Sadness,tao thì muốn là đéo bao_giờ nhưng mẹ tao thì muốn ngay bây_giờ icon_buon
đã tới tuổi thay đường ray rồi mà không thay,Other,đã tới tuổi thay đường_ray rồi mà không thay
chuột mà làm như người vậy .. ít hôm nó gặm cả rắn cả dây thì thấy mẹ ..,Fear,chuột mà làm như người vậy ít hôm nó gặm cả rắn cả dây thì thấy mẹ
cái quần tà lỏn xanhhhh,Other,cái quần tà_lỏn xanh
thật tình mà nói cao su phát triển đất đồi là sai lầm .,Other,thật_tình mà nói cao_su phát_triển đất đồi là sai_lầm
mấy bé đừng tưởng giận lại là ngon ạ :v có khi giận lại xog nó giết luôn đấy :),Other,mấy bé đừng tưởng giận lại là ngon ạ v có khi giận lại xog nó giết luôn đấy icon_vui
per mốt mua son anh sài luôn,Other,per mốt mua son anh sài luôn
"per bất hạnh thật tao với mày mua bánh ăn chung đi , cóc cần gấu 🤨",Anger,per bất_hạnh thật tao với mày mua bánh ăn chung đi cóc cần gấu
tội quá ! nuôi mà không chăm sóc,Sadness,tội quá nuôi mà không chăm_sóc
không phải ai cũng vậy nên đừng thấy mập rồi tưởng mình hát hay 😌,Disgust,không phải ai cũng vậy nên đừng thấy mập rồi tưởng mình hát hay
bao giờ mua bánh tặng gấu thì tao mới mua nhá . ở đấy mà chê tao bất hạnh,Anger,bao_giờ mua bánh tặng gấu thì tao mới mua nhá ở đấy mà chê tao bất_hạnh
rất nguy hiểm nhé nhảy không qua là xác định dập mặt,Fear,rất nguy_hiểm nhé nhảy không qua là xác_định dập mặt
đm nhà bà . con gái người ta nuôi lớn không báo đáp được gì đã về làm dâu nhà bà . nó lấy chồng chứ có làm giúp việc cho nhà bà đâu mà hành hạ nó thế .,Anger,chửi_thề nhà bà con_gái người_ta nuôi lớn không báo_đáp được gì đã về làm dâu nhà bà nó lấy chồng chứ có làm giúp_việc cho nhà bà đâu mà hành_hạ nó thế
"xã hội thật phức tợp , huhu . không muốn sống chung loài người nữa , tao về núi đây",Fear,xã_hội thật phức tợp huhu không muốn sống chung loài_người nữa tao về núi đây
đã khóc . cha mẹ là người luôn yêu thương minh nhất,Sadness,đã khóc cha_mẹ là người luôn yêu_thương minh nhất
không lo chạy bo đi còn tạo sấm sét doạ người lứa,Disgust,không lo chạy bo đi còn tạo sấm_sét doạ người lứa
ngày xưa đi học đạp xe qua cứ tưởng được quay phim đưa lên truyền hình :)),Enjoyment,ngày_xưa đi học đạp xe qua cứ tưởng được quay_phim đưa lên truyền_hình icon_vui
lừa cả tỉ đồng mà đóng phạt 5tr :)) thế này thì răn đe cũng,Disgust,lừa cả tỉ đồng mà đóng phạt 5tr icon_vui thế này thì răn_đe cũng
hay qua hoc theo cho vui,Enjoyment,hay qua hoc theo cho vui
bụng công nhân thành hố chôn lợn dịch,Disgust,bụng công_nhân thành hố chôn lợn dịch
tươi ngon sạch sẽ thì đéo thích ăn . cứ thích ăn cút trâu cứt bò,Disgust,tươi ngon sạch_sẽ thì đéo thích ăn cứ thích ăn cút trâu cứt bò
đáng yêu vậy =))),Enjoyment,đáng yêu_vậy
"per lại nữa , tao dg suy nghĩ có nên đi bằng rap về không",Sadness,per lại nữa tao dg suy_nghĩ có nên đi bằng rap về không
nhìn sợ vãi ra,Fear,nhìn sợ vãi ra
"bởi vậy , nên tỏ ra là 1 người không cảm xúc",Other,bởi_vậy nên tỏ ra là 1 người không cảm_xúc
cả 1 đời người chẳng mong gì chỉ mong từ đây đến phút cuối vẫn có người không quên mình đã từng tồn tại,Sadness,cả 1 đời người chẳng mong gì chỉ mong từ đây đến phút cuối vẫn có người không quên_mình đã từng tồn_tại
coi mà lộn ruột .,Anger,coi mà lộn_ruột
a per doi dap rat tuyet voi . chuc anh thanh cong trong vu nay .,Enjoyment,a per doi dap rat tuyet voi chuc anh thanh cong trong vu nay
dân kinh doanh khoái đi chợ này lắm nè,Enjoyment,dân kinh_doanh khoái đi chợ này lắm nè
tiếc cho mối tình ấy ....,Sadness,tiếc cho mối tình ấy
nhanh bất ngờ đấy,Surprise,nhanh bất_ngờ đấy
tao cũng phải về mở cho mẹ tao coi 😂😂,Enjoyment,tao cũng phải về mở cho mẹ tao coi icon_vui icon_vui
hơi bị nhanh trí :)),Enjoyment,hơi bị nhanh_trí icon_vui
giun này mà xào thêm ít xả ớt thì tuyệt cú mèo 🤣,Enjoyment,giun này mà xào thêm ít xả ớt thì tuyệt cú_mèo icon_vui
cưng xỉu ??,Enjoyment,cưng xỉu
"ngày trước cái thằng ngồi cạnh nhờ nó né cái mông để lấy cái bút dưới bàn nó nó đéo né . cuối cùng nó phải lên phòng ý tế băng đầu ( lớp 1 🤣) "" tôi đã nợ chàng trai ấy một cái "" đập đầu "" ""🤣",Disgust,ngày trước cái thằng ngồi cạnh nhờ nó né cái mông để lấy cái bút dưới bàn nó nó đéo né cuối_cùng nó phải lên phòng ý tế băng đầu lớp 1 icon_vui tôi đã nợ chàng trai ấy một cái đập đầu icon_vui
êu tự ý đụng chạm vào người khác đã là vô duyên hãm lồn rồi . nhất là con gái . bọn này ý thức như đách lol,Disgust,êu tự_ý đụng_chạm vào người khác đã là vô_duyên hãm lồn rồi nhất là con_gái bọn này ý_thức như đách lol
nhớ tới mối tình đơn phương !,Sadness,nhớ tới mối tình đơn_phương
dã man quá ..,Fear,dã_man quá
"nhẹ tay quá phải hơn nữa , may mắn là nó chưa cắn ai hay làm gì ai",Disgust,nhẹ_tay quá phải hơn nữa may_mắn là nó chưa cắn ai hay làm gì ai
per ly trà sen của anh đem qua có ngày nó thành như v đó 😭😭 hức hức ...,Sadness,per ly trà_sen của anh đem qua có ngày nó thành như v đó icon_buon icon_buon hức hức
chẳng bù tuổi thơ tao đi học toàn gặp mấy thằng ông nội mắc thần bố . gặp mặt tao là đánh với bắt nạt tao có trò mới là bắt tao ra thử trước bà mẹ nó :))) cái phường bất lương,Anger,chẳng_bù tuổi_thơ tao đi học toàn gặp mấy thằng ông nội mắc thần bố gặp_mặt tao là đánh với bắt_nạt tao có trò mới là bắt tao ra thử trước bà mẹ nó icon_vui cái phường bất_lương
per my nè kkk,Enjoyment,per my nè k
may không có ai trong nhà,Other,may không có ai trong nhà
ngồi ăn mà 3 đứa cứ nhìn châm châm thế này sao nuốt nổi ??????,Other,ngồi ăn mà 3 đứa cứ nhìn châm châm thế này sao nuốt nổi
có gì vui không nhỉ,Other,có gì vui không nhỉ
gắn bó thời sinh viên nè,Enjoyment,gắn_bó thời sinh_viên nè
"thôi mày đừng saolol , hoang tưởng thâm niên à , nó mở mồm ra cái là nó đào cả họ hàng mày nên nó chửi cho biết mặt . nhìn lằm nhìn lốn 😒😒",Disgust,thôi mày đừng saolol hoang_tưởng thâm_niên à nó mở mồm ra cái là nó đào cả họ_hàng mày nên nó chửi cho biết mặt nhìn lằm nhìn lốn icon_chankhet icon_chankhet
"haha dần dần phải kiềm chế , khắc phục sẽ không đáng sợ không bằng vũ lực hành động mà nói đâu chết đó :)) kaka",Enjoyment,haha dần_dần phải kiềm_chế khắc_phục sẽ không đáng sợ không bằng vũ_lực hành_động mà nói đâu chết đó icon_vui kaka
vì mình chỉ là giờ giải lao trong một hiệp chơi chính của họ,Sadness,vì mình chỉ là giờ giải_lao trong một hiệp chơi chính của họ
sợ thế,Fear,sợ_thế
hihi mắc cười quá,Enjoyment,hihi mắc cười quá
"per anh không nặn đi , mai mốt nó sẽ chaii dầy nè hihii :)))",Enjoyment,per anh không nặn đi mai_mốt nó sẽ chaii dầy nè hihii icon_vui
bn tao vẽ đẹp vãi nhưng nó lại mắc bệnh lười nếu nó vẽ thì nó sẽ vẽ he .. n .... tai :v,Other,bn tao vẽ đẹp vãi nhưng nó lại mắc bệnh lười nếu nó vẽ thì nó sẽ vẽ he n tai v
đi chơi còn bỏ quên cả não ấy,Disgust,đi chơi còn bỏ quên cả não ấy
hú hồn chim én :) nào làm ra này chắc cũng ngáo dữ :) chắc add không sợ nhện :),Fear,hú_hồn chim én icon_vui nào làm ra này chắc cũng ngáo dữ icon_vui chắc add không sợ nhện icon_vui
yêu dã man kkk,Enjoyment,yêu dã_man k
"đất nước bao nhiêu khoản phải tri trả , nhưng phải trả cho một đám cổ động viên quá khích thì quả là không đáng , các cụ đã bảo mọi sự ngu dốt đều phải trá giá bằng tiền mặt , bảo dân trí thấp lại tự ái :))",Disgust,đất_nước bao_nhiêu khoản phải tri trả nhưng phải trả cho một đám cổ_động_viên quá_khích thì quả là không đáng các cụ đã bảo mọi sự ngu_dốt đều phải trá giá bằng tiền_mặt bảo dân_trí thấp lại tự_ái icon_vui
"chỉ là nghe bạn nói , chẳng thấy bằng chứng đâu",Other,chỉ là nghe bạn nói chẳng thấy bằng_chứng đâu
"hành nó đưa đèn ông sao lên nữa chứ , ác vãi , ta nhớ lại còn cay ?",Anger,hành nó đưa đèn ông sao lên nữa chứ ác vãi ta nhớ lại còn cay
đẹp trai mà bị đá à =)),Surprise,đẹp_trai mà bị đá à
kiểu định share vì thấy tinh thần khá hơn nhưng đọc bình luận xong kiểu nhiều đứa còn tiêu cực hơn mình :<,Sadness,kiểu định share vì thấy tinh_thần khá hơn nhưng đọc bình_luận xong kiểu nhiều đứa còn tiêu_cực hơn mình icon_buon
đắt quá thôi không ly hôn nữa,Other,đắt quá thôi không ly_hôn nữa
thôi tốt nhất đừng có diễn . nể nhất mấy bố giả vờ khóc xong ôm ôm lợi dụng rờ mông con gái nhà người ta,Disgust,thôi tốt nhất đừng có diễn nể nhất mấy bố giả_vờ khóc xong ôm ôm lợi_dụng rờ mông con_gái nhà người_ta
"gặp cái này "" sun "" mẹ nó vào ... :))",Fear,gặp cái này sun mẹ nó vào icon_vui
"chuẩn . tao mà chơi hoặc làm việc cùng bọn con gái tính công chúa một thời gian thì tao ngày nào cũng sờ troét , sau đó bị trầm cảm .",Fear,chuẩn tao mà chơi hoặc làm_việc cùng bọn con_gái tính công_chúa một thời_gian thì tao ngày nào cũng sờ troét sau đó bị trầm_cảm
bé có năng khiếu làm cô giáo dạy văn ... nghe thì nghĩ tục nhưng đời thường là có thật ... bác nghe thấy đồng cảm với các cháu,Sadness,bé có năng_khiếu làm cô_giáo dạy văn nghe thì nghĩ tục nhưng đời_thường là có thật bác nghe thấy đồng_cảm với các cháu
nhưng mà người khác nhìn vào bảo thế là lẳng lơ,Disgust,nhưng mà người khác nhìn vào bảo thế_là lẳng_lơ
nhìn 2 đôi giày đó mà nói 1967 .... thôi thôi !!!!,Other,nhìn 2 đôi giày đó mà nói 1967 thôi thôi
chẳng ai biết và riêng mình càng không muốn biết !,Other,chẳng ai biết và riêng mình càng không muốn biết
"per đoạn thằng kia tán trái sầu riêng , không trượt phát nào 🤣🤣",Enjoyment,per đoạn thằng kia tán trái sầu_riêng không trượt phát nào icon_vui icon_vui
đấm cho liên tục vào mồm đéo trượt phát lòn nào cả =)),Other,đấm cho liên_tục vào mồm đéo trượt phát lòn nào cả
bài lồn đó nghe hãm vãi đéo hiểu sao lại thích,Disgust,bài lồn đó nghe hãm vãi đéo hiểu sao lại thích
per giống câu chuyện anh kể hôm bữa qua ha ... con chó này 3 lanh thiệt ak ...,Surprise,per giống câu_chuyện anh kể hôm bữa_qua ha con chó này 3 lanh thiệt à
bạn khốn nạn,Anger,bạn khốn_nạn
t mới tính tới bước thất bại chưa tính tới thành công :)),Sadness,tao mới tính tới bước thất_bại chưa tính tới thành_công icon_vui
còn buồn hơn là cố quan tâm thế nào họ vẫn không hề rep lại,Sadness,còn buồn hơn là cố quan_tâm thế_nào họ vẫn không hề rep lại
h chỉ pk nhìn họ bên người khác :((,Sadness,giờ chỉ pk nhìn họ bên người khác icon_buon
tao cũng vậy nè . lắm lúc đi với chồng mà cứ hỏi bên này bên phải nhỉ bên này bên trái nhỉ . mệt mỏi,Sadness,tao cũng vậy nè lắm lúc đi với chồng mà cứ hỏi bên này bên phải nhỉ bên này bên trái nhỉ mệt_mỏi
"66 năm không làm việc nhà giúp vợ hoặc có làm thì cũng phát được , phát không",Disgust,66 năm không làm_việc nhà giúp vợ hoặc có làm thì cũng phát được phát không
buồn cười 😂😂,Enjoyment,buồn_cười icon_vui icon_vui
cãi tay đôi luôn hahhaa,Enjoyment,cãi tay_đôi luôn hahhaa
cứ mỗi lần cắt tóc xong tao lại thấy biết ơn bố mẹ vì đã sinh ra tao đzai vãi :))),Enjoyment,cứ mỗi lần cắt tóc xong tao lại thấy biết_ơn bố_mẹ vì đã sinh ra tao đzai vãi icon_vui
buồn nào rồi cũng sẽ qua chỉ có buồn ngủ không tha ngày nào thôi,Other,buồn nào rồi cũng sẽ qua chỉ có buồn_ngủ không tha ngày nào thôi
per =))))) đúng kiểu sáng tạo :)),Enjoyment,per đúng kiểu sáng_tạo icon_vui
"cắt cái tai vứt mẹ cho rồi , gớm chết mẹ",Disgust,cắt cái tai vứt mẹ cho rồi gớm chết mẹ
"ai nói kết có hậu , đầu khấc mất vợ tương lai kia kìa",Sadness,ai nói kết có_hậu đầu khấc mất vợ tương_lai kia kìa
"hồi trước nghe câu : "" gái ham tài , trai ham sắc "" nên cố học hành cho nó ham , ai ngờ giờ mới biết nó ham tài sản chứ không phải tài năng .",Disgust,hồi trước nghe câu gái ham tài trai ham sắc nên cố học_hành cho nó ham ai_ngờ giờ mới biết nó ham tài_sản chứ không phải tài_năng
thế giới này thật đáng sợ :3 trả đĩa bay cho tôi về đi :3,Fear,thế_giới này thật đáng sợ 3 trả đĩa_bay cho tôi về đi 3
per đã thích phá game còn thích hổ báo,Disgust,per đã thích phá game còn thích hổ báo
"thật ra nó không quên đường về nhà đâu , nó muốn đi bụi thôi",Other,thật_ra nó không quên đường về nhà đâu nó muốn đi_bụi thôi
t có 2 con bạn thân nó thì cao trọc trời còn tao thì ... . buồn,Sadness,tao có 2 con bạn thân nó thì cao trọc trời còn tao thì buồn
đmm cái quần ngàn thu,Disgust,đmm cái quần ngàn_thu
per bài của anh luôn nè,Other,per bài của anh luôn nè
nhưng liệu như vậy sẽ dễ dàng để người khác xen vào không :),Other,nhưng liệu như_vậy sẽ dễ_dàng để người khác xen vào không icon_vui
xin lô ̃ i chư ́ tao te ́ ma ̀ thă ̀ người lz camera quay câ ̣ n mă ̣ tao như thê ́ thi ̀ tao đe ́ o đa ́ không đâu,Anger,xin lô ̃ i chư ́ tao te ́ ma ̀ thă ̀ người lz camera quay câ ̣ n mă ̣ tao như thê ́ thi ̀ tao đe_́ o đa ́ không_đâu
em này xinh vãi các bác ạ .,Enjoyment,em này xinh vãi các bác ạ
thì ghi bằng tay phải cho nhanh,Other,thì ghi bằng tay phải cho nhanh
đáng iêu vãi =]],Enjoyment,đáng iêu vãi
anh tây nói tiếng việt giỏi thiệt .,Surprise,anh tây nói tiếng việt giỏi thiệt
có người đến gần cuối đời rồi vẫn còn khổ ! :(,Sadness,có người đến gần cuối đời rồi vẫn còn khổ icon_buon
mày xuống thì xuống mẹ mày đi . ngứa cả mắt 😩😩😩😩😩,Anger,mày xuống thì xuống mẹ mày đi ngứa cả mắt
phim này hay dã man luôn - có ai biết phim nào kiểu dạng này nữa o 😍😍😍,Enjoyment,phim này hay dã_man luôn có ai biết phim nào kiểu dạng này nữa o icon_vui icon_vui icon_vui
"dume về bố lại táng cho bờm đầu , có thể là lần cuối được đi xem đá bóng của cháu nó :))",Disgust,dume về bố lại táng cho bờm đầu có_thể là lần cuối được đi xem đá bóng của cháu nó icon_vui
làm như đứa con gái nào cũng ham tiền . gái tốt thíu gì,Disgust,làm như đứa con_gái nào cũng ham tiền gái tốt thíu gì
"khuyến cáo "" đừng nên học võ khi không có tiền mua dụng cụ "" per",Other,khuyến_cáo đừng nên học võ khi không có tiền mua dụng_cụ per
hết muốn ăn luôn,Disgust,hết muốn ăn luôn
vợ chồng đã hiểu và sống tốt . thì với tôi ngày nào cũng là ngày tao / y .,Enjoyment,vợ_chồng đã hiểu và sống tốt thì với tôi ngày nào cũng là ngày tao y
gặp bố bố tung phát chụp cây dù bố xiên cho cái đừng hỏi sau tức nước thủng mắt,Anger,gặp bố bố tung phát chụp cây dù bố xiên cho cái đừng hỏi sau tức nước thủng mắt
tha cho cô chú đó đi,Disgust,tha cho cô chú đó đi
"những người trẻ với tấm lòng nhân hậu , các bạn thật đáng yêu .",Enjoyment,những người trẻ với tấm lòng nhân_hậu các bạn thật đáng yêu
nghe cũng đúng đúng :)),Enjoyment,nghe cũng đúng đúng icon_vui
chuẩn,Enjoyment,chuẩn
"trung thu là tết thiếu nhi , yêu đường gì liên quan ở đây .. gấu với chả bò",Anger,trung_thu là tết thiếu_nhi yêu đường gì liên_quan ở đây gấu với chả bò
waooooo . hợp lí ghe,Enjoyment,wao hợp_lí ghe
nhìn thôi đã đau lòng,Sadness,nhìn thôi đã đau_lòng
ở miền nam nó vẫn không được giá như trước nhưng cũng dư giả,Other,ở miền nam nó vẫn không được giá_như trước nhưng cũng dư giả
per sợ nhện đúng không :)),Fear,per sợ nhện đúng không icon_vui
per sau khi cưới,Other,per sau khi cưới
"per bắt được chắc nó mềm xương , chơi mất dạy 😔😔",Anger,per bắt được chắc nó mềm xương chơi mất_dạy icon_buon icon_buon
con này không có cái quần nào mặc cho đàng hoàng 🤦‍♀️,Disgust,con này không có cái quần nào mặc cho đàng_hoàng
mấy nay tao cũng bị ám ảnh,Fear,mấy nay tao cũng bị ám_ảnh
"có lần tao thổi cơm không đổ nước lúc khét mở vung ra mới biết , làm đánh đít xong cả tiếng trời không hết",Sadness,có lần tao thổi cơm không đổ nước lúc khét mở vung ra mới biết làm đánh đít xong cả tiếng trời không hết
nhưng đảm bảo coi cái nào là cười sặc cái đó :)) vì nó diễn tệ đến nỗi nó hay,Enjoyment,nhưng đảm_bảo coi cái nào là cười sặc cái đó icon_vui vì nó diễn tệ đến_nỗi nó hay
"đúng rồi , tưởng vậy nhưng hóa ra không phải ...",Other,đúng rồi tưởng vậy nhưng hóa ra không phải
dăm ba cái nồi này sao nấu ngon bằng cơm điện nhà tao được . kaka,Enjoyment,dăm_ba cái nồi này sao nấu ngon bằng cơm điện nhà tao được kaka
"phải người vô ý thức , đành rằng người ta làm kiếm tiền nghề gì cũng là nghề mình phải biết tôn trọng người khác , có tôn trọng người thì người mới tôn trọng mình . kể cả người ta đi ăn xin mình cũng cho đoàng hoàng chứ không thể cầm tiền quăng cái víu vào người ta được",Disgust,phải người vô_ý_thức đành_rằng người_ta làm kiếm tiền nghề gì cũng là nghề mình phải biết tôn_trọng người khác có tôn_trọng người thì người mới tôn_trọng mình kể_cả người_ta đi ăn_xin mình cũng cho đoàng hoàng chứ không_thể cầm tiền quăng cái víu vào người_ta được
rồi các em cũng ăn cứt thôi :)),Disgust,rồi các em cũng ăn cứt thôi icon_vui
ukm . nguy hiểm thật :'<,Fear,ukm nguy_hiểm thật
quá độc ác,Disgust,quá độc_ác
per tao đã làm cho mày đau lòng nhiều lắm ư 🤔,Sadness,per tao đã làm cho mày đau_lòng nhiều lắm ư
đi tù thôi các cháu,Disgust,đi tù thôi các cháu
"ghê tởm , ông thầy đó 🙄",Disgust,ghê_tởm ông thầy đó icon_chankhet
"mày đúng là nên gặp bác sĩ tâm lý , và hoàn toàn nghe theo bác sĩ",Other,mày đúng là nên gặp bác_sĩ tâm_lý và hoàn_toàn nghe theo bác_sĩ
đm tao biết trước cả sự việc kiểu lìn gì cũng có nhện nhảy lên màn hình . vì mấy năm trước cũng có 1 thể loại giống như vậy . đm hú nhồn,Fear,chửi_thề tao biết trước cả sự_việc kiểu lìn gì cũng có nhện nhảy lên màn_hình vì mấy năm trước cũng có 1 thể_loại giống như_vậy chửi_thề hú nhồn
đôi khi công việc không áp lực .... nhưng chính môi trường làm mọi thứ trở nên áp lực,Other,đôi_khi công_việc không áp_lực nhưng chính môi_trường làm mọi thứ trở_nên áp_lực
hỏi lồn gì lắm thế,Anger,hỏi lồn gì lắm thế
bài này hay quá,Surprise,bài này hay quá
hồi đó tao lấy cái đó kẻ tập luôn kiểu làm màu mè cho đẹp xong lên trả bài bị bà cô trừ điểm ????,Sadness,hồi đó tao lấy cái đó kẻ tập luôn kiểu làm màu_mè cho đẹp xong lên trả bài bị bà_cô trừ điểm
"giơ cao đánh khẽ , cảnh cáo cho có lệ",Anger,giơ cao đánh khẽ cảnh_cáo cho có lệ
tao thầy mày cười hí hửng vại mà ?,Enjoyment,tao thầy mày cười hí_hửng vại mà
gần 1h đêm là con trai mà xem xong nói chuyện mắt vẫn rỡi 😔😔,Sadness,gần 1h đêm là con_trai mà xem xong nói_chuyện mắt vẫn rỡi icon_buon icon_buon
mới có 3 năm thôi mà ... vậy mà chúng ta còn không tụ họp được lần nào cả,Sadness,mới có 3 năm thôi mà vậy_mà chúng_ta còn không tụ_họp được lần nào cả
những người như thế này tử hình,Disgust,những người như thế này tử_hình
ngôn tình từ anh mà ra,Enjoyment,ngôn tình từ anh mà ra
đm phí hết sức :((,Disgust,chửi_thề phí hết_sức icon_buon
🙁 bị rớt tiền,Sadness,bị rớt tiền
"tôi kể các bạn nghe 1 chuyện có dính 1 tý với caphe tn : chuyện thế này ba vợ tôi có 1 người bạn rất khó khắn nghèo và đang trốn nợ , ba tôi cho ông chiếc xe máy củ để đi xe ôm . vợ chồng ông bạn này bỏ quê trốn nợ lên tây nguyên làm công cho nhà máy caphe tn trong 4 năm học được nghề làm caphe và sáng lập caphe tuấn kiệt caphe công thức y chang tn bán hợp lý hơn ! ngày nay ông chủ tuấn kiệt đã là 1 đại gia có nhà máy ở sốc trăng , ông ấy đi tìm và trả nợ từng người ơn của mình ! mổi lần ba tôi lên sg ông đều cho xe tới mời ba tôi đi ăn nhậu ! trong lúc ngà ngà ông ấy nói "" em chả bao giờ uống caphe của em làm , tn cũng vậy "" thế đó",Disgust,tôi kể các bạn nghe 1 chuyện có dính 1 tý với caphe tn chuyện thế này ba vợ tôi có 1 người bạn rất khó khắn nghèo và đang trốn nợ ba tôi cho ông chiếc xe_máy củ để đi xe_ôm vợ_chồng ông bạn này bỏ quê trốn nợ lên tây nguyên làm_công cho nhà_máy caphe tn trong 4 năm_học được nghề làm caphe và sáng_lập caphe tuấn kiệt caphe công_thức y chang tn bán hợp_lý hơn ngày_nay ông chủ tuấn kiệt đã là 1 đại_gia có nhà_máy ở sốc trăng ông ấy đi tìm và trả nợ từng người ơn của mình mổi lần ba tôi lên sg ông đều cho xe tới mời ba tôi đi ăn_nhậu trong lúc ngà_ngà ông ấy nói em chả bao_giờ uống caphe của em làm tn cũng vậy thế đó
mong mai sau cũng được như ông bà,Enjoyment,mong mai_sau cũng được như ông_bà
nó ngáo đá . nay nó leo cột điện . mợ cứu nó xuống mai nó làm vài mạng người,Disgust,nó ngáo đá nay nó leo cột điện mợ cứu nó xuống mai nó làm vài mạng người
nó cười với người khác chứ * beep * phải tao :((,Sadness,nó cười với người khác chứ beep phải tao icon_buon
xem lại quá nhiều lần đến nỗi không nhớ nổi . vì phim quá hay và ý nghĩa .,Enjoyment,xem_lại quá nhiều lần đến_nỗi không nhớ nổi vì phim quá hay và ý_nghĩa
ahihi khá là buồn cười,Enjoyment,ahihi khá là buồn_cười
t ngắm người yêu tao cười mà càng ngắm tao càng yêu lúc giận cơ nhìn muốn cắn cho mấy phát tao bị cuồng người yêu rồi cái,Enjoyment,tao ngắm người_yêu tao cười mà càng ngắm tao càng yêu lúc giận cơ nhìn muốn cắn cho mấy phát tao bị cuồng người_yêu rồi cái
đừng có xàm lồn trên này,Disgust,đừng có xàm lồn trên này
gặp tao tao thuê giang hồ tới chém hết cả nhà nó luôn,Anger,gặp tao tao thuê giang_hồ tới chém hết cả nhà nó luôn
"địt mẹ mày viết lên chỗ nào nước đéo tới ấy , ngulon",Anger,địt_mẹ mày viết lên chỗ nào nước đéo tới ấy ngulon
"những thứ tưởng chừng như rất đẹp nhưng kbh được trọn vẹn , cuối cùng để lại chỉ là những kỉ niệm đã từng :))",Sadness,những thứ tưởng_chừng_như rất đẹp nhưng kbh được trọn_vẹn cuối_cùng để lại chỉ là những kỉ_niệm đã từng icon_vui
"ba chàng ngốc , phim ấn độ , cực hài , cực cảm động và ý nghĩa nhé",Enjoyment,ba chàng ngốc phim ấn độ cực hài cực cảm_động và ý_nghĩa nhé
"1 bộ phim phải nói trên cả tuyệt vời , xem đi xem lại cả chục lần rồi mà không ngán",Enjoyment,1 bộ phim phải nói trên cả tuyệt_vời xem đi xem_lại cả chục lần rồi mà không ngán
bây giờ tao lấy chồng rồi còn không có cơ hội ngủ với em gái 😫,Sadness,bây_giờ tao lấy chồng rồi còn không có cơ_hội ngủ với em_gái
cái mặt cưng xĩu,Enjoyment,cái mặt cưng xĩu
per đây là chúng mềnh 🤪🤪,Enjoyment,per đây là chúng mềnh
ngu như mày thì khỏe,Disgust,ngu như mày thì khỏe
không biết có ai ở trong ngôi nhà không,Fear,không biết có ai ở trong ngôi nhà không
hình như cũng mới có vụ bể bình dâu tằm,Other,hình_như cũng mới có vụ bể bình dâu_tằm
tao bị biến dạng luôn một tay,Sadness,tao bị biến_dạng luôn một tay
mai đi học mà mình quên cách cầm bút rồi huhu :<,Sadness,mai đi học mà mình quên cách cầm bút rồi huhu icon_buon
chời ơi gì vậy ở giây thứ cuối cùng anh em nha :))),Surprise,chời ơi gì vậy ở giây thứ cuối_cùng anh_em nha icon_vui
nó chi ̉ muô ́ n tâm sư ̣ chư ́ thi ́ ch me ́ o đâu ma ̀ thi ́ ch,Disgust,nó chi ̉ muô ́ n tâm sư ̣ chư ́ thi ́ chưa me ́ o đâu ma ̀ thi ́ chưa
per mỏi chân quái :v,Sadness,per mỏi chân quái v
"đúng là không sợ địch mạnh , chỉ sợ chỉ huy ngu như bò",Disgust,đúng là không sợ địch mạnh chỉ sợ chỉ_huy ngu như bò
về việt nam thì gọi nó là ngáo chó,Disgust,về việt nam thì gọi nó là ngáo chó
per con nhện cản bước bé xuống cầu thang =))))),Fear,per con nhện cản bước bé xuống cầu_thang
cả 2 loại người này đều đáng sợ !,Fear,cả 2 loại người này đều đáng sợ
đm cười ĩa,Enjoyment,chửi_thề cười ĩa
per hôn nhẹ lên má nha 🤣,Enjoyment,per hôn nhẹ lên má nha_icon_vui
"có lần ba tao mua bánh kem sinh nhật cho tao , lúc đấy tao 13t nhưng khi ba tao mua về thì lại là 15t 😶",Sadness,có lần ba tao mua bánh kem sinh_nhật cho tao lúc đấy tao 13t nhưng khi ba tao mua về thì lại là 15t
con dựt gái đây sao hahaha,Enjoyment,con dựt gái đây sao hahaha
hot đến vậy cơ à ? mình chưa nghe bao giờ luôn .,Surprise,hot đến vậy cơ à mình chưa nghe bao_giờ luôn
"cả thế giới biết toau crush mày , còn mày thì íu nhận ra 😐",Sadness,cả thế_giới biết toau crush mày còn mày thì íu nhận ra
vô ý thức,Disgust,vô_ý_thức
"cưỡng hôn 200 nghìn , thu trăm tỷ phạt 5 triệu , đói trộm 2 cái bánh mỳ 45k phạt đi tù",Disgust,cưỡng_hôn 200 nghìn thu trăm tỷ phạt 5 triệu đói trộm 2 cái bánh mỳ 45k phạt đi tù
chính xác ! nơi làm việc anh em mà đoàn kết với nhau cỡ nào cũng thấy mau hết giờ làm . 😊😊😊,Enjoyment,chính_xác nơi làm_việc anh_em mà đoàn_kết với nhau cỡ nào cũng thấy mau hết giờ làm icon_vui icon_vui icon_vui
phim cắt mất đoạn hay của manga rồi dume,Anger,phim cắt mất đoạn hay của manga rồi dume
đang ăn . nói nói con cặc 😒😒,Anger,đang ăn nói nói con cặc icon_chankhet icon_chankhet
tôm này vào là nó diệt hết tôm bản địa luôn,Other,tôm này vào là nó diệt hết tôm bản_địa luôn
"bởi vì anh đã gặp em đúng lúc , đúng lúc đó em đã có người thương ...",Sadness,bởi_vì anh đã gặp em đúng lúc đúng lúc đó em đã có người_thương
tại sao phải đứng ngồi nhìn ? lên bankon cột võng nằm coi mới đã ..,Enjoyment,tại_sao phải đứng ngồi nhìn lên bankon cột võng nằm coi mới đã
"loại bi này ngon quá , vừa uống",Surprise,loại bi này ngon quá vừa uống
10 đứa bạn thì có 9 đứa là con trai rồi . sau nhiều năm kinh nghiệm thì chơi với nhiều trai thì sẽ bị ế muôn đời muôn kiếp . haizaaa ...,Sadness,10 đứa bạn thì có 9 đứa là con_trai rồi sau nhiều năm kinh_nghiệm thì chơi với nhiều trai thì sẽ bị ế muôn_đời muôn kiếp haiza
"xem đi xem lại không chán , best của best 😭",Enjoyment,xem đi xem_lại không chán best của best icon_buon
tán mãi mới đổ muốn chia tay cũng phải từ từ,Other,tán mãi mới đổ muốn chia_tay cũng phải từ từ
"gấu của thằng da đen ngon vkl , mà công nhận chạy nhanh vãi",Surprise,gấu của thằng da đen ngon rất mà công_nhận chạy nhanh vãi
đag bị cuồng mấy video của chế này . ai có ngoài video này tag cho mình xem với nhé 😂😂,Enjoyment,đag bị cuồng mấy video của chế này ai có ngoài video này tag cho mình xem với nhé icon_vui icon_vui
học rmit thì chắc chắn là gia phả nhà nó giàu vcd rồi . thế thì chọn thằng có tiền học bổng chứ còn gì nữa -)),Other,học rmit thì chắc_chắn là gia_phả nhà nó giàu vcd rồi thế_thì chọn thằng có tiền học_bổng chứ còn gì nữa
tại sao không áp dụng khoảng 2 điều 320 luật hình sự 2015 phạt tù từ 3 - 10 năm về tội hành nghề mê tín dị đoan gây ảnh hưởng xấu đến an ninh trật tự và an toàn xh mà chỉ phạt con mụ đó 5 triệu đồng ? hay là vong đòi phạt hành chính 5tr thôi 😬,Disgust,tại_sao không áp_dụng khoảng 2 điều 320 luật hình_sự 2015 phạt tù từ 3 10 năm về tội hành_nghề mê_tín dị_đoan gây ảnh_hưởng xấu đến an_ninh trật_tự và an_toàn xh mà chỉ phạt con mụ đó 5 triệu đồng hay là vong đòi phạt hành_chính 5tr thôi
per hình như nhà bác có 01 chiếc thì phải ?,Other,per hình_như nhà bác có 01 chiếc thì phải
soi mà không đủ tiền mua thì soi làm gì,Disgust,soi mà không đủ tiền mua thì soi làm gì
làm sao tôi có thể yêu được loài người đây ???,Other,làm_sao tôi có_thể yêu được loài_người đây
trong nhà không biết có ai không nữa ? sập quả này sợ thật đấy,Fear,trong nhà không biết có ai không nữa sập quả này sợ thật đấy
toàn lũ chó thèm khát,Disgust,toàn lũ chó thèm_khát
per nhu cầu của mày khoái xem mấy video này nên tao tag mày,Other,per nhu_cầu của mày khoái xem mấy video này nên tao tag mày
và cuối cùng là được đối xử như một thằng con trai luôn ..,Sadness,và cuối_cùng là được đối_xử như một thằng con_trai luôn
chỉ tại nó không có ai để nói chuyện nên nói chuyện với mày giết thời gian thôi . ai bỉu mày tưởng tượng chi,Disgust,chỉ tại nó không có ai để nói_chuyện nên nói_chuyện với mày giết thời_gian thôi ai bỉu mày tưởng_tượng chi
sao nhiều thằng cưa bàn giống tao vậy ??,Surprise,sao nhiều thằng cưa bàn giống tao_vậy
ngày trước mình qua singapore cũng vậy . dư hành lý 2 chi em mă ̣ c 4 bộ lên người kkk,Enjoyment,ngày trước mình qua singapore cũng vậy dư hành_lý 2 chi em mă ̣ c 4 bộ lên người k
tuổi lồn hù được bố m,Fear,tuổi lồn hù được bố mày
per kìa 3 chị em vào mà hốt hàng về đi chứ hâha,Enjoyment,per kìa 3 chị_em vào mà hốt hàng về đi chứ hâha
"ngày xưa có đĩa phim này . bố đi công tác về thấy cái đĩa tên là "" cô dâu 15 tuổi "" . má ăn chửi sấp mặt ...",Sadness,ngày_xưa có đĩa phim này bố đi công_tác về thấy cái đĩa tên là cô_dâu 15 tuổi má ăn chửi sấp_mặt
may mà còn gỡ lại được 1 miếng sắt lớn của tàu hỏa nó bung ra nên bán đi cũng đỡ được vài đồng . kaka,Enjoyment,may mà còn gỡ lại được 1 miếng sắt lớn của tàu_hỏa nó bung ra nên bán đi cũng đỡ được vài đồng kaka
cười lộn ruột,Enjoyment,cười lộn_ruột
chờ thằng kia lật mặt mãi không thấy,Other,chờ thằng kia lật mặt mãi không thấy
thật ra đàn ông ghen nhiều hơn phụ nữ đấy chứ,Other,thật_ra đàn_ông ghen nhiều hơn phụ_nữ đấy chứ
rất có tố chất . liên đoàn xe đạp việt nam có thể liên hệ để đào tạo được đấy,Enjoyment,rất có tố_chất liên_đoàn xe_đạp việt nam có_thể liên_hệ để đào_tạo được đấy
nhắn với người yêu còn đéo nhẹ nhàng như vậy =)),Enjoyment,nhắn với người_yêu còn đéo nhẹ_nhàng như vậy
chơi khăm vãi thế ba,Disgust,chơi_khăm vãi thế ba
tớ chỉ an ủi bạn í thôi mà :(,Sadness,tớ chỉ an_ủi bạn í thôi mà icon_buon
cha mẹ cho ta cả cuộc đời rồi còn than gì nữa,Disgust,cha_mẹ cho ta cả cuộc_đời rồi còn than gì nữa
alo ở đây có thằng điên mày à . đến bắt nó hộ tao phát,Disgust,alo ở đây có thằng điên mày à đến bắt nó hộ tao phát
thích bài này lắm lun . thuộc lun,Enjoyment,thích bài này lắm lun thuộc lun
nhìn mày thế kia đến tao còn thích ngủ cùng huống gì em mày,Enjoyment,nhìn mày thế kia đến tao còn thích ngủ cùng huống_gì em mày
"per hihi học ở đâu không quan trọng , quan trọng là bọn mình luôn có nhau hihi",Enjoyment,per hihi học ở đâu không quan_trọng quan_trọng là bọn mình luôn có nhau hihi
lúc đi họp lớp thì đếu thấy ai,Other,lúc đi họp lớp thì đếu thấy ai
gặp em đúng lúc nhưng sao anh vẫn thấy mình cô đơn quá .,Sadness,gặp em đúng lúc nhưng sao anh vẫn thấy mình cô_đơn quá
mua được bộ đồ cho tết điệu đà tán gái mà như thế nào đây thì tán sao được,Other,mua được bộ đồ cho tết điệu_đà tán gái mà như thế_nào đây thì tán sao được
chua cay bùi ngọt mặn cái chả có .,Other,chua_cay bùi ngọt mặn cái chả có
nó lại dễ con ạ :v,Enjoyment,nó lại dễ con ạ v
chi tiết đẹp đấy,Surprise,chi_tiết đẹp đấy
"đm đi học bị mấy con điên này đuổi cắn , dume vì nó mà tao sợ quá chạy té sấp mặt luôn trầy hết con mẹ nó tay chân . thứ dòng đỹ gì đâu á :))",Other,chửi_thề đi học bị mấy con điên này đuổi cắn dume vì nó mà tao sợ quá chạy té sấp_mặt luôn trầy hết con_mẹ nó tay_chân thứ dòng đỹ gì đâu á icon_vui
"bếp lò xô nấu bằng dầu hôi đây mà ,!",Other,bếp lò xô nấu bằng dầu_hôi đây mà
per dume đái trong quần,Fear,per dume đái trong quần
"người ta dùng kiến lá , ông lại dùng kiến cứt thì thua ông rồi",Disgust,người_ta dùng kiến lá ông lại dùng kiến cứt thì thua ông rồi
rớt giá kinh khủng khiếp huhu,Sadness,rớt_giá kinh_khủng_khiếp huhu
mai đến phòng đi tập luôn,Enjoyment,mai đến phòng đi tập luôn
per bây giờ thì không nói nhưng mà cảm giác phủ nhận vai trò bà thảo ngày xưa . vl không chị đọc thấy viết khập khiễng quá :))),Disgust,per bây_giờ thì không nói nhưng mà cảm_giác phủ_nhận vai_trò bà thảo ngày_xưa rất không chị đọc thấy viết khập_khiễng quá icon_vui
aw giống tao vậy =))) mấy thứ linh tinh tao còn để nguyên vào 1 cái hộp bự cơ,Enjoyment,aw giống tao vậy mấy thứ linh_tinh tao còn để nguyên vào 1 cái hộp bự cơ
🤣🤣🤣🤣 bo tay chấm cơm . hahaha,Enjoyment,icon_vui icon_vui icon_vui icon_vui bo tay chấm cơm hahaha
giờ mới biết,Other,giờ mới biết
cmt thế thôi chứ thật ra còn trả dám ấn vào video để xem . đời tao tởm nhất là lũ nhện mà hay gặp vãi :((((,Fear,bình_luận thế thôi chứ thật_ra còn trả dám ấn vào video để xem đời tao tởm nhất là lũ nhện mà hay gặp vãi icon_buon
cái loại ngu si này nên nhốt nó tù chung thân lao động công ích cho nhà tù để giúp ích lại những cái nó đã phá hoại,Anger,cái loại ngu_si này nên nhốt nó tù chung_thân lao_động công_ích cho nhà_tù để giúp_ích lại những cái nó đã phá_hoại
mẹ con điên,Anger,mẹ con điên
tuyệt vời . aeon mall có khác,Enjoyment,tuyệt_vời aeon mall có khác
loạn luân cũng được . đcm ạ,Disgust,loạn_luân cũng được chửi_thề ạ
tội cả con quá 😭😭 một lũ vô nhân tính đã hủy hoại những mầm non tương lai .,Sadness,tội cả con quá icon_buon icon_buon một lũ vô nhân_tính đã hủy_hoại những mầm_non tương_lai
là con bé con điên khùng và phiền vãi nhưng bạn vẫn yêu nó vãi chưởng :)))))),Enjoyment,là con bé_con điên_khùng và phiền vãi nhưng bạn vẫn yêu nó vãi chưởng icon_vui
mịa thằng ghép nhạc :)))),Disgust,mịa thằng ghép nhạc icon_vui
chợt nhớ câu hát ông bà anh yêu nhau thời chưa có xe hơi ...,Other,chợt nhớ câu hát ông_bà anh yêu nhau thời chưa có xe_hơi
thôi ctay đi chứ yêu con người như này chả chết vì bệnh mà chết vì vô tâm mất,Disgust,thôi ctay đi chứ yêu con_người như này chả chết vì bệnh mà chết vì vô_tâm mất
per người đừng hành hạ tuôi như thế nào nữa,Sadness,per người đừng hành_hạ tuôi như thế_nào nữa
lạc quan lên cưng ❤,Enjoyment,lạc_quan lên cưng
cách xử lý của cô chủ nhiệm quá tồi .,Disgust,cách xử_lý của cô chủ_nhiệm quá tồi
bọn chủ tịch đến chưa chúng mày ?,Other,bọn chủ_tịch đến chưa chúng_mày
giống tao nhưng tay trái tao có thẹo do mẹ tao xưa cắt trúng nên nhìn thẹo để phân biệt thôi chứ kêu phải ứng liền là không được,Other,giống tao nhưng tay_trái tao có thẹo do mẹ tao xưa cắt trúng nên nhìn thẹo để phân_biệt thôi chứ kêu phải ứng liền là không được
vào sg 50k / không cũng mua . 100k / không cũng mua ! ha ha,Enjoyment,vào sg 50k không cũng mua 100k không cũng mua ha_ha
nó lại hợp lí vãi,Enjoyment,nó lại hợp_lí vãi
"quỳ vậy thôi có gì mà phạt giáo viên nhỉ , riết phụ huynh giờ thấy làm quá đáng thiệt",Disgust,quỳ vậy thôi có gì mà phạt giáo_viên nhỉ riết phụ_huynh giờ thấy làm quá_đáng thiệt
lớp tao tỉnh rụi . đi học chứ có phải đi chết đéo đâu mà khóc lóc :),Disgust,lớp tao tỉnh rụi đi học chứ có phải đi chết đéo đâu mà khóc_lóc icon_vui
ngày xưa mỗi lần tao làm ồn là ngoại tao liền la hoặc lấy roi đánh 😅 nhưng lúc đó vui lắm 😊,Enjoyment,ngày_xưa mỗi lần tao làm ồn là ngoại tao liền la hoặc lấy roi đánh icon_vui nhưng lúc đó vui lắm icon_vui
"em cũng đi lead này , nhưng đừng gọi em là ninja được không , xin luôn đấy",Sadness,em cũng đi lead này nhưng đừng gọi em là ninja được không xin luôn đấy
tự nhiên nhớ cái cảnh 2 con bánh bèo bị ngỗng dí quá 😅😅 per,Enjoyment,tự_nhiên nhớ cái cảnh 2 con bánh_bèo bị ngỗng dí quá icon_vui icon_vui per
thề nhìn họ hôn nhau thôi mà nổi hết gai ốc . chưa dám nghĩ tới xxx . chắc thốn lắm . lạnh sống lưng thật .,Fear,thề nhìn họ hôn nhau thôi mà nổi hết gai_ốc chưa dám nghĩ tới x chắc thốn lắm lạnh sống_lưng thật
dù s đi nữa thì mày vẫn xinh . cố lên,Enjoyment,dù_sao đi_nữa thì mày vẫn xinh cố lên
sài gòn vẫn có cách sống rất nhân văn .,Enjoyment,sài_gòn vẫn có cách sống rất nhân_văn
đi ngoài đường trái phải còn không biết mà vẫn sống thì giỏi đấy nhỉ,Disgust,đi_ngoài đường trái phải còn không biết mà vẫn sống thì giỏi đấy nhỉ
thật vi diệu,Enjoyment,thật vi diệu
nuôi sao mà trông béo tốt thế kia :v chỉ bí quyết đi,Other,nuôi sao mà trông béo_tốt thế kia v chỉ bí_quyết đi
agribank thì bình quân bao nhiêu nhỉ . mấy cán bộ agri thấy hách lắm .,Disgust,agribank thì bình_quân bao_nhiêu nhỉ mấy cán_bộ agri thấy hách lắm
ly hôn kiểu này thì không cần tới bước cuối cùng . chỉ cần tới bước tính xem trả lại tiền mừng là tao bỏ ngay ý định ly hôn luôn rồi ... kkkk,Enjoyment,ly_hôn kiểu này thì không cần tới bước cuối_cùng chỉ cần tới bước tính xem trả lại tiền mừng là tao bỏ ngay ý_định ly_hôn luôn rồi k
"nhìn mặt đã thấy hãm , mọi người chửi bỏ mẹ con mẹ phụ huynh đi",Anger,nhìn mặt đã thấy hãm mọi người chửi bỏ_mẹ con_mẹ phụ_huynh đi
mày không được ăn đồ chua nhưng phòng toàn xoài chua :(,Sadness,mày không được ăn đồ chua nhưng phòng toàn xoài chua icon_buon
per bày đặt ngày hôm qua đã từng đồ,Disgust,per bày_đặt ngày hôm_qua đã từng đồ
sau khi bố xem video của con xong thì bố rút ra 1 điều . bố không chỉ chửi con lúc con cầm đũa mà bố sẽ chửi con cả ngày thân ái ... yêu con,Enjoyment,sau khi bố xem video của con xong thì bố rút ra 1 điều bố không chỉ chửi con lúc con cầm đũa mà bố sẽ chửi con_cả ngày thân_ái yêu con
có đứa nào hồi bé không biết nấu còn tranh làm rồi quên không đổ nước như tao không :))),Sadness,có đứa nào hồi bé không biết nấu còn tranh làm rồi quên không đổ nước như tao không icon_vui
đỉnh của đỉnh 🙂,Enjoyment,đỉnh của đỉnh icon_vui
các bác cứ tích cực vào . em chả quan tâm,Other,các bác cứ tích_cực vào em chả quan_tâm
ở việt nam mà vác dao rạch tại chỗ thể này người nhà nó chả đấm cho sưng mõm rồi 🌝,Disgust,ở việt_nam mà vác dao rạch tại_chỗ thể này người_nhà nó chả đấm cho sưng mõm rồi
"trung thu là ngày cho trẻ em chứ đéo phải ngày tạo ra trẻ em nhé . dume bọn có gấu tém tém lại , kiểm tra xem có thêm cái sừng nào không ?",Anger,trung_thu là ngày cho trẻ_em chứ đéo phải ngày tạo ra trẻ_em nhé dume bọn có gấu tém tém lại kiểm_tra xem có thêm cái sừng nào không
per tao nghĩ nên triệt sản mày,Other,per tao nghĩ nên triệt_sản mày
"rẻ nhỉ , sao có thể giảm tới mức đó vậy ta",Surprise,rẻ nhỉ sao có_thể giảm tới mức đó vậy_ta
"có rồi mà , nghén rồi nè hihi",Enjoyment,có rồi mà nghén rồi nè hihi
qtrong là mày phải có tiền chứ nghèo xem,Other,qtrong là mày phải có tiền chứ nghèo xem
anh đừng bỏ em đi mà 😢,Sadness,anh đừng bỏ em đi mà icon_buon
người ghép có tâm 😁😁,Enjoyment,người ghép có tâm icon_vui icon_vui
per hôm nào chụp kiểu nhỉ .,Other,per hôm nào chụp kiểu nhỉ
"per bất hạnh vãi , mà tao với mày đéo tạo được niềm vui :v",Sadness,per bất_hạnh vãi mà tao với mày đéo tạo được niềm vui v
gu âm nhạc óc chó mới nghr cái bài này . toàn đú theo mấy cái thể loại hãm,Disgust,gu âm_nhạc óc chó mới nghr cái bài này toàn đú theo mấy cái thể_loại hãm
mỗi năm cũng xem lại đôi lần,Other,mỗi năm cũng xem_lại đôi lần
per cảm ơn mọi người . do em thích mấy cái văn hoá tưng vùng để tìm hiểu,Enjoyment,per cảm_ơn mọi người do em thích mấy cái văn_hoá tưng vùng để tìm_hiểu
hu hu đã bị chụp,Sadness,hu_hu đã bị chụp
con này bán kem bôi não ... xóa bỏ nếp nhăn .. khiến não láng mịn 😌😌😌😌,Disgust,con này bán kem bôi não xóa_bỏ nếp nhăn khiến não láng mịn
ngu không chịu được,Disgust,ngu không chịu được
per hồi ở tam kì hay nghe ... giờ nghe lại buồn ds,Sadness,per hồi ở tam_kì hay nghe giờ nghe lại buồn ds
bạn gái nào xinh xinh mà bị lạc thì vào nhà mình cho ngủ nhờ này . ??,Enjoyment,bạn gái nào xinh_xinh mà bị lạc thì vào nhà mình cho ngủ nhờ này
huhu sợ vãi luôn á,Fear,huhu sợ vãi luôn á
hỏng rồi . dùng đồ như phá,Disgust,hỏng rồi dùng đồ như phá
"chỉ có bạo lực mới giải quyết được bạo lực , tao mà làm luật tao sẽ hạ tuổi người lớn là 13 tuổi , đem nó lao động khổ sai 10 năn",Anger,chỉ có bạo_lực mới giải_quyết được bạo_lực tao mà làm_luật tao sẽ hạ tuổi người_lớn là 13 tuổi đem nó lao_động khổ sai 10 năn
tao nhiều tài lắm .. nhưng tài sản còn cái mạng què và đôi tay trắng 😭😭,Sadness,tao nhiều tài lắm nhưng tài_sản còn cái mạng què và đôi tay_trắng icon_buon icon_buon
có ai bịt loa như tao không 😁,Other,có ai bịt loa như tao không icon_vui
"mấy thằng dẫn gấu đi thì tránh xa đám đông ra nhé , đừng chen đẩy kiểu bố láo , thằng đẩy tao đã bị xơi cùi trỏ rồi đấy ,",Other,mấy thằng dẫn gấu đi thì tránh xa đám đông ra nhé đừng chen đẩy kiểu bố_láo thằng đẩy tao đã bị xơi cùi trỏ rồi đấy
nhìn là thấy nóng rồi,Other,nhìn là thấy nóng rồi
"làm con người còn sức khoẻ , còn lành lặn mà vác mặt vào ăn cơm từ thiện thì chết con mẹ nó đi cho đỡ chật đất , cơm này dành cho những người không còn khả năng lao động , hoặc vô gia cư và hoàn cảnh quá khó khăn thôi",Anger,làm con_người còn sức_khoẻ còn lành_lặn mà vác_mặt vào ăn cơm từ_thiện thì chết con_mẹ nó đi cho đỡ chật đất cơm này dành cho những người không còn khả_năng lao_động hoặc vô gia cư và hoàn_cảnh quá khó_khăn thôi
tự hỏi rằng những bạn nữ như thế nào thì họ có còn thích con trai không nhỉ 🤔,Other,tự hỏi rằng những bạn nữ như thế_nào thì họ có còn thích con_trai không nhỉ
cặp phụ lúc nào cũng đáng yêu .,Enjoyment,cặp phụ lúc_nào cũng đáng yêu
pháp không còn khoảng thời gian bình yên nữa rồi,Sadness,pháp không còn khoảng thời_gian bình_yên nữa rồi
con ước mình cũng có 1 tình yêu đẹp như ông bà vậy < 3,Enjoyment,con ước mình cũng có 1 tình_yêu đẹp như ông_bà vậy 3
cô giáo là người nhà của mấy đứa đầu gấu à =))))),Surprise,cô_giáo là người_nhà của mấy đứa đầu_gấu à
"tôi cũng thấy điêu điêu , nét chữ này của người lớn mà . chí ít cũng phải cấp 3 rồi .",Disgust,tôi cũng thấy điêu điêu nét chữ này của người_lớn mà chí_ít cũng phải cấp 3 rồi
phải con tao tao cho cả lũ chó cụt tay hết !,Anger,phải con tao tao cho cả lũ chó cụt tay hết
cưng chết,Enjoyment,cưng chết
con gái hiện giờ .. nấu kiểu này thì thôi xong ... cháy luôn cả nhà 😂,Other,con_gái hiện_giờ nấu kiểu này thì thôi xong cháy luôn cả nhà icon_vui
"per đường đi về anh ợ , ô tô chắn hết đg chả đi được ??",Other,per đường đi về anh ợ ô_tô chắn hết đg chả đi được
ghê vậy,Disgust,ghê_vậy
nếu không có khúc cua cuối thì video này ý nghĩa đó chớ 🤣🤣,Enjoyment,nếu không có khúc cua cuối thì video này ý_nghĩa đó chớ icon_vui icon_vui
dễ thương . cứ yêu đi ngại gì .,Enjoyment,dễ_thương cứ yêu đi ngại gì
hay lắm :))),Enjoyment,hay lắm icon_vui
dume con ế đọc tổn thương sâu con mẹ nó sắc :((,Sadness,dume con ế đọc tổn_thương sâu con_mẹ nó sắc icon_buon
chắc ông này không có vợ :)),Disgust,chắc ông này không có vợ icon_vui
coi phim này không .. dễ thương lắm ..,Enjoyment,coi phim này không dễ_thương lắm
đúng vậy . haha,Enjoyment,đúng vậy haha
tại sao cứ đa số là trèo cột điện với mái nhà nhỉ . ai giải thích mình với ??,Other,tại_sao cứ đa_số là trèo cột điện với mái nhà nhỉ ai giải_thích mình với
lâu lắm rồi mà gio mới xử phạt,Anger,lâu lắm rồi mà gio mới xử_phạt
đáng yêu quá,Enjoyment,đáng yêu quá
tuần sau nữa mới học =))),Enjoyment,tuần sau nữa mới học
"per sợ chưa , ông bác hơi bị cứng nhé :))))",Enjoyment,per sợ chưa ông bác hơi bị cứng nhé icon_vui
"phàm là việc đại sự trong thiên hạ , cứ về hỏi vợ . vợ bảo sao thì làm ngược lại . ắt thành công !!!",Other,phàm là việc đại sự trong thiên_hạ cứ về hỏi_vợ vợ bảo sao thì làm ngược_lại ắt thành_công
bọn hại người không gươm không dao . bọn tiêu diệt nguồn lực tương lai của dân tộc . nên đưa tội thực phẩm bẩn vào khung tử hình đi . mong nhà nước thay đổi một số luật định đi .,Anger,bọn hại người không gươm không dao bọn tiêu_diệt nguồn_lực tương_lai của dân_tộc nên đưa tội thực_phẩm bẩn vào khung tử_hình đi mong nhà_nước thay_đổi một_số luật_định đi
per bữa nào làm thử mày,Other,per bữa nào làm thử mày
cần 1 thời gian dài thật dài nữa thì ý thức mới đi lên được,Other,cần 1 thời_gian dài thật dài nữa thì ý_thức mới đi lên được
"trên đường tao đi làm cũng có 2 con , mỗi lần chay tới là nó vương cổ ra như kiểu muốn hút tao trong khi tao không làm gì nó , cứ mỗi lần chạy tới là tao cách ly cả "" nghìn mét "" với nó , thấy nó sợ bỏ mẹ . đúng chất con ngang",Fear,trên đường tao đi làm cũng có 2 con mỗi lần chay tới là nó vương cổ ra như kiểu muốn hút tao trong khi tao không làm gì nó cứ mỗi lần chạy tới là tao cách_ly cả nghìn mét với nó thấy nó sợ bỏ_mẹ đúng chất con ngang
đội nào cũng xứng đáng hơi tiếc cho per,Other,đội nào cũng xứng_đáng hơi tiếc cho per
:))) có thật nhiều tiền là vui,Enjoyment,icon_vui có thật nhiều tiền là vui
"anw , vote cho anh vũ",Enjoyment,anw vote cho anh_vũ
ý là giọng quê tao đó hã,Enjoyment,ý là giọng quê tao đó hã
tao thì ngược lại .. cắt xong nhìn như thằng trốn trại vậy,Sadness,tao thì ngược_lại cắt xong nhìn như thằng trốn trại_vậy
chúc mừng cp . cố lên cp .,Enjoyment,chúc_mừng cp cố lên cp
đáng tiếc đời không như là mơ . thực tế sẽ vả vào mặt cho mày tỉnh ra :(,Sadness,đáng tiếc đời không như là mơ thực_tế sẽ vả vào mặt cho mày tỉnh ra icon_buon
con cháu việt nam nhục nhã vãi,Disgust,con_cháu việt nam nhục_nhã vãi
những người thả phẫn nộ xứng đáng là thiên thần . dăm ba cái yêu đương vớ vẩn . ahuhuhu,Sadness,những người thả phẫn_nộ xứng_đáng là thiên_thần dăm_ba cái yêu_đương vớ_vẩn ahuhuhu
cíu tao khỏi hai tên đồng nghiệp bị crazy huhu,Fear,cíu tao khỏi hai tên đồng_nghiệp bị crazy huhu
"thứ kém sang ngồi ăn ngay cạnh tao , có biết tao đang giảm cân không",Disgust,thứ kém sang ngồi ăn ngay cạnh tao có biết tao đang giảm cân không
"điều đó không quan trọng , quan trọng là đéo xác nhận lời mời kết bạn",Sadness,điều đó không quan_trọng quan_trọng là đéo xác_nhận_lời mời kết_bạn
rớt vô đây chắc chắc khóc tiếng thái lan,Fear,rớt vô đây chắc chắc khóc tiếng thái_lan
vì có mối ngon hơn chứ saoooo :(,Disgust,vì có mối ngon hơn chứ sao icon_buon
per đó đi chơi nhiều dô hỏi sao da đen -.-,Other,per đó đi chơi nhiều dô hỏi sao da đen
t quá mệt mỏi với cuộc sống này rồi 😓,Sadness,tao quá mệt_mỏi với cuộc_sống này rồi
"anh luôn nghĩ thế giới này không có gì đáng sợ , cho đến khi anh không còn thấy em nữa",Sadness,anh luôn nghĩ thế_giới này không có gì đáng sợ cho đến khi anh không còn thấy em nữa
thế theo mấy bác lớp 5 thì viết chữ như thế nào ạ,Other,thế theo mấy bác lớp 5 thì viết chữ như thế_nào ạ
rồi mấy đứa chân ngắn đi chắc dập người hết . bay qua sao nổi =)))),Fear,rồi mấy đứa chân ngắn đi chắc dập người hết bay qua sao nổi
"đi viện mà tưng tưng ăn uống được là tốt rồi , mừng mày sớm ra viện nhé cô",Enjoyment,đi viện mà tưng_tưng ăn_uống được là tốt rồi mừng mày sớm ra viện nhé cô
mấy chị làm chung rất ư là dễ thương luôn,Enjoyment,mấy chị làm chung rất ư là dễ_thương luôn
em nó đây nha các bác . kkkkk :))))),Enjoyment,em nó đây nha các bác k icon_vui
gớm . vi khuẩn vi rút vi trùng vi lung tung beng nấp hết trong đó nhìn nổi da gà .,Disgust,gớm vi_khuẩn vi rút vi_trùng vi lung_tung_beng nấp hết trong đó nhìn nổi da_gà
xây làm tưởng xây cái chỗ ỉa chứ,Disgust,xây làm tưởng xây cái chỗ ỉa chứ
không hiểu tại sao bản thân có thể chịu đựng được,Surprise,không hiểu tại_sao bản_thân có_thể chịu_đựng được
ghê quá đi,Fear,ghê quá đi
đem con bọn mày đến đây tao cho ăn cơm mốc rồi cảnh cáo tao rút kinh nghiệm thôi nha,Anger,đem con bọn mày đến đây tao cho ăn cơm mốc rồi cảnh_cáo tao rút kinh_nghiệm thôi nha
tao không tin đâu hiccc =(((,Sadness,tao không tin đâu hic
tao cũng hao mòn nhan sắc như này,Sadness,tao cũng hao_mòn nhan_sắc như này
thằng nhỏ mạnh vãi,Enjoyment,thằng nhỏ mạnh vãi
lại là bài nhạc huyền thoại trong xe hơi :3,Other,lại là bài nhạc huyền_thoại trong xe_hơi 3
mình thì # mình chỉ mong chồng tốt thương yêu vợ con gia đình ! gia đình lúc nào cũng vui vẻ hạnh phúc thì ngày nào cũng là ngày ( tình yêu ),Enjoyment,mình thì mình chỉ mong chồng tốt thương_yêu vợ_con gia_đình gia_đình lúc_nào cũng vui_vẻ hạnh_phúc thì ngày nào cũng là ngày tình_yêu
kiểu lâu lâu cũng không được nhắn tin cho ai như thế nên cũng muốn tình cảm xíu =)))) biết đâu,Enjoyment,kiểu lâu_lâu cũng không được nhắn_tin cho ai như thế nên cũng muốn tình_cảm_xíu biết_đâu
nó quan tâm mày là lúc nó cô đơn quá và mày vô tình đi ngang đời nó thôi,Disgust,nó quan_tâm mày là lúc nó cô_đơn quá và mày vô_tình đi ngang đời nó thôi
per nhớ ghê á nha 😂,Enjoyment,per nhớ ghê_á nha_icon_vui
nơi ấy giữ lại những kí ức tuyệt vời,Enjoyment,nơi ấy giữ lại những kí_ức tuyệt_vời
mày xây luôn đi chắn biển cho tao . xây xomg muốn viết lồn gì thì viết,Anger,mày xây luôn đi chắn biển cho tao xây xomg muốn viết lồn gì thì viết
vậy mà trên đời có 1 loại cha vứt bỏ con mình .,Disgust,vậy_mà trên đời có 1 loại cha vứt bỏ con mình
chia buồn cùng nước pháp,Sadness,chia buồn cùng nước pháp
ma thì làm sao đáng sợ bằng vợ hả người anh em thiện lành ??????,Disgust,ma thì làm_sao đáng sợ bằng vợ hả người anh_em thiện lành
quá tuyệt vời rồi các chàng traiiii,Enjoyment,quá tuyệt_vời rồi các chàng trai
ngây thơ vãi =)),Disgust,ngây_thơ vãi
t chỉ có 1 năm thôi cũng phát ngán lên được . đúng là không đi làm ở nhà mang danh kẻ ăn bám,Disgust,tao chỉ có 1 năm thôi cũng phát ngán lên được đúng là không đi làm ở nhà mang danh kẻ ăn_bám
đoạn cuối hình như nó khóc,Sadness,đoạn cuối hình_như nó khóc
đừng bao giờ chơi trò giận dỗi với lũ con gái :)),Other,đừng bao_giờ chơi trò giận_dỗi với lũ con_gái icon_vui
"per như một cú tát vào mặt , đau lòng quá đi",Sadness,per như một cú tát vào mặt đau_lòng quá đi
địt mẹ vừa đi ép lại kính xong giờ tan con mẹ nó cái kính rồi 200k của bà mày đấyyyyy !!!!!,Sadness,địt_mẹ vừa đi ép lại kính xong giờ tan con_mẹ nó cái kính rồi 200k của bà mày đấy
"trừ khi đường có biển cấm dừng đỗ thì mới không được đỗ , còn có phải phố nào cũng kẻ ô cho ô tô đỗ đâu",Other,trừ khi đường có biển cấm dừng đỗ thì mới không được đỗ còn có phải phố nào cũng kẻ ô cho ô_tô đỗ đâu
dume mệt mỏi thật sự,Anger,dume mệt_mỏi thật_sự
cũng có nơi gia đình khá giả mới có nó !,Enjoyment,cũng có nơi gia_đình khá_giả mới có nó
bởi đi mua cái gì cũng phải chọn chỗ uy tín,Other,bởi đi mua cái gì cũng phải chọn chỗ uy_tín
"chơi game :v cấp 2 trộm tiền bố mẹ đốt gần 10tr vào game , cuối áy náy không chơi nữa nên ngồi bán nick được khoảng 2tr cũng gọi là thu nhập đầu tiên :v",Enjoyment,chơi game v cấp 2 trộm tiền bố_mẹ đốt gần 10tr vào game cuối áy_náy không chơi nữa nên ngồi bán nick được khoảng 2tr cũng gọi là thu_nhập đầu_tiên v
per bây giờ thì không nói nhưng mà cảm giác phủ nhận vai trò bà thảo ngày xưa . vl không chị đọc thấy viết khập khiễng quá :))),Disgust,per bây_giờ thì không nói nhưng mà cảm_giác phủ_nhận vai_trò bà thảo ngày_xưa rất không chị đọc thấy viết khập_khiễng quá icon_vui
tôi đang ngủ mà ai cứ ăn chóp chép kế bên khó chịu thật !!!,Disgust,tôi đang ngủ mà ai cứ ăn chóp_chép kế bên khó_chịu thật
sao đi cắt tóc mà mắt nó từ đen sang xanh luôn vậy ?,Surprise,sao đi cắt tóc mà mắt nó từ đen sang xanh luôn vậy
"ở mình bà đéo ông đéo nào cũng muốn dậy đưa giỏi , đứa ngu hay nghịch tý là ông bà ý làm ầm lên .",Anger,ở mình bà đéo ông đéo nào cũng muốn dậy đưa giỏi đứa ngu hay nghịch tý là ông_bà ý làm ầm lên
đã biết là thế nhưng không còn cách nào khác :(,Sadness,đã biết là thế nhưng không còn cách nào khác icon_buon
đống góp ý kiến gì mà tằm với tàu không hà,Disgust,đống góp_ý_kiến gì mà tằm với tàu không hà
mua con lợn 5 chục lì xì được có 40 nghìn mất thời gian tốn cả tiền bạc 😂,Sadness,mua con lợn 5 chục lì_xì được có 40 nghìn mất thời_gian tốn cả tiền_bạc icon_vui
"nhớ lại ngày đó , làm pg bán giấy , cười suốt ngày , khách chửi cũng cười , mà nhớ thời đó ghê , mới 1 , 2 năm chứ mấy",Enjoyment,nhớ lại ngày đó làm pg bán giấy cười suốt ngày khách chửi cũng cười mà nhớ thời đó ghê mới 1 2 năm chứ mấy
người ta đá hay bảo ăn đòn thằng admin ngu lol,Disgust,người_ta đá hay bảo ăn đòn thằng admin ngu lol
8h sáng mấy bạn đi ngủ chưa ? sống theo giờ sao hoả hả má,Other,8h sáng mấy bạn đi ngủ chưa sống theo giờ sao hoả hả má
chỉ tại tôi không nói nên không còn cơ hội,Sadness,chỉ tại tôi không nói nên không còn cơ_hội
cái mặt xinh quá,Enjoyment,cái mặt xinh quá
"đang tính đi nhổ răng khôn ( à quên , nó ngu chứ khôn đéo gì ..) nghe được cảnh báo này chắc không dám đi nhổ luôn .",Fear,đang tính đi nhổ răng_khôn à quên nó ngu chứ khôn đéo gì nghe được cảnh_báo này chắc không dám đi nhổ luôn
nắng cũng đã sắp tàn sao mà chả thấy em đâu ...,Sadness,nắng cũng đã sắp tàn sao mà chả thấy em đâu
ai mua thì bán không mua thì thâu 😂,Other,ai mua thì bán không mua thì thâu_icon_vui
per đã nhẫn nhịn lắm ... đến khi con sen tao cứu tao thì tao đách có sợ đâu nhaaaaaaaa 😂😂😂,Enjoyment,per đã nhẫn_nhịn lắm đến khi con sen tao cứu tao thì tao đách có sợ đâu nha icon_vui icon_vui icon_vui
"chời ơi , bé gái cưng muốn xỉu . bạn nữ nào kết hợp sx em bé hơm ?????????????? :))))",Enjoyment,chời ơi bé gái cưng muốn xỉu bạn nữ nào kết_hợp sx em bé hơm icon_vui
bài học rút ra là học cách buông bỏ những thứ không thuộc về mình,Enjoyment,bài_học rút ra là học cách buông bỏ những thứ không thuộc về mình
per cách gì thì kệ mẹ tao,Anger,per cách gì thì kệ mẹ tao
"công nhận ổng nói tiếng việt giỏi ghê lun ,",Surprise,công_nhận ổng nói tiếng việt giỏi ghê lun
per đừng hỏi tao nữa,Other,per đừng hỏi tao nữa
được bác ạ !! cứ lấy vợ giàu là được tuốt =))),Enjoyment,được bác ạ cứ lấy vợ giàu là được tuốt
cuộc sống mà =)),Enjoyment,cuộc_sống mà
page rẻ rách đĩ mẹ tao bỏ theo dõi súc sinh cận bả xã hội dcm 18 đời nhà mày :),Anger,page rẻ rách đĩ mẹ tao bỏ theo_dõi súc_sinh cận bả xã_hội chửi_thề 18 đời nhà mày icon_vui
bếp dầu chủ cái gì nữa,Other,bếp dầu chủ cái gì nữa
per mở mắt ra đọc đi ! tao như này tất cả là do mày đấy chó ạ !,Anger,per mở_mắt ra đọc đi tao như này tất_cả là do mày đấy chó ạ
mợ không gọi công an phường đến cẩu đi .,Anger,mợ không gọi công_an phường đến cẩu đi
ngã sấp mặt lồn là có thật,Surprise,ngã sấp_mặt lồn là có thật
do mày để gián ngay cửa nó không dám vào nên khóc thôi,Other,do mày để gián ngay cửa nó không dám vào nên khóc thôi
đồ phá hoại,Disgust,đồ phá_hoại
per xem câu chuyện hư cấu này giết thời gian này 👏,Other,per xem câu_chuyện hư_cấu này giết thời_gian này
buồn hơn khi tôi còn là gái 🙄,Sadness,buồn hơn khi tôi còn là gái icon_chankhet
phim như shits ức chế như lien quan trẻ trâu,Disgust,phim như shits ức_chế như lien quan trẻ trâu
per bữa cuối nó ngồi chỗ đó nhìn mà khóc còn cuối khoá thì bth haha,Enjoyment,per bữa cuối nó ngồi chỗ đó nhìn mà khóc còn cuối khoá thì bth haha
dume cười vãi luôn trời :)))),Enjoyment,dume cười vãi luôn trời icon_vui
ở chỗ khác chắc gì có đứa béo như mình !,Enjoyment,ở chỗ khác chắc gì có đứa béo như mình
per đừng ảo tưởng nhé,Disgust,per đừng ảo_tưởng nhé
thật sự đọc xong thấy hơi rưng rưng,Sadness,thật_sự đọc xong thấy hơi rưng_rưng
bọn mấy bà thì quyền lực vãi rồi,Other,bọn mấy bà thì quyền_lực vãi rồi
"sướng nhờ , bên trung chúng nó yêu nhau toàn sống chung . 😂😂😂 toàn richkid :>",Enjoyment,sướng nhờ bên trung chúng_nó yêu nhau toàn sống chung icon_vui icon_vui icon_vui toàn richkid
đứng dưới cây này chỉ sợ ngột vì mùi hoa sữa 😂😂😂,Fear,đứng dưới cây này chỉ sợ ngột vì mùi hoa sữa icon_vui icon_vui icon_vui
ngôn ngữ gì ngộ nghĩnh vậy,Surprise,ngôn_ngữ gì ngộ_nghĩnh_vậy
ở free được lun hả 😮,Surprise,ở free được lun hả
có ai thấy giống người đẹp 9p không ?,Other,có ai thấy giống người đẹp 9p không
em ghét nhất loại này . dính vào điểm mù của xe to thì ăn cức cụ ạ .,Disgust,em ghét nhất loại này dính vào điểm_mù của xe to thì ăn cức cụ ạ
"buồn cho những ai thờ ơ , vô cảm trước một sự việc như thế .",Sadness,buồn cho những ai thờ_ơ vô_cảm trước một sự_việc như thế
"aaaaa con nhện 😨 "" aaaaaaa con ế !"" - nhện said 😂😂😂",Enjoyment,a con nhện icon_loso a con ế nhện said icon_vui icon_vui icon_vui
"hahaa , đợi em ngủ chút tí ròii buôn :))",Enjoyment,hahaa đợi em ngủ chút tí ròii buôn icon_vui
móe mình chưa gặp cảnh này chỉ có dọn bánh kem bọn ném nhau dính lên mọi thứ hòa với bãi nôn thôi 😱😱😱,Disgust,móe mình chưa gặp cảnh này chỉ có dọn bánh kem bọn ném nhau dính lên mọi thứ hòa với bãi nôn thôi icon_loso icon_loso icon_loso
nhớ con gái tao quá :((((,Sadness,nhớ con_gái tao quá icon_buon
minh tu nguyen thuận phạm quan trọng đồng nghiệp có hợp phong thuỷ với mình hay không hâhhah,Enjoyment,minh tu nguyen_thuận phạm quan_trọng đồng_nghiệp có hợp phong_thuỷ với mình hay không hâhhah
tuổi thơ cũng từng trải qua nhiều lời cay nghiệt hơn vậy .. nên c hiểu được cảm giác của em ..,Sadness,tuổi_thơ cũng từng trải qua nhiều lời cay_nghiệt hơn vậy nên c hiểu được cảm_giác của em
sợ vãi tè ăn độc 2 quả mọc luôn 2 cái nhọt ở mông đíu hỉu,Fear,sợ vãi tè ăn độc 2 quả mọc luôn 2 cái nhọt ở mông đíu hỉu
"per một thời mình ở bên nhau 😘😘😘😘, nhớ ghê",Enjoyment,per một thời mình ở bên nhau icon_vui icon_vui icon_vui icon_vui nhớ ghê
chỉ vì tin “ nó không cắn đâu ” mà tao đã bị “ nó ” cắn 2 lần rồi . dume,Anger,chỉ vì tin nó không cắn đâu mà tao đã bị nó cắn 2 lần rồi dume
hi vọng hòa bình ở triều tiên sẽ không còn xa nữa . goodbye ! # per,Sadness,hi_vọng hòa bình ở triều_tiên sẽ không còn xa nữa goodbye per
"cái đáng nói là chủ không có thương , dòm em husky này ốm nhom , mắt lờ đờ thấy tội lắm",Sadness,cái đáng nói là chủ không có thương dòm em husky này ốm_nhom mắt lờ_đờ thấy tội lắm
thằng nào chưa bước vào quán bar hay karaoke giống tao không 😂 trai ngoan điểm danh 😄,Enjoyment,thằng nào chưa bước vào quán bar hay karaoke giống tao không icon_vui trai ngoan điểm_danh
xinh mà còn ngáo nữa thì người yêu mới cưng =)),Enjoyment,xinh mà còn ngáo nữa thì người_yêu mới cưng
mình đéo làm nhé bạn .,Disgust,mình đéo làm nhé bạn
"ai thì tao không biết , chứ tao thấy tiền là đã có động lực phấn đấu rồi",Enjoyment,ai thì tao không biết chứ tao thấy tiền là đã có động_lực phấn_đấu rồi
":)))) cuộc sống mà . ngày càng thấy bản thân quá nhạt và "" duyên "" :v",Sadness,icon_vui cuộc_sống mà ngày_càng thấy bản_thân quá nhạt và duyên v
"moá nó , cười đau hết cả ruột",Enjoyment,moá nó cười đau hết cả ruột
sao con này mồm nó cứ rộng toang toác ra như thế nhỉ ?,Surprise,sao con này mồm nó cứ rộng toang_toác ra như thế nhỉ
ý tưởng hay đáy chứ,Enjoyment,ý_tưởng hay đáy chứ
có thằng nào mắc cười không hay là do tao đéo có cảm xúc vậy vkl,Enjoyment,có thằng nào mắc cười không hay_là do tao đéo có cảm_xúc vậy rất
lại là án oan sai 😔😔😔,Sadness,lại là án oan sai icon_buon icon_buon icon_buon
yêu như trẻ con tập yêu ây .. có cái chúc sinh nhật mà nháo nhào lên cãi nhau,Disgust,yêu như trẻ_con tập yêu ây có cái chúc sinh_nhật mà nháo_nhào lên cãi nhau
tao quen rồi 😌,Enjoyment,tao quen rồi
có ai vào đọc bình luận trước khi xem như tao không ???,Other,có ai vào đọc bình_luận trước khi xem như tao không
tình yêu không bao giờ là mãi mãi . rồi cây cũng chết héo mà thôi khà khà,Enjoyment,tình_yêu không bao_giờ là mãi_mãi rồi cây cũng chết héo mà thôi khà_khà
"đúng là những đứa khốn nạn , có bán hàng hay không thì nói một câu",Anger,đúng là những đứa khốn_nạn có bán hàng hay không thì nói một câu
đéo tin gì cả 😑,Other,đéo tin gì cả
xem mà cuối phim thấy tội chị ma nữ 😂,Sadness,xem mà cuối phim thấy tội chị ma nữ icon_vui
thương các con quá đi,Sadness,thương các con quá đi
trung thu là tết thiếu nhi cớ sao người lớn lại vi vu thế nhỉ,Enjoyment,trung_thu là tết thiếu_nhi cớ_sao người_lớn lại vi_vu thế nhỉ
thời buổi bây giờ càng nhiều tiền thì cơ hội có việc làm sẽ cao hơn,Disgust,thời_buổi bây_giờ càng nhiều tiền thì cơ_hội có việc_làm sẽ cao hơn
per xem đi haha,Enjoyment,per xem đi haha
per em hiểu sao anh đưa em quyển sổ rồi nha kkk,Enjoyment,per em hiểu sao anh đưa em quyển sổ rồi nha_k
em per gì gì đang hot đi làm lại ngực mà đi đoạn đường này thì ngải cứu :)),Other,em per gì gì đang hot đi làm lại ngực mà đi đoạn đường này thì ngải_cứu icon_vui
quả quần tụt tận lỗ đít . đéo hiểu sao n có người yêu,Disgust,quả quần tụt tận lỗ_đít đéo hiểu sao n có người_yêu
"cái này dùng con kiến to to mới có vị chua , còn cái loại kiến này làm màu không tác dụng gì",Other,cái này dùng con kiến to to mới có vị chua còn cái loại kiến này làm màu không tác_dụng gì
trông đen đen bẩn bẩn nhìn phát khiếp,Disgust,trông đen đen bẩn bẩn nhìn phát khiếp
đó là 1 câu chuyện buồn,Sadness,đó là 1 câu_chuyện buồn
"con quỷ này hồi nhỏ tao khóc vì nó hoài , thấy nó không dám đi , bỏ đường phải vòng đường khác ,",Fear,con quỷ này hồi nhỏ tao khóc vì nó hoài thấy nó không dám đi bỏ đường phải vòng đường khác
phải chi có người yêu nhắn tin ngọt ngào như này,Enjoyment,phải chi có người_yêu nhắn_tin ngọt_ngào như này
nhìn mặt bé mèo khó ở ghê - _ -,Disgust,nhìn mặt bé mèo khó_ở ghê _
tao cũng có 1 con đi lạc 1 tuần xong nó về bắt cho tao 2 con chuột làm tao mất ngủ xong hôm sau nó đi tiếp 😞 tao mong nó về lắm 😞,Sadness,tao cũng có 1 con đi lạc 1 tuần xong nó về bắt cho tao 2 con chuột làm tao mất_ngủ xong hôm sau nó đi tiếp icon_buon tao mong nó về lắm icon_buon
ác quá,Disgust,ác quá
lâu lâu được nghe truyện cổ tích thấy còn niềm tin vào cuộc sống 🤣🤣,Enjoyment,lâu_lâu được nghe truyện_cổ_tích thấy còn niềm tin vào cuộc_sống icon_vui icon_vui
tao lại thích chua lè chua loét chứ :))),Enjoyment,tao lại thích chua_lè chua_loét chứ icon_vui
nó ảnh hưởng tới cơ thể như thế nào vậy ạ ?,Surprise,nó ảnh_hưởng tới cơ_thể như thế_nào vậy ạ
chúng ta thật hạnh phúc và luôn đi chung với nhau suốt chặn đường dài rồi đó nà ?,Enjoyment,chúng_ta thật hạnh_phúc và luôn đi chung với nhau suốt chặn đường dài rồi đó nà
như nó không phải là tình yêu . khi đã là tình yêu thì không gì đánh đổi nó cả . con gái kỳ lạ chỗ đó .,Other,như nó không phải là tình_yêu khi đã là tình_yêu thì không gì đánh_đổi nó cả con_gái kỳ_lạ chỗ đó
t thấy dễ mà . không biết thì học khác biết . ez vãi,Enjoyment,tao thấy dễ mà không biết thì học khác biết ez vãi
"nếu không làm được thì nghỉ đi để người khác làm . đừng để vì mình mà làm ảnh hưởng đến uy tín , danh dự , nhân phẩm của chị em trong ngành . 😌",Disgust,nếu không làm được thì nghỉ đi để người khác làm đừng để vì mình mà làm ảnh_hưởng đến uy_tín danh_dự nhân_phẩm của chị_em trong ngành
"gia đình bọn này chắc cũng chả ra cái gì con cái mới thế , tội em gái bị đánh",Disgust,gia_đình bọn này chắc cũng chả ra cái gì con_cái mới thế tội em_gái bị đánh
ôi cưng cưng quá,Enjoyment,ôi cưng cưng quá
dme thần đèn ăn theo tổng đài vtc à,Disgust,dme thần đèn ăn_theo tổng_đài_vtc à
"đã dùng , nhớ quá ngày xưa",Enjoyment,đã dùng nhớ quá ngày_xưa
đơn giản 🙂,Enjoyment,đơn_giản icon_vui
rủ được crush đi thì không cần qua đây nữa rồi admin ưiiii :(((,Sadness,rủ được crush đi thì không cần qua đây nữa rồi admin ưi icon_buon
tình cờ gặp nó và đột nhiên cắm mặt bỏ chạy như điên,Fear,tình_cờ gặp nó và đột_nhiên cắm mặt bỏ chạy như_điên
vl bố tao đang ở đây mà chắc sáng mai mới về mất ??,Fear,rất bố tao đang ở đây mà chắc sáng_mai mới về mất
căng thẳg quá mà,Sadness,căng thẳg quá mà
"hồi bé đi mua xôi bị một đàn ngỗng đuổi 🙂 may mình đi xe đạp không thì ăn lol ** với chúng nó , cái thứ mất dậy 🙎🏻‍♀️🙎🏻‍♀️🙎🏻‍♀️",Fear,hồi bé đi mua xôi bị một đàn ngỗng đuổi icon_vui may mình đi xe_đạp không thì ăn lol với chúng_nó cái thứ mất dậy
hồi năm lớp 8 lớp tao bị quỳ trước sân trường đây nguyên lớp luôn,Other,hồi năm lớp 8 lớp tao bị quỳ trước sân trường đây nguyên lớp luôn
chân thành và giản dị . con yêu mến tình cảm của 2 cụ,Enjoyment,chân_thành và giản_dị con yêu_mến tình_cảm của 2 cụ
cố gắng lên cụ nhé !!❤,Other,cố_gắng lên cụ nhé
nhốt hết mấy thành phần hát karaoke đấy vào sọt đi trời,Anger,nhốt hết mấy thành_phần hát karaoke đấy vào sọt đi trời
"có tài nhưng đôi lúc muốn làm diễn viên hài 🤣🤣🤣, khoái thanh niên này buồn cười vkl",Enjoyment,có tài nhưng đôi lúc muốn làm diễn_viên hài icon_vui icon_vui icon_vui khoái thanh_niên này buồn_cười rất
cuộc sống đổi thay làm lòng người thay đổi . hiểu vậy cho nó vuông,Other,cuộc_sống đổi_thay làm lòng người thay_đổi hiểu vậy cho nó vuông
chung quy là hình thức quảng cáo !!!,Other,chung_quy là hình_thức quảng_cáo
sao lại có chuyện vô lý như vậy được chứ 😠. rồi bé nhỏ sẽ như thế nào khi chứng kiến bố nó bị đâm ngay trước mặt nó . nghĩ đã không dám nghĩ tới rồi thấy thương bé quá .,Other,sao lại có chuyện vô_lý như_vậy được chứ icon_tucgian rồi bé_nhỏ sẽ như thế_nào khi chứng_kiến bố nó bị đâm ngay trước mặt nó nghĩ đã không dám nghĩ tới rồi thấy thương bé quá
trông anh thần thái vãi :v,Enjoyment,trông anh thần_thái vãi v
khi bạn thật lòng với ai đó . nhưng người ta coi bạn như 1 trò đùa,Other,khi bạn thật lòng với ai đó nhưng người_ta coi bạn như 1 trò_đùa
giống ml em tao hồi n nhỏ vãi . muốn ngủ với mẹ nhưng bị tao nịnh nọt bắt lên ngủ với tao :)),Enjoyment,giống ml em tao hồi n nhỏ vãi muốn ngủ với mẹ nhưng bị tao nịnh_nọt bắt lên ngủ với tao icon_vui
đụ con đĩ mẹ hôm nọ đang ngủ thằng lol nào hét ầm ầm . mày về nà hét cha hét mẹ mày chớ ngủ không yên,Anger,đụ con đĩ mẹ hôm nọ đang ngủ thằng lol nào hét ầm_ầm mày về nà hét cha hét mẹ mày chớ ngủ không yên
có tất cả các vị mày niếm được,Other,có tất_cả các vị mày niếm được
cắt tóc rồi mặt như con heo,Disgust,cắt tóc rồi mặt như con_heo
"bây giờ con đã sai vì đã chưa làm gì được cho cha , con thật sự xin lỗi cha và mẹ ,",Sadness,bây_giờ con đã sai vì đã chưa làm gì được cho cha con thật_sự xin_lỗi cha và mẹ
không thấy không biết lòng không đau,Sadness,không thấy không biết lòng không đau
tán gái hay vãi,Enjoyment,tán gái hay vãi
nhìn ghê vãi . ai nuôi mà ác thế,Disgust,nhìn ghê vãi ai nuôi mà ác_thế
"đúng . làm gì không quan trọng , quan trọng là bạn làm điều đó với ai",Other,đúng làm gì không quan_trọng quan_trọng là bạn làm điều đó với ai
"xời tưởng gì , cái này tao làm được =)))",Enjoyment,xời tưởng gì cái này tao làm được
thôi tốt nhất là chịu thua đi . thắng hay thua cũng đâu có được gì .,Other,thôi tốt nhất là chịu_thua đi thắng hay thua cũng đâu có được gì
giao lưu tí không . tự bấm chứ không mua =))),Enjoyment,giao_lưu tí không tự bấm chứ không mua
thằng nào quảng cáo xe vãi thế,Surprise,thằng nào quảng_cáo xe vãi_thế
đấy mới là điều càn đó . huhu,Sadness,đấy mới là điều càn đó huhu
hạnh phúc là đây chứ đâu =))),Enjoyment,hạnh_phúc là đây chứ đâu
đó cũng là cái cốt lõi cái then chốt thúc đẩy ông phát tiển sách lược của mình bằng cái tâm và cái tầm .,Other,đó cũng là cái cốt_lõi cái then_chốt thúc_đẩy ông phát tiển sách_lược của mình bằng cái tâm và cái tầm
môn này đéo dành cho những người chân ngắn như tao :) bay qua chắc lọt mẹ xuống sông ^^,Fear,môn này đéo dành cho những người chân ngắn như tao icon_vui bay qua chắc lọt mẹ xuống sông icon_vui
xem đi xem lại vẫn hay ;)))))),Enjoyment,xem đi xem_lại vẫn hay
per ông cháu không nè kkk,Enjoyment,per ông cháu không nè k
có hôm tao đang vương nỏ tính bắn vào con họa mi đang đậu trên cành thì ai ngờ nó phản đame đứt thun dội ngược vào mặt từ đó tao không còn chơi nữa,Sadness,có hôm tao đang vương nỏ tính bắn vào con_họa mi đang đậu trên cành thì ai_ngờ nó phản_đame đứt thun dội ngược vào mặt từ đó tao không còn chơi nữa
cưng xỉu ~~??,Enjoyment,cưng xỉu
đằng nào thì điều hòa vẫn bật mà .,Other,đằng nào thì điều hòa vẫn bật mà
:))) mình sướng mà mình không biết hưởng nhìn lại những mảnh đời bất hạnh mình nguối mặt thẹn gấp 100 lần,Sadness,icon_vui mình sướng mà mình không biết hưởng nhìn lại những mảnh đời bất_hạnh mình nguối mặt thẹn gấp 100 lần
per đến con nít chúng ta cũng không bằng là sao ......... tuổi thơ và tuổi thanh xuân nợ chúng ta quá nhiều thứ rồi 😭😭😭😭,Sadness,per đến con_nít chúng_ta cũng không bằng là sao tuổi_thơ và tuổi thanh_xuân nợ chúng_ta quá nhiều thứ rồi icon_buon icon_buon icon_buon icon_buon
"đấy , chỉ có sale như tao mới tốt thôi , tao không bao giờ hỏi về nỗi đau của khách hàng : x",Enjoyment,đấy chỉ có sale như tao mới tốt thôi tao không bao_giờ hỏi về nỗi đau của khách_hàng x
kinh dị thật nhìn ngu vãi,Disgust,kinh_dị thật nhìn ngu vãi
con bé xinh ghê,Enjoyment,con bé xinh ghê
kaka cái mặt bà kìa,Enjoyment,kaka cái mặt bà kìa
lâu lâu tự nhiên ghen mặc dù đéo là gì của nhau 🙃🙃🙃,Anger,lâu_lâu tự_nhiên ghen mặc_dù đéo là gì của nhau
per tự nhiên thấy mình hơi thất đức,Other,per tự_nhiên thấy mình hơi thất_đức
tưởng tượng mà dưới sông có cá sấu nữa chắc hết dám đi,Fear,tưởng_tượng mà dưới sông có cá_sấu nữa chắc hết dám đi
cần xem cái kết của bọn này,Other,cần xem cái kết của bọn này
quá nguy hiểm,Fear,quá nguy_hiểm
maii ban thanh nhung nhớ cái này không hic 😭😭😭😭😭,Sadness,maii ban thanh nhung nhớ cái này không hic icon_buon icon_buon icon_buon icon_buon icon_buon
hoàng thượng mặc áo đầu lâu mới sợ chứ,Other,hoàng thượng mặc áo đầu_lâu mới sợ chứ
tao chả bao giờ làm thế,Other,tao chả bao_giờ làm thế
dume thằng mất dạy !,Anger,dume thằng mất_dạy
chưa bao giờ còn yêu nhiều hơn thế 😍😍 bởi cha mẹ cho tôi tất cả,Enjoyment,chưa bao_giờ còn yêu nhiều hơn thế icon_vui icon_vui bởi cha_mẹ cho tôi tất_cả
cuốn sổ vô dụng nhất mà tôi từng biết . ơn giời nó không còn nữa,Disgust,cuốn sổ vô_dụng nhất mà tôi từng biết ơn giời nó không còn nữa
có những người như chủ thớt bảo sao đất nước không phát triển,Disgust,có những người như chủ thớt bảo sao đất_nước không phát_triển
má lỡ té xuống 1 cái tao nói lên tắm 8 năm cũng đéo sạch nữa,Fear,má lỡ té xuống 1 cái tao nói lên tắm 8 năm cũng đéo sạch nữa
tao khuyên bọn mày đừng dắt bọn con gái theo . nó bắt bọn mày cõng nhảy qua đấy :))),Disgust,tao khuyên bọn mày đừng dắt bọn con_gái theo nó bắt bọn mày cõng nhảy qua đấy icon_vui
"bệnh quá , xấu mặt người dân 1 vùng quê đồng bằng bắc bộ",Disgust,bệnh quá xấu mặt người dân 1 vùng quê đồng_bằng bắc bộ
hai bác học nghiêm túc ghê :))),Enjoyment,hai bác_học nghiêm_túc ghê icon_vui
không thấy hay ho gì cả,Disgust,không thấy hay_ho gì cả
bóp dái thật mạnh xem còn dám sàm sỡ không,Anger,bóp dái thật mạnh xem còn dám sàm_sỡ không
mấy đứa chân ngắn qua sao,Sadness,mấy đứa chân ngắn qua sao
ôi vãi nhìn ảnh giật mình đám nghiệt súc cười nhé răng !!!!!! đhs ... 😞 đẻ ra đau bết cả lồn,Disgust,ôi vãi nhìn ảnh giật_mình đám nghiệt súc cười nhé răng đhs icon_buon đẻ ra đau bết cả lồn
bác nói vậy thì tao cũng quì,Other,bác nói vậy thì tao cũng quì
cứ thải trực tiếp ra sông thì có xử lý công nghệ mặt trăng cũng bó tay,Disgust,cứ thải trực_tiếp ra sông thì có xử_lý công_nghệ mặt_trăng cũng bó_tay
"tao bảo 99 , 99999 % là mấy ông ngoài bắc và kiểu chửi này cũng ngoài bắc vì tao cũng bị chửi vậy khi còn bé . h thì bình thường nhưng nghĩ lại buồn chứ không vui đâu tụi bay . ngoài bắc cách giáo dục là miệt thị . ko đồng ý",Disgust,tao bảo 99 99999 là mấy ông ngoài bắc và kiểu chửi này cũng ngoài bắc vì tao cũng bị chửi_vậy khi còn bé giờ thì bình_thường nhưng nghĩ_lại buồn chứ không vui đâu tụi bay ngoài bắc cách giáo_dục là miệt_thị không đồng_ý
phim này ý nghĩa lắm,Enjoyment,phim này ý_nghĩa lắm
"ảnh đẹp lắm , nhưng không có những người khổ này thì sẽ đẹp hơn 🙂",Other,ảnh đẹp lắm nhưng không có những người khổ này thì sẽ đẹp hơn icon_vui
"thì bác cứ tranh luận đi , bác nói đúng thì mình cũng chả nói gì , còn mình thấy cái kiểu cậy nhà mặt đường nhưng tư tưởng nhắn tin kia thì kiểu gì cũng có ngày sấp mặt .",Anger,thì bác cứ tranh_luận đi bác nói đúng thì mình cũng chả nói gì còn mình thấy cái kiểu cậy nhà mặt_đường nhưng tư_tưởng nhắn_tin kia thì kiểu gì cũng có ngày sấp_mặt
yêu thế,Enjoyment,yêu_thế
nhưng vẫn tồn tại nhiều đứa con gái không như vậy mà ??,Other,nhưng vẫn tồn_tại nhiều đứa con_gái không như vậy_mà
làm sao mặc áo được ta 😂😂,Surprise,làm_sao mặc áo được ta icon_vui icon_vui
"ê tao cũng hay giữ mấy cái linh tinh lại như vậy để vài năm sau mở ra xem lại có cảm giác hoài niệm , mà mẹ tao bắt tao vứt hết rồi 😢",Sadness,ê tao cũng hay giữ mấy cái linh_tinh lại như_vậy để vài năm sau mở ra xem_lại có cảm_giác hoài_niệm mà mẹ tao bắt tao vứt hết rồi icon_buon
ảnh đẹp quá 😍,Enjoyment,ảnh đẹp quá icon_vui
"t không tiếc mấy ly trà sữa , chỉ thấy tội cho mấy cô lao công dọn dẹp mà thôi 😔",Sadness,tao không tiếc mấy ly trà sữa chỉ thấy tội cho mấy cô lao_công dọn_dẹp mà thôi icon_buon
người lớn tuổi nhiều lúc rất dễ thương 😊❤,Enjoyment,người lớn_tuổi nhiều lúc rất dễ_thương icon_vui
sao giốg với mình v . nhưg mình từ bỏ rồi người ta hình như cũng có người khác . từ đầu là do mình ảo tưởg thôi giờ thì tỉnh đi cô gái ạ,Sadness,sao giốg với mình v nhưg mình từ_bỏ rồi người_ta hình_như cũng có người khác từ đầu là do mình ảo tưởg thôi giờ thì tỉnh đi cô gái ạ
tôi đập cho toè cái mỏ lun nha,Anger,tôi đập cho toè cái mỏ lun nha
có ai ngu như tao không đơn phương con nhỏ cạnh nhà 4 năm mặc dù nó ngồi chung bàn với tao suốt mấy năm cấp 3 :(((,Sadness,có ai ngu như tao không đơn_phương con nhỏ cạnh nhà 4 năm mặc_dù nó ngồi chung bàn với tao suốt mấy năm cấp 3 icon_buon
ở nhà vênh lắm đi bộ đội thì yếu ớt vãi,Disgust,ở nhà vênh lắm đi bộ_đội thì yếu_ớt vãi
thương mấy anh quá mà tao không kiềm được vẫn phải thả haha,Enjoyment,thương mấy anh quá mà tao không kiềm được vẫn phải thả haha
bẩn vãi,Disgust,bẩn vãi
đường của nhà nước co phải nhà cụ đâu mà kêu ca,Disgust,đường của nhà_nước co phải nhà_cụ đâu mà kêu_ca
sao giống tôi rứa hỉ ...,Surprise,sao giống tôi rứa hỉ
đm độc bình luận toàn kêu chọn nghề khác dume đây đéo phải nói tới cái nghề mà là nói tới ý thức của tụi mày đó đầu trâu óc chó . nếu chọn nghề khác thì dume ai làm công việc đó ... nghề chọn mình mình không chọn nghề được ... kể cả làm phò như tụi mày cũng vậy,Disgust,chửi_thề độc_bình_luận toàn kêu chọn nghề khác dume đây đéo phải nói tới cái nghề mà là nói tới ý_thức của tụi mày đó đầu trâu óc chó nếu chọn nghề khác thì dume ai làm công_việc đó nghề chọn mình mình không chọn nghề được kể_cả làm phò như tụi mày cũng vậy
mai người ta đi học mai tao đi du lịch ố la la =))))))))))))),Enjoyment,mai người_ta đi học mai tao đi du_lịch ố la la
có khi nào kết hôn xong nó giết lấy tiền bảo hiểm không,Fear,có khi nào kết_hôn xong nó giết lấy tiền bảo_hiểm không
nó mà cắn ai 1 phát thì ... nghĩ thôi đã rùng mình,Fear,nó mà cắn ai 1 phát thì nghĩ thôi đã rùng_mình
mát lồng lộng mày ạ,Enjoyment,mát lồng_lộng mày ạ
mưa lắm các con giời ở nhà ngủ cho khoẻ nhé .,Other,mưa lắm các con giời ở nhà ngủ cho khoẻ nhé
năm nay con bao nhiêu tuổi rồi ? =)),Other,năm nay con bao_nhiêu tuổi rồi
vì chúng ta không nên nói chuyện với nhau nữa,Sadness,vì chúng_ta không nên nói_chuyện với nhau nữa
tao xin bổ sung thêm,Other,tao xin bổ_sung thêm
"ngu và ngang ngược quen rồi , chừa tật nhé",Disgust,ngu và ngang_ngược quen rồi chừa tật nhé
có người sinh ra đã làm ban giám khảo anh nhé kk,Enjoyment,có người sinh ra đã làm ban giám_khảo anh nhé kk
thật buồn khi mình thịt vợ thang khác mà thằng khác thịt vợ tưong lai mình,Sadness,thật buồn khi mình thịt vợ thang khác mà thằng khác thịt vợ tưong lai mình
hay bị giật khô trên đó rồi :(,Sadness,hay bị giật khô trên đó rồi icon_buon
"đm lũ chó bán thịt lợn sán cho các cháu lũ đấy phải tìm ra và xử tử hết . loz mẹ chúng mày vì lợi nhuận giết hết cả tương lai đất nước , dume lũ chó chết",Anger,chửi_thề lũ chó bán thịt lợn sán cho các cháu lũ đấy phải tìm ra và xử_tử hết loz mẹ chúng_mày vì lợi_nhuận giết hết cả tương_lai đất_nước dume lũ chó_chết
đéo có người thương để mà làm ấy chứ :(,Sadness,đéo có người_thương để mà làm ấy chứ icon_buon
"per chồng xem đi , hài lắm",Enjoyment,per chồng xem đi hài lắm
per dume lần sau có tỏ tình thì cũng 1 vừa 2 phải thôi,Disgust,per dume lần sau có tỏ_tình thì cũng 1 vừa 2 phải thôi
chạy ngay đi 😨😨 trước khi bọn chủ tịch vào đây và giả làm con c * c gì đó rồi bị coi thường và tụi bay phải nhận cái kết đấy . 😬😬😬😬,Other,chạy ngay đi icon_loso icon_loso trước khi bọn chủ_tịch vào đây và giả làm con c c gì đó rồi bị coi_thường và tụi bay phải nhận cái kết đấy
nhưng mà từ giờ trở đi đéo được tiếp xúc rồiii,Sadness,nhưng mà từ giờ trở đi đéo được tiếp_xúc rồi
"per cùng suy nghĩ , và sợ cả điện giật nữa , giờ cứ ngồi cho chắc ăn .",Other,per cùng suy_nghĩ và sợ cả điện giật nữa giờ cứ ngồi cho chắc_ăn
"cái này ở shop đồng giá 40k aeon có nè , tê tới dái luôn",Enjoyment,cái này ở shop đồng giá 40k aeon có nè tê tới dái luôn
ngày buồn nhất trời đổ cơn mưa :(,Sadness,ngày buồn nhất trời đổ cơn mưa icon_buon
không có khúc rớt dt hả .. 😑,Other,không có khúc rớt dt hả
như con điên :)),Disgust,như con điên icon_vui
tao lại bị mọc lông chân rồi :((,Sadness,tao lại bị mọc lông chân rồi icon_buon
sao bắt nhanh thế sáng đọc báo có tin chôm ngân ngàng chiều đọc báo đã bắt được rồi,Surprise,sao bắt nhanh thế sáng đọc báo có tin chôm ngân ngàng chiều đọc báo đã bắt được rồi
mỗi lần tao ăn đu đủ bằng thìa thì bố tao lại chửi tao . bố tao bảo loại mày ăn đu đủ không cần thìa đâu .,Sadness,mỗi lần tao ăn đu_đủ bằng thìa thì bố tao lại chửi tao bố tao bảo loại mày ăn đu_đủ không cần thìa đâu
"vãi cả ngứa mắt :)). lập luận rất là có cái "" lí "" luôn . đấy , ngứa mắt là sai cả lí rồi nhé mấy ông đỗ xe =)))",Disgust,vãi cả ngứa_mắt icon_vui lập_luận rất là có cái lí luôn đấy ngứa_mắt là sai cả lí rồi nhé mấy ông đỗ xe
mua thuốc ngoài thú y sức vào vài ngày nó không bám nữa,Other,mua thuốc ngoài thú_y sức vào vài ngày nó không bám nữa
"tao cũng hay nằm mơ con mèo của mình nó về , tao tưởng thật nên khóc cả trong mơ lẫn ngoài đời . nhưng nó đâu có thể về được nữa ...",Sadness,tao cũng hay nằm_mơ con mèo của mình nó về tao tưởng thật nên khóc cả trong mơ lẫn ngoài đời nhưng nó đâu có_thể về được nữa
giá mà có ai để giận :v,Sadness,giá mà có ai để giận v
"chân ta cũng là chân đi và giờ bị đứt dây chằng , nằm một chỗ đợi mổ rồi mày . đồng cảm vãi",Sadness,chân ta cũng là chân đi và giờ bị đứt dây_chằng nằm một chỗ đợi mổ rồi mày đồng_cảm_vãi
"ai ở gần đó xin hãy giúp chú , thương chú",Sadness,ai ở gần đó xin hãy giúp chú thương chú
cuối ngày hình ảnh của ông bà là đẹp nhất ... chúc ông bà mãi hạnh phúc sống thật lâu lâu nhé 😘😘😘,Enjoyment,cuối ngày hình_ảnh của ông_bà là đẹp nhất chúc ông_bà mãi hạnh_phúc sống thật lâu_lâu nhé icon_vui icon_vui icon_vui
cắt như anh này gọn gàng thoáng mát nhé auto đẹp trai,Other,cắt như anh này gọn_gàng thoáng mát nhé auto đẹp_trai
"có thể xương của mày nó bị giòn , xuất viện nhớ bổ sug thêm nhiều canxi nhé",Other,có_thể xương của mày nó bị giòn xuất_viện nhớ bổ sug thêm nhiều canxi nhé
per 1 lần chơi lớn xem em có trầm trồ,Other,per 1 lần chơi lớn xem em có trầm_trồ
xin lỗi mày nhưng tao đọc buồn cười,Enjoyment,xin_lỗi mày nhưng tao đọc buồn_cười
trải qua một cuộc bể dâu . những điều trông thấy mà đau đớn lòng,Sadness,trải qua một cuộc bể_dâu những điều trông thấy mà đau_đớn lòng
t nghĩ thằng châu phi kia nó rất nhiều tiền,Other,tao nghĩ thằng châu phi kia nó rất nhiều tiền
per đi đâu cũng nghe bài này riết muốn tắt dẹp cho rồi,Anger,per đi đâu cũng nghe bài này riết muốn tắt dẹp cho rồi
nhìn thấy ghét ...,Disgust,nhìn thấy ghét
per xàm lol giáo dục đéo gì,Disgust,per xàm lol giáo_dục đéo gì
per biết phân biệt phải trái không vậy ??? và có biết đỗ như thế nào là đúng luật không ???,Anger,per biết phân_biệt phải trái không vậy và có biết đỗ như thế_nào là đúng luật không
chán mấy ông thanh niên .,Sadness,chán mấy ông thanh_niên
trẻ trâu thời nào cũng có thông cảm đi,Disgust,trẻ trâu thời nào cũng có thông_cảm_đi
cũng là chị em nó làm nhà trẻ nên chịu thôi,Other,cũng là chị_em nó làm nhà_trẻ nên chịu thôi
bắt được rồi cho bọn này đi chết đi để chúng nó sống rồi làm hại người khác,Disgust,bắt được rồi cho bọn này đi chết đi để chúng_nó sống rồi làm hại người khác
đốt cháy túi tiền thì ở nhà cho rồi . xem chi không biết,Anger,đốt cháy túi_tiền thì ở nhà cho rồi xem chi không biết
per có thằng bị tao bắn từ đó không thấy họa mi hót nữa luôn,Enjoyment,per có thằng bị tao bắn từ đó không thấy họa mi hót nữa luôn
"hôm qua tôi đi grab gặp được bạn đẹp trai , thơm phức nè . có cô gái nào có hứng thú hem ?",Enjoyment,hôm_qua tôi đi grab gặp được bạn đẹp_trai thơm_phức nè có cô gái nào có hứng_thú hem
đẹp quá v 😍😍,Enjoyment,đẹp quá v icon_vui icon_vui
:) thế trong trường hợp này thì sao ? có nhiều xe lắm đâu cụ,Other,icon_vui thế trong trường_hợp này thì sao có nhiều xe lắm đâu_cụ
lo cho thang bé lỡ rớt điện thoại xuống nước thì ....,Fear,lo cho thang bé lỡ rớt điện_thoại xuống_nước thì
per dăm ba cái con nhện :))))),Other,per dăm_ba cái con nhện icon_vui
ủa rồi chân một khúc như tao nhảy kiểu gì ? 🙂,Other,ủa rồi chân một khúc như tao nhảy kiểu gì icon_vui
trong 1 năm đó bố mẹ ông cho ông 10 tỷ đố là tiêu vặt và 1 con lám bồ để đi giao hàng,Other,trong 1 năm đó bố_mẹ ông cho ông 10 tỷ đố là tiêu vặt và 1 con lám bồ để đi giao hàng
k chăm được thì đừng nuôi nhìn tội quá ??,Disgust,không chăm được thì đừng nuôi nhìn tội quá
"có hôm nó lo đọc cho mình nên không chép kịp bài , cô giáo bắt phạt đánh đòn cả hai đứa . năm sau bạn í chuyển trường mất , nhớ bạn quá !",Sadness,có hôm nó lo đọc cho mình nên không chép kịp bài cô_giáo bắt phạt đánh_đòn cả hai đứa năm sau bạn í chuyển trường mất nhớ bạn quá
"đừng ám tao nữa , sợ lắm",Fear,đừng ám tao nữa sợ lắm
tao gửi từ ngã tư đồng đội cơ mà đi xa vãi,Other,tao gửi từ ngã tư đồng_đội cơ_mà đi xa vãi
"lạ kì thật , một kì thi quan trọng như vầy mà vẫ nhầm đề được .",Disgust,lạ_kì thật một kì thi quan_trọng như_vầy mà vẫ nhầm đề được
định mệnh tao lại quên mang áo mưa,Sadness,định_mệnh tao lại quên mang áo_mưa
chia buồn cùng người dân và đất nước pháp,Sadness,chia buồn cùng người dân và đất_nước pháp
"per mày ơi trò này lợi hại nè áp dụng ngay :"")))",Enjoyment,per mày ơi trò này lợi_hại nè áp_dụng ngay
per :))) không bù cho nhũng người như cta,Sadness,per icon_vui không bù cho nhũng người như cta
ôi gu mình !! mà phim lâu quá rùi giờ mà đóng lại bản khác thì không biết sao haaa,Enjoyment,ôi gu mình mà phim lâu quá rồi giờ mà đóng lại bản khác thì không biết sao ha
"giống hệt mình , nhưng bạn may mắn hơn vì bên này quyết trốn nợ tận cùng",Sadness,giống_hệt mình nhưng bạn may_mắn hơn vì bên này quyết trốn nợ tận_cùng
"đéo mẹ bệnh viện chứ có phải chỗ gửi xe đâu , nó niêm yết rõ ràng như thế kêu ca cái gì",Anger,đéo mẹ bệnh_viện chứ có phải chỗ gửi xe đâu nó niêm_yết rõ_ràng như thế kêu_ca cái gì
per ngày mai là ngày gì mà ra lắm phim vậy bạn ?,Surprise,per ngày_mai là ngày gì mà ra lắm phim vậy bạn
"ước gì con về với mẹ .... đợi mấy tháng rồi vẫn chưa thấy bóng dáng con , mong con vẫn sống ...",Sadness,ước gì con về với mẹ đợi mấy tháng rồi vẫn chưa thấy bóng_dáng con mong con vẫn sống
chất đó có làm mềm não không ?,Other,chất đó có làm mềm não không
em này có cạo lông không ta sao nhìn lông ngăn quá,Other,em này có cạo lông không ta sao nhìn lông ngăn quá
"ngày nào cũng thấy tàu trật bánh , khá buồn",Sadness,ngày nào cũng thấy tàu trật bánh khá buồn
tao thấy nhảm quá,Disgust,tao thấy nhảm quá
y tế 24tr tháng á ???? kinh vầy ???,Surprise,y_tế 24tr tháng á kinh_vầy
"thế mày lại ghép nhạc vào làm gì cho con bé bị tán mấy chục cái , mày ác lắm",Disgust,thế mày lại ghép nhạc vào làm gì cho con bé bị tán mấy chục cái mày ác lắm
per em đã tìm ra giải pháp thiết kế rồi nhé :))),Enjoyment,per em đã tìm ra giải_pháp thiết_kế rồi nhé icon_vui
sad cực mạnh,Sadness,sad cực mạnh
per may cho bạn 😄😄😄,Enjoyment,per may cho bạn
đợi đến ngày họp lớp đi 😪,Sadness,đợi đến ngày họp lớp đi
tao thích con trai đầu tóc gọn gàng vãi_chưởng 🙃,Enjoyment,tao thích con_trai đầu tóc gọn_gàng vãi_chưởng
"hành động đẹp chứ sao , đằng nào cũng tiệt kiệm hơn :)) 0",Enjoyment,hành_động đẹp chứ sao đằng nào cũng tiệt kiệm hơn icon_vui 0
chỉ ước về sau mình được vay,Enjoyment,chỉ ước về sau mình được vay
"bạn bè nói chuyện cũng chụp post facebook , vui không ?",Disgust,bạn_bè nói_chuyện cũng chụp post facebook vui không
per mệt quá mấy con ơi,Sadness,per mệt quá mấy con ơi
nói tóm lại là nó thích đỗ đâu thì nó đỗ mình thích thì mình gọi công an . chứ mình không có quyền,Other,nói tóm_lại là nó thích đỗ đâu thì nó đỗ mình thích thì mình gọi công_an chứ mình không có quyền
"mới đây mẹ tao giúp tao làm lại giấy khai sinh . mẹ có hỏi "" mày sinh ngày mấy để mẹ làm ""😑",Sadness,mới_đây mẹ tao giúp tao làm lại giấy khai_sinh mẹ có hỏi mày sinh ngày mấy để mẹ làm
tôi muốn có một mối tình bình dị .,Other,tôi muốn có một mối tình bình_dị
hú hồn chim én :)),Fear,hú_hồn chim én icon_vui
phải có bao nhiêu tình cảm mới có thể viết ra được những dòng này ...,Sadness,phải có bao_nhiêu tình_cảm mới có_thể viết ra được những dòng này
"bờ biển thì rộng , có những chỗ mày viết có thể rất lâu sau mới bị lấp đi tại sao chọn chỗ khó khăn nhất vậy . thảo nào đéo bao giờ có người yêu :))",Disgust,bờ biển thì rộng có những chỗ mày viết có_thể rất lâu sau mới bị lấp đi tại_sao chọn chỗ khó_khăn nhất vậy thảo_nào đéo bao_giờ có người_yêu icon_vui
mệt mõi 😥,Sadness,mệt mõi icon_loso
đã thử và rất thích thú 😆.,Enjoyment,đã thử và rất thích_thú icon_vui
"ủa bất ngờ đây , thanh niên nào đây =))))",Surprise,ủa bất_ngờ đây thanh_niên nào đây
con này chăm sóc n là n bao đẹp ><,Enjoyment,con này chăm_sóc n là n bao đẹp
"dume , phải con tao thì đéo bao giờ chúng mày có cơ hội xin lỗi luôn .",Anger,dume phải con tao thì đéo bao_giờ chúng_mày có cơ_hội xin_lỗi luôn
"thiệt ra bạn mày đẹp hơn , vì màt chỉ được cái lưng dài lười biếng thui 🙃🙃",Disgust,thiệt ra bạn mày đẹp hơn vì màt chỉ được_cái lưng dài lười_biếng thui
móng tay và tóc theo thời gian thì mọc càng dài tại sao chỉ có con chim là nó không mọc dài hơn nữa ta,Sadness,móng tay và tóc theo thời_gian thì mọc càng dài tại_sao chỉ có con chim là nó không mọc dài hơn nữa ta
tuyệt thật,Enjoyment,tuyệt thật
năm nay vào quán net ngồi cho đỡ phải nhìn .....☺️,Sadness,năm nay vào quán net ngồi cho đỡ phải nhìn
bé tí mà đã có múi rồi :))),Enjoyment,bé tí mà đã có múi rồi icon_vui
giờ nín ngay không ? việc gì phải khóc,Other,giờ nín ngay không việc gì phải khóc
"chẳng phải chuyện hài nhưng sao tao thấy buồn cười quá , chắc thần kinh có vấn đề",Enjoyment,chẳng phải chuyện hài nhưng sao tao thấy buồn_cười quá chắc thần_kinh có vấn_đề
chuẩn không can chinh,Enjoyment,chuẩn không can chinh
liên quan đéo gì . trung thu tết đoàn viên gia đình chứ đoàn viên người yêu đéo đâu .,Anger,liên_quan đéo gì trung_thu tết đoàn_viên gia_đình chứ đoàn_viên người_yêu đéo đâu
cái đồng hồ mọi người cho em hỏi giá bao nhiêu ạ,Other,cái đồng_hồ mọi người cho em hỏi giá bao_nhiêu ạ
cụ í đỗ sai thì mợ cứ báo chính quyền thôi,Other,cụ í đỗ sai thì mợ cứ báo chính_quyền thôi
tao chưa nghe nói kính thuỷ lực bai giờ .,Other,tao chưa nghe nói kính thuỷ_lực bai giờ
"khiển trách là bị mắng rồi má , lại còn bắt chép phạt ác thật",Disgust,khiển_trách là bị mắng rồi má lại còn bắt chép phạt ác thật
dăm ba cái kỉu đây hồi nhỏ tao đốt chấy vài á mà 😃,Enjoyment,dăm_ba cái kỉu đây hồi nhỏ tao đốt chấy vài á mà
cưng gì đâu,Enjoyment,cưng gì đâu
2 chúng mày yêu nhau chọc tức bọn fa tụi tao thêm cay chứ an ủi đéo gì,Disgust,2 chúng_mày yêu nhau chọc_tức bọn fa tụi tao thêm cay chứ an_ủi đéo gì
per kkkk,Enjoyment,per k
tao của ngày này năm trước đang ước đừng lấy quỳ tím đem ra thử nghiệm . :(,Sadness,tao của ngày này năm trước đang ước đừng lấy quỳ tím đem ra thử_nghiệm icon_buon
thính thơm không,Other,thính thơm không
ôi không đừng vậy mà :((,Sadness,ôi không đừng vậy_mà icon_buon
"sao mày không viết nhanh lên , mày lấy tay chặn làm gì có giúp mày tốt hơn không hả ???",Anger,sao mày không viết nhanh lên mày lấy tay chặn làm gì có giúp mày tốt hơn không hả
nghe anh ấy nới chuyện rất thuyết phục,Enjoyment,nghe anh ấy nới chuyện rất thuyết_phục
khi nào tao nhìn con xò lông bánh bèo mà tao không mắc ói . thì khi đó tao lấy,Other,khi nào tao nhìn con xò lông bánh_bèo mà tao không mắc ói thì khi đó tao lấy
có thể là nó yêu mày :)),Other,có_thể là nó yêu mày icon_vui
per ối bạn ơi quà sinh nhật mình đây rồiiiii,Enjoyment,per ối bạn ơi quà sinh_nhật mình đây rồi
ai cho mình xin page của con này với thích xem nó live stream bán đồ gê,Enjoyment,ai cho mình xin page của con này với thích xem nó live stream bán đồ gê
cho nó đi trồng lại 10 ha và chăm sóc cho tới khi cây lớn bằng núc chúng nó bơm chết,Other,cho nó đi trồng lại 10 ha và chăm_sóc cho tới khi cây lớn bằng núc chúng_nó bơm chết
toàn bọn óc chó . không có lương tâm . sao chúng nó lại làm như vậy không nghĩ hậu quả sau này sao .,Disgust,toàn bọn óc chó không có lương_tâm sao chúng_nó lại làm như_vậy không nghĩ hậu_quả sau_này sao
"bảo không ly hôn cơ mà 😑, dma chơi nhau à",Anger,bảo không ly_hôn cơ_mà dma chơi nhau à
cần phải tỉnh táo,Other,cần phải tỉnh_táo
per thật sự là có cách nào dắt bé đi theo được không ? 😭,Other,per thật_sự là có cách nào dắt bé đi theo được không icon_buon
"thâ ̣ tao ra thi ̀ nê ́ u 1 thă ̀ người con trai no ́ yêu mày va ̀ coi tro ̣ người mày , câ ̀ n mày thi ̀ mày co ́ qua ́ i thai thê ́ na ̀ o no ́ cu ̃ người chi ̣ u đươ ̣ c va ̀ cô ́ gă ́ người la ̀ mày mày vui 🙂",Enjoyment,thâ ̣ tao ra thi ̀ nê ́ u 1 thă ̀ người con_trai no ́ yêu mày va ̀ coi tro ̣ người mày câ ̀ n mày thi ̀ mày co ́ qua ́ i thai thê ́ na ̀ o no ́ cu ̃ người chi ̣ u đươ ̣ c va ̀ cô ́ gă ́ người la ̀ mày mày vui icon_vui
phim nay xem rất nhiều lân nhưng quá hay vẫn muốn sẽ tiếp tục xem,Enjoyment,phim nay xem rất nhiều lân nhưng quá hay vẫn muốn sẽ tiếp_tục xem
thôi thì đi xem avenger lần 3 để tránh nóng nốt chiều nay không mai mưa rồi hehee,Enjoyment,thôi_thì đi xem avenger lần 3 để tránh nóng nốt chiều nay không mai mưa rồi hehee
cho xin tí muối ạ,Other,cho xin tí muối ạ
sao không cắt móng chân cho em ... nhìn mặt cute mà thấy móng chân em sợ phết,Fear,sao không cắt móng chân cho em nhìn mặt cute mà thấy móng chân em sợ phết
đã từng xem em là tất cả . mỗi khi mỏi mệt về thấy em và con cười là anh hạnh phúc rồi,Enjoyment,đã từng xem em là tất_cả mỗi khi mỏi_mệt về thấy em và con cười là anh hạnh_phúc rồi
nằm đó mà mơ 🙂,Disgust,nằm đó mà mơ icon_vui
duyên quá nói chuyện hay,Enjoyment,duyên quá nói_chuyện hay
"đm phạt 200 triệu đồng không có tiền đóng phạt 12 tháng tù cho biết , câu thích câu view dơ bẩn cho cá nhân mình",Disgust,chửi_thề phạt 200 triệu đồng không có tiền đóng phạt 12 tháng tù cho biết câu thích câu view dơ_bẩn cho cá_nhân mình
gắt quá nha 😂,Disgust,gắt quá nha_icon_vui
đừng trách anh vô tình vì em đã vô tâm,Other,đừng trách anh vô_tình vì em đã vô_tâm
"wow , đẹp dữ vậy à hehe",Surprise,wow đẹp dữ_vậy à hehe
"ngồi chờ một người đi qua 1 và coi đó như 1 sự tình cờ 😂😂😂 tao đã từng , nhưng đó là tao của ngày xưa . buồn cười thật 😁",Enjoyment,ngồi chờ một người đi qua 1 và coi đó như 1 sự tình_cờ icon_vui icon_vui icon_vui tao đã từng nhưng đó là tao của ngày_xưa buồn_cười thật icon_vui
"thôi , không tranh cãi , không lại các bác . nói chung không cấm thì đỗ , còn đỗ để làm gì thì do ý thức mỗi người",Other,thôi không tranh_cãi không lại các bác nói_chung không cấm thì đỗ còn đỗ để làm gì thì do ý_thức mỗi người
khóc vãi 😭,Sadness,khóc vãi icon_buon
"việc của ông vũ giờ là mua nhiều thật nhiều cigar và lên chùa xây cái am trung nguyên thiền định tiếp đi qua ơi , qua quậy quá rồi để cho vợ và 4 con tiếp quản được rồi qua ơi .",Disgust,việc của ông vũ giờ là mua nhiều thật nhiều cigar và lên chùa xây cái am trung_nguyên thiền_định tiếp đi qua ơi qua quậy quá rồi để cho vợ và 4 con tiếp_quản được rồi qua ơi
cũng là ninja như nhau mà cũng hơn thua làm gì vậy trời,Disgust,cũng là ninja như nhau mà cũng hơn thua làm gì vậy trời
và vui mừng hơn khi biết tin chị vợ ở nhà vừa sinh hạ em bé được 1 tuần,Enjoyment,và vui_mừng hơn khi biết tin chị vợ ở nhà vừa sinh hạ em bé được 1 tuần
lại là bà hàng xóm 😒,Disgust,lại là bà hàng_xóm icon_chankhet
bọn óc vật 🙂 đụng vào con cháu nhà tao thử,Anger,bọn óc vật icon_vui đụng vào con_cháu nhà tao thử
hay . đỡ mệt,Enjoyment,hay đỡ mệt
"thế đàn ông có thường gục ngã trước một đứa con gái xấu không ? vậy nên đó là chuyện thường tình , đàn ông mê sắc đàn bà mê tiền , mỗi giới một đam mê , đó là công bằng , khi nào mày yêu một con xấu đi rồi hãy nói đạo lol",Disgust,thế đàn_ông có thường gục ngã trước một đứa con_gái xấu không vậy nên đó là chuyện thường_tình đàn_ông mê sắc đàn_bà mê tiền mỗi giới một đam_mê đó là công_bằng khi nào mày yêu một con xấu đi rồi hãy nói đạo lol
per nhìn quen quen mày ơi,Surprise,per nhìn quen quen mày ơi
mà ô chủ xe cũng ngu vãi . mất công đậu thì đậu hẳn ra giữa đường day . để cho nó đỡ mất công về lại phải mất công đi đại tu,Disgust,mà ô chủ xe cũng ngu vãi mất_công đậu thì đậu hẳn ra giữa đường day để cho nó đỡ mất_công về lại phải mất_công đi đại_tu
gv có tâm vãi 😂,Enjoyment,gv có tâm vãi icon_vui
cầu mong chú có cuộc sống tốt hơn ❤,Enjoyment,cầu_mong chú có cuộc_sống tốt hơn
"bạn bè thì nó hỏi han , hay nhắn tin thôi .. hồi trước hay ảo tưởng lắm , nhưng giờ lớn nên hết trẻ trâu rồi 🤣",Other,bạn_bè thì nó hỏi_han hay nhắn_tin thôi hồi trước hay ảo_tưởng lắm nhưng giờ lớn nên hết trẻ trâu rồi icon_vui
khớp vãi =))))))) mặt con bé,Enjoyment,khớp vãi mặt con bé
mạng nhện chắc đóng kín rồi nhỉ,Other,mạng_nhện chắc đóng kín rồi nhỉ
tao đéo ghê con rắn tao ghê mấy cái trồi lên kìa :))),Fear,tao đéo ghê con rắn tao ghê mấy cái trồi lên kìa icon_vui
ngày ấy cũng từng như vậy ☺️,Enjoyment,ngày ấy cũng từng như vậy
"tao biết trước là nó sẽ lao vào màn hình mà , vậy nên tâm vẫn tỉnh lúc nó lao vào .",Enjoyment,tao biết trước là nó sẽ lao vào màn_hình mà vậy nên tâm vẫn tỉnh lúc nó lao vào
quả mặt dễ thương dữ vậy,Surprise,quả mặt dễ_thương dữ_vậy
"lúc sinh ra rồi , con gái không nói , là con trai thì ổng sẽ phải ước mình chưa đẻ ra nó , có thêm đứa tranh vợ với mình mà 😂😂",Other,lúc sinh ra rồi con_gái không nói là con_trai thì ổng sẽ phải ước mình chưa đẻ ra nó có thêm đứa tranh vợ với mình mà icon_vui icon_vui
cưng xĩu 😊😊,Enjoyment,cưng xĩu icon_vui icon_vui
người ngoài hành tinh nói tiếng anh ????? nà ní ?????,Surprise,người_ngoài hành_tinh nói tiếng anh nà ní
"nghĩ đến cảnh mặc áo là cảm thấy mất cả tuổi thanh xuân , chưa kể là lúc ngứa thì gãi kiểu gì 😂😂",Enjoyment,nghĩ đến cảnh mặc áo là cảm_thấy mất cả tuổi thanh_xuân chưa kể là lúc ngứa thì gãi kiểu gì icon_vui icon_vui
cứ thấy nó là ăn không còn xác thì lấy gì chúng kịp phá . nhìn thèm ứ chịu được 😔😔😔,Sadness,cứ thấy nó là ăn_không còn xác thì lấy gì chúng kịp phá nhìn thèm ứ chịu được icon_buon icon_buon icon_buon
xem video chị này công nhận hay và ý nghĩa thật . giờ lên xem vid mới biết về tuổi thơ chị này cơ cực thật đấy,Enjoyment,xem video chị này công_nhận hay và ý_nghĩa thật giờ lên xem vid mới biết về tuổi_thơ chị này cơ_cực thật đấy
nó giống tao ghê . gặp tao tao cũng chọn mày,Enjoyment,nó giống tao ghê gặp tao tao cũng chọn mày
hiện tại cảm thấy hạnh phúc khi môi trường làm việc toàn người lầy ....,Enjoyment,hiện_tại cảm_thấy hạnh_phúc khi môi_trường làm_việc toàn người lầy
đúng là mỹ nhanh gọn dứt khoát,Enjoyment,đúng là mỹ nhanh gọn dứt_khoát
khúc cuối cười lộn ruột,Enjoyment,khúc cuối cười lộn_ruột
mặt con mèo giải trí dữ 😬,Enjoyment,mặt con mèo giải_trí dữ
tại con này xấu quá không nhận diện được khuôn mặt,Disgust,tại con này xấu quá không nhận_diện được khuôn_mặt
"đã ra tù nhưng chắc nhớ tù quá , muốn quay lại trại nên mặc quả đồ này :vậy",Disgust,đã ra tù nhưng chắc nhớ tù quá muốn quay lại trại nên mặc quả đồ này vậy
anh có tin em giận lại anh không ?,Enjoyment,anh có tin em giận lại anh không
ác đến vậy là cùng,Disgust,ác đến vậy là cùng
khi cô đơn lòng em nhớ ai :((,Sadness,khi cô_đơn lòng em nhớ ai icon_buon
"nếu chiếc xe đỗ giữa cửa nhà tôi như trong hình của thớt tôi hoàn toàn không có cảm giác gì , kể cả ngày nào cũng vậy luôn .",Other,nếu chiếc xe đỗ giữa cửa_nhà tôi như trong hình của thớt tôi hoàn_toàn không có cảm_giác gì kể_cả ngày nào cũng vậy luôn
"đang định đi nhổ răng khôn , nghe được tin này thấy ghê răng 😁",Fear,đang định đi nhổ răng_khôn nghe được tin này thấy ghê răng icon_vui
"ước gì boss không co chân lên , tao vẫn sẽ nghĩ là boss thật khí chất =)))",Sadness,ước gì boss không co chân lên tao vẫn sẽ nghĩ là boss thật khí_chất
xem xong tao đã khóc rất nhiều,Sadness,xem xong tao đã khóc rất nhiều
ha ha ❤️ chất lắm,Enjoyment,ha_ha chất lắm
bộ này hoàn hảo quá,Surprise,bộ này hoàn_hảo quá
đậu . tao mê nhất là giọng tuy hòa phú yên . nó luôn mang một ấn tượng sâu sắc . nghe cứ thích thế nào ấy,Enjoyment,đậu tao mê nhất là giọng tuy hòa phú yên nó luôn mang một ấn_tượng sâu_sắc nghe cứ thích thế_nào ấy
lại ngáo đá rồi,Disgust,lại ngáo đá rồi
tao thì nói xong lại thấy người ta không hứng thú thì lại lượn,Sadness,tao thì nói xong lại thấy người_ta không hứng_thú thì lại lượn
để có được cái nắm tay tuổi già là bao giông bão của tuổi trẻ . mấy ai qua được bão giông ?,Enjoyment,để có được cái nắm tay tuổi già là bao giông_bão của tuổi_trẻ mấy ai qua được bão giông
quan trọng là có per luôn tạo độ khó game cho tôi :))) và không thể thiếu sự trợ giúp của các anh em trong team 😂,Enjoyment,quan_trọng là có per luôn tạo độ khó game cho tôi icon_vui và không_thể thiếu sự trợ_giúp của các anh_em trong team icon_vui
điều tồi tệ là học nửa vời chã ra làm sao,Sadness,điều tồi_tệ là học nửa_vời chã ra làm_sao
chỉ có màn hình là xấu thui,Other,chỉ có màn_hình là xấu thui
cùng câu hỏi .. vụ thang máy thì sao nhỉ,Other,cùng câu hỏi vụ thang_máy thì sao nhỉ
"mỗi ngày đi làm về , tôi không vội vào thang ngay mà thường ngồi sảnh tầm 20p chỉ để ngắm gái xinh cùng tòa 😆.",Enjoyment,mỗi ngày đi làm về tôi không vội vào thang ngay mà thường ngồi sảnh tầm 20p chỉ để ngắm gái xinh cùng tòa icon_vui
đây mới là công an của nhân dân việt nam cảm ơn bạn nhiều điều tốt đẹp hơn nhé vanew,Enjoyment,đây mới là công_an của nhân_dân việt nam cảm_ơn bạn nhiều điều tốt_đẹp hơn nhé vanew
per sau hôm sinh nhật là có cái này . ngon vãi,Enjoyment,per sau hôm sinh_nhật là có cái này ngon vãi
per kinh dị thấy mệ luôn nè,Fear,per kinh_dị thấy mệ luôn nè
tuy hơi fail 1 chút nhưng rất có năng khiếu lớn lên không chừng làm ca sĩ ấy chứ đừng đùa,Other,tuy hơi fail 1 chút nhưng rất có năng_khiếu lớn lên không_chừng làm ca_sĩ ấy chứ đừng đùa
đúng là tấm gương xáng để con cháu noi theo =)))))),Enjoyment,đúng là tấm gương xáng để con_cháu noi theo
khi đã đổ vỡ hàn gắn lại chắc gì đã được như lúc đầu :'<,Fear,khi đã đổ_vỡ hàn_gắn lại chắc gì đã được như lúc đầu
"tào lao , bịa đặt",Disgust,tào_lao bịa_đặt
"chia sẻ cho anh em , haha",Enjoyment,chia_sẻ cho anh_em haha
cách này nhiều người áp dụng quá rồi :))),Enjoyment,cách này nhiều người áp_dụng quá rồi icon_vui
tưởng bú được vài cái thích của tụi dân trí thấp thì mình khôn ?,Disgust,tưởng bú được vài cái thích của tụi dân_trí thấp thì mình khôn
doume khó vậy mà cũng nghĩ ra được 🤣,Surprise,doume khó vậy_mà cũng nghĩ ra được icon_vui
sao ảnh này nhìn con rắn đáng yêuc vãi :))),Enjoyment,sao ảnh này nhìn con rắn đáng yêuc vãi icon_vui
sau mưa ra đường sợ nhất gặp giun,Fear,sau mưa ra đường sợ nhất gặp giun
per đứa nào nghĩ ra được cái qcao hay vãi ...,Enjoyment,per đứa nào nghĩ ra được cái qcao hay vãi
bạn trai thì chưa . nhưng mỗi lần thằng bạn nó cắt tóc cạo râu thì auto nhìn đẹp trai,Enjoyment,bạn trai thì chưa nhưng mỗi lần thằng bạn nó cắt tóc cạo râu thì auto nhìn đẹp_trai
í thức mấy đứa đi xem như lol .,Disgust,í thức mấy đứa đi xem như lol
đã từng . và bị phũ như 1 con chó 🐶😂😂😂😂,Sadness,đã từng và bị phũ như 1 con chó icon_vui icon_vui icon_vui icon_vui
thiểu năng đội cái nón không nổi thì sao đủ năng lực chạy xe . nhìn là thấy hãm .,Disgust,thiểu_năng đội cái nón không nổi thì sao đủ năng_lực chạy xe nhìn là thấy hãm
anh lấy đi niềm tin trả lại cho em những gì,Sadness,anh lấy đi niềm tin trả lại cho em những gì
thông minh lắm,Enjoyment,thông_minh lắm
thêm cái trang này ăn cắp ý tưởng của tôi,Anger,thêm cái trang này ăn_cắp ý_tưởng của tôi
đề nghị các bạn giữ trật tự trong rạp phim !!!!!!,Other,đề_nghị các bạn giữ trật_tự trong rạp phim
cam mà vắt thế chỉ có đắng nhé thôi đồ ngu,Disgust,cam mà vắt thế chỉ có đắng nhé thôi đồ ngu
"t sẽ tự an ủi tất cả chỉ là diễn thôi , diễn thôi , đéo thể tin được đâu 😏",Disgust,tao sẽ tự an_ủi tất_cả chỉ là diễn thôi diễn thôi đéo thể tin được đâu
ngu hết phần thiên hạ,Disgust,ngu hết phần thiên_hạ
tin tao đi tiền là thứ duy nhất làm động lực để mày vui :)) tao chia tay xong . cắm mặt vào làm để mua sắm và du lịch :)),Other,tin tao đi tiền là thứ duy_nhất làm động_lực để mày vui icon_vui tao chia_tay xong cắm mặt vào làm để mua_sắm và du_lịch icon_vui
tao thấy con mèo xinh hơn,Enjoyment,tao thấy con mèo xinh hơn
cho nó cắn phát xem có thành spider man không 😂,Enjoyment,cho nó cắn phát xem có thành spider man không icon_vui
bếp ga hj hj 🤣🤣🤣🤣🤣🤣,Enjoyment,bếp ga hj hj icon_vui icon_vui icon_vui icon_vui icon_vui icon_vui
"từ hành động và lời nói của tụi nhỏ này không biết nên trách ai bây giờ ,, thối nát một thế hệ",Disgust,từ hành_động và lời_nói của tụi nhỏ này không biết nên trách ai bây_giờ thối_nát một thế_hệ
sớm bình phục nhé,Other,sớm bình_phục nhé
căn bản là họ không đáng cho mình trân trọng thôi . per,Disgust,căn_bản là họ không đáng cho mình trân_trọng thôi per
giống thằng này vãi :))),Enjoyment,giống thằng này vãi icon_vui
"năm nào cả sinh nhật âm hay dương mẹ cũng gọi điện cho mình , bà ngoại trên 80 , bác ruột mình đều nhớ hết 😂😂😂",Enjoyment,năm nào cả sinh_nhật_âm hay dương mẹ cũng gọi điện cho mình bà ngoại trên 80 bác ruột mình đều nhớ hết icon_vui icon_vui icon_vui
quan trọng nhất vẫn là tấm lòng 🙂,Other,quan_trọng nhất vẫn là tấm lòng icon_vui
cái mặt hoang mang thấy thương 😆❤️,Enjoyment,cái mặt hoang_mang thấy thương icon_vui
nhìn ức chế vãi,Anger,nhìn ức_chế vãi
coi mà cái tay nó rung trái tim nó đập sợ cái thằng đó té sấp mặt luôn thì không bình thường họa mi còn hót được không :)))),Fear,coi mà cái tay nó rung trái_tim nó đập sợ cái thằng đó té sấp_mặt luôn thì không bình_thường_họa mi còn hót được không icon_vui
nhìn kinh vãi,Disgust,nhìn kinh vãi
hỡi thế gian tình ái là chi mà đôi lứa nguyện thề sống chết ? 😁😁,Other,hỡi thế_gian tình_ái là chi mà đôi_lứa nguyện thề sống_chết icon_vui icon_vui
per bất nghờ bốc cháy,Other,per bất_nghờ bốc cháy
"đọc bình luận mới công nhận "" mấy đứa nói đạo lý sống như lol "". đây là câu chuyện vui bạn bè trêu nhau thôi không đến lượt mấy người dạy bé cách cư xử như thế nào đâu . có người con như thế nào bố sẽ rất tự hào đấy",Disgust,đọc bình_luận mới công_nhận mấy đứa nói đạo_lý sống như lol đây là câu_chuyện vui bạn_bè trêu nhau thôi không đến lượt mấy người dạy bé cách cư_xử như thế_nào đâu có người con như thế_nào bố sẽ rất tự_hào đấy
chuẩn kkk 😁,Enjoyment,chuẩn k icon_vui
😂😂😂 nhìn và đợi chúng nó chia tay,Other,icon_vui icon_vui icon_vui nhìn và đợi chúng_nó chia_tay
làm mấy chuyện dở người để được nó chú ý,Other,làm mấy chuyện dở_người để được nó chú_ý
không mưa thì kêu trời mưa thì cũng kêu trời,Disgust,không mưa thì kêu_trời mưa thì cũng kêu_trời
họ có thể không giàu có về vật chất nhưng hạnh phúc của họ giàu hơn rất nhìu người ❤,Other,họ có_thể không giàu_có về vật_chất nhưng hạnh_phúc của họ giàu hơn rất nhiều người
"người ta ăn hàng tỉ lại phát 5 tr , còn gì là pháp luật nữa",Disgust,người_ta ăn_hàng tỉ lại phát 5 tr còn gì là pháp_luật nữa
à còn có thể loại con trai cắt tóc xong rồi tự soi gương xong khen mình đẹp trai mới vãi,Disgust,à còn có_thể_loại con_trai cắt tóc xong rồi tự soi gương xong khen mình đẹp_trai mới vãi
"per đi làm với c mình vui hết xẩy , trừ những lúc khó tính :))",Enjoyment,per đi làm với c mình vui hết xẩy trừ những lúc khó_tính icon_vui
phải tôi đỗ lên vỉa hè giáp cửa nhà bạn bán hàng luôn . vỉa hè rộng thế kia cơ mà .??????????,Other,phải tôi đỗ lên vỉa_hè giáp cửa_nhà bạn bán hàng luôn vỉa_hè rộng thế kia cơ_mà
cảm thấy sợ mấy thứ suy nghĩ cổ hủ của người lớn :(,Sadness,cảm_thấy sợ mấy thứ suy_nghĩ cổ_hủ của người_lớn icon_buon
bò ra mà cười :)),Enjoyment,bò ra mà cười icon_vui
per xem cái này đỡ chán đi ông,Other,per xem cái này đỡ chán đi ông
em buông tay anh nhé .... quá khứ ấy anh hãy xoá hết đi .......,Sadness,em buông tay anh nhé quá_khứ ấy anh hãy xoá hết đi
thông minh vãi,Enjoyment,thông_minh vãi
gửi đứa nào chưa có người yêu,Other,gửi đứa nào chưa có người_yêu
mày lười vãi lol,Disgust,mày lười vãi lol
đi xem 1 mình có sợ ma không 🤔,Other,đi xem 1 mình có sợ ma không
chả thấy nói nó cho admin bao nhiêu xiền để pr nhỉ,Other,chả thấy nói nó cho admin bao_nhiêu xiền để pr nhỉ
tôi đã xem đi xem lại 3 lần và xem lại lần hai mới hiểu hết nội dung và thấy hay hơn khi xem lại lần 3 . ai chưa xem hãy vào xem thử 2 lần !,Enjoyment,tôi đã xem đi xem_lại 3 lần và xem_lại lần hai mới hiểu hết nội_dung và thấy hay hơn khi xem_lại lần 3 ai chưa xem hãy vào xem thử 2 lần
"anh biết em có nhiều chuyện , nhưng việc trước mắt là em nộp phạt đã , nếu không xe em sẽ bị thu vào đồn",Other,anh biết em có nhiều chuyện nhưng việc trước_mắt là em nộp phạt đã nếu không xe em sẽ bị thu vào đồn
thế hóa ra nguy cơ trầm cảm của tao cao lắm,Sadness,thế_hóa ra nguy_cơ trầm_cảm của tao cao lắm
mày giận lại tao hả tốt quá bố mày được đi chơi game rồi . tối về dỗ nó sau . chờ mãi câu giận của mày :)),Enjoyment,mày giận lại tao hả tốt quá bố mày được đi chơi game rồi tối về dỗ nó sau chờ mãi câu giận của mày icon_vui
đừng đùa với người nước ngoài nhé,Other,đừng đùa với người nước_ngoài nhé
làm giáo sư mấy chục năm mà cuốn giáo trình chưa thuộc hết nữa à,Disgust,làm giáo_sư mấy chục năm mà cuốn giáo_trình chưa thuộc hết nữa à
anh lỡ mất em rồi huhu,Sadness,anh lỡ mất em rồi huhu
nhớ lại ngày xưa,Other,nhớ lại ngày_xưa
bình tĩnh vãi_chưởng =)),Enjoyment,bình_tĩnh vãi_chưởng
đai giảm tốc độ kiểu ấy mà gặp mấy bà đang đau đẻ là xác định đẻ trên xe hay ở nhà đi rồi hẳn đem lên bệnh viện 😂😂😂,Disgust,đai giảm_tốc_độ kiểu ấy mà gặp mấy bà đang đau đẻ là xác_định đẻ trên xe hay ở nhà đi rồi hẳn đem lên bệnh_viện icon_vui icon_vui icon_vui
thạ timmmmm đùa tao yêu mặt nó lúc ôm đầu vlllll xinh quá con ưiiiiiiii,Enjoyment,thạ tim đùa tao yêu mặt nó lúc ôm đầu vl xinh quá con ưi
đứa nào tin là đơn giản thế ra đây tao tát cho vài cái cho tỉnh :),Anger,đứa nào tin là đơn_giản thế_ra đây tao tát cho vài cái cho tỉnh icon_vui
mẹ . trung thu là tết thiếu nhi . có phải mùa động dục đâu mà phải có người yêu nhỉ . vớ va vớ vẩn 😒,Anger,mẹ trung_thu là tết thiếu_nhi có phải mùa động_dục đâu mà phải có người_yêu nhỉ vớ va vớ_vẩn icon_chankhet
nhiều khi cũng muốn người yêu chọc để dỗi phát cho bằng người ta . mà nhận ra mình làm gì có người yêu 😌,Sadness,nhiều khi cũng muốn người_yêu chọc để dỗi phát cho bằng người_ta mà nhận ra mình làm gì có người_yêu
lâu lâu mới có dịp ăn bánh trung thu mà gặp bán hàng halo thế này thì cho ế mẹ luôn không mua bán gì hết . xem ai bất hạnh hơn ?,Anger,lâu_lâu mới có dịp ăn bánh trung_thu mà gặp bán hàng halo thế này thì cho ế mẹ luôn không mua_bán gì hết xem ai bất_hạnh hơn
ngáo như con cáo rồi ????,Other,ngáo như con cáo rồi
khác đéo gì . về thái độ lồi lõm nhìn muốn sút cho phát 🤬🤬,Anger,khác đéo gì về thái_độ lồi_lõm nhìn muốn sút cho phát icon_tucgian icon_tucgian
mấy con gà bị lừa mà đéo biết .,Other,mấy con gà bị lừa mà đéo biết
móng dài thế lúc đi ỉa xong làm sao xịt nước . xịt nước 1 tay còn tay kia phải rửa đít mới sạch được chứ . khả năng cao ông này dùng giấy chứ không dùng vòi xịt,Disgust,móng dài thế lúc đi ỉa xong làm_sao xịt nước xịt nước 1 tay còn tay kia phải rửa đít mới sạch được chứ khả_năng cao ông này dùng giấy chứ không dùng vòi xịt
chút mua ... hehe,Enjoyment,chút mua hehe
tạm biệt ánh sáng của đời tao,Sadness,tạm_biệt ánh_sáng của đời tao
cái tháng học sấp mặt luôn,Sadness,cái tháng học sấp_mặt luôn
làm ở đâu không quan trọng . quan trọng là có chị em tốt để tạo nghiệp :)))),Enjoyment,làm ở đâu không quan_trọng quan_trọng là có chị_em tốt để tạo nghiệp icon_vui
giống chó này hình như không có lông ạ ?? chó nhà em lông rụng đầy nhà .. huhu,Sadness,giống chó này hình_như không có lông ạ chó nhà em lông rụng đầy nhà huhu
tôi từng được sống . nhưng đấy là truyện của năm ngoái rồi,Sadness,tôi từng được sống nhưng đấy là truyện của năm_ngoái rồi
một lũ ngu,Disgust,một lũ ngu
dễ thươnggg,Enjoyment,dễ_thương
"vãi cả phí , có ... 81 tỷ hoy 😓",Sadness,vãi cả phí có 81 tỷ hoy
ra tới cổng tao nói ha xấu cái chắc tao cười ỉa,Disgust,ra tới cổng tao nói ha xấu cái chắc tao cười ỉa
nếu địa phương không xây cầu thì người dân cũng có thể tự làm cầu cây mà . phóng lỡ hụt chân thì xác định nát người .,Fear,nếu địa_phương không xây cầu thì người dân cũng có_thể tự làm cầu cây mà phóng lỡ hụt chân thì xác_định nát người
cứ chiếu mấy bộ phim thế này bảo sao tụi nhỏ không chịu học,Disgust,cứ chiếu mấy bộ phim thế này bảo sao tụi nhỏ không chịu học
giận làm gì cho mệt 🙄 đằng nào mày cũnh phải xin lỗi tao mà,Other,giận làm gì cho mệt icon_chankhet đằng nào mày cũnh phải xin_lỗi tao mà
móng của bố tao . hồi trước và bây giờ đã cắt vì lý do . sức khoẻ .,Sadness,móng của bố tao hồi trước và bây_giờ đã cắt vì lý_do sức_khoẻ
uầy các cụ ngày xưa đẹp trai xinh gái thế,Surprise,uầy các cụ ngày_xưa đẹp_trai xinh gái thế
nín đi . sang ngủ với mẹ đi đêm nay anh chông chị cho =))),Enjoyment,nín đi sang ngủ với mẹ đi_đêm nay anh chông chị cho
"không nghe lời cha mẹ , không ăn học , giờ đi hốt rác . không có giá trị trong xã hội , bày đặt chữi ai .",Disgust,không nghe lời cha_mẹ không ăn_học giờ đi hốt rác không có giá_trị trong xã_hội bày_đặt chữi ai
mày không phải nhảy vào mồm tao như thế . nhảy vào là tao cạp cạp cạp ...,Anger,mày không phải nhảy vào mồm tao như thế nhảy vào là tao cạp cạp cạp
mình thiì chưa năm nào được trọn vẹn,Sadness,mình thiì chưa năm nào được trọn_vẹn
loại mất dậy,Anger,loại mất dậy
hỏi thế gian tình ái là chi =)))),Other,hỏi thế_gian tình_ái là chi
quả mắt nhìn sợ vãi,Fear,quả mắt nhìn sợ vãi
vặt đôi gương cảnh cáo :)),Anger,vặt đôi gương cảnh_cáo icon_vui
per chúng ta vẩn xài . kk,Enjoyment,per chúng_ta vẩn xài kk
per nhớ lần mua mộc ra bờ sông ghê . đã thế còn làm li đặc biệt . dm,Other,per nhớ lần mua mộc ra bờ sông ghê đã thế còn làm li đặc_biệt dm
cảm xúc đéo gì khi mà họp lớp đéo đi,Disgust,cảm_xúc đéo gì khi mà họp lớp đéo đi
vừa xử lí vừa thải nước bẩn ra liên tục thì coi như bó tay,Disgust,vừa xử_lí vừa thải nước bẩn ra liên_tục thì coi như bó_tay
moá cưng quá ??,Enjoyment,moá cưng quá
má con đàn bà thối mồm gặp thằng say hèm,Disgust,má con đàn_bà thối mồm gặp thằng say hèm
đó là dấu hiện của sự trưởng thành =))))))))),Enjoyment,đó là dấu hiện của sự trưởng_thành
cứ mỗi lần có phim hay là xách nhau đi 🤣,Enjoyment,cứ mỗi lần có phim hay_là xách nhau đi icon_vui
vãi đông như này á 😢,Surprise,vãi đông như này á icon_buon
cười muốn tắt thở 😂😂😂,Enjoyment,cười muốn tắt_thở icon_vui icon_vui icon_vui
ừ thế là kể từ đấy về sau đứa con trai nào cũng trở thành huynh đệ với nó hết,Other,ừ thế_là kể từ đấy về sau đứa con_trai nào cũng trở_thành huynh đệ với nó hết
per không lẽ sau này kím bạn trai không tập gym 😖,Sadness,per không_lẽ sau_này kím bạn trai không tập gym
per huhuu không biết lúc đấy thực tập chưa :(((,Sadness,per huhuu không biết lúc đấy thực_tập chưa icon_buon
chất quá .. haha,Enjoyment,chất quá haha
"per cái thứ yêu nghiệt này cứ thấy tao như thấy crush , cứ gặp tao là đuổi :)",Disgust,per cái thứ yêu nghiệt này cứ thấy tao như thấy crush cứ gặp tao là đuổi icon_vui
"ốm cũng được , chỉ cần mát thôi 😌",Other,ốm cũng được chỉ cần mát thôi
cái vị mà ai cũg muốn thử và mỗi người thử lại cảm nhận được một vị riêng,Other,cái vị mà ai cũg muốn thử và mỗi người thử lại cảm_nhận được một vị riêng
per mày ăn ở kiểu gì mà ra được cái này luôn thế,Surprise,per mày ăn_ở kiểu gì mà ra được cái này luôn thế
chứ còn con mẹ gì nữa 😔,Disgust,chứ còn con_mẹ gì nữa icon_buon
"per 2ce thì có thể làm được , ly mà làm như vầy thì 🤣",Other,per 2ce thì có_thể làm được ly mà làm như_vầy thì icon_vui
- chủ tịch giả nghèo bán vé số và cái kết -> đừng bao giờ xem thường người khác,Disgust,chủ_tịch giả nghèo bán vé_số và cái kết đừng bao_giờ xem_thường người khác
phải giết ngay không nó lại đẻ trứng,Other,phải giết ngay không nó lại đẻ trứng
yêu chết dược 😍😍😍,Enjoyment,yêu chết dược icon_vui icon_vui icon_vui
"thằng bạn ngồi kế bên lớp 2 nhà bán vàng mà nó học dốt , thế là làm bình thường về nhà cho nó , 1 bài 2k , mồi ngày kiếm 8 - 10k 🤑",Enjoyment,thằng bạn ngồi kế bên lớp 2 nhà bán vàng mà nó học dốt thế_là làm bình_thường về nhà cho nó 1 bài 2k mồi ngày kiếm 8 10k
để tao nấu thì quên luôn . xác định tối đó đói :((,Sadness,để tao nấu thì quên luôn xác_định tối đó đói icon_buon
ngưỡn mộ chi lâu lắm oy . mà giờ biết thêm nhiều về chj nữa nên càng yêuc chj nhiều hơn 😍😍😍,Enjoyment,ngưỡn mộ chi lâu lắm oy mà giờ biết thêm nhiều về chj nữa nên càng yêuc chj nhiều hơn icon_vui icon_vui icon_vui
haha cứ lên xuống thấp thỏm kìa ..,Enjoyment,haha cứ lên xuống thấp_thỏm kìa
còn nhiều người chưa có người yêu lắm :),Other,còn nhiều người chưa có người_yêu lắm icon_vui
các bạn trẻ ! người lớn có thể nghe thấy tiếng chó kêu mà không hành động gì để cứu vớt . các em thật đáng khen . cần những bạn trẻ nhân ái như các bạn .,Enjoyment,các bạn trẻ người_lớn có_thể nghe thấy tiếng chó kêu mà không hành_động gì để cứu_vớt các em thật đáng khen cần những bạn trẻ nhân_ái như các bạn
cuối cùng per cũng thành công rồi nha per nha,Enjoyment,cuối_cùng per cũng thành_công rồi nha_per nha
🤣 lau mặt bằng quần chíp của vợ à ?,Enjoyment,icon_vui lau mặt_bằng quần chíp của vợ à
đồng nghiệp của tôi là ai 😑,Disgust,đồng_nghiệp của tôi là ai
con chó có đuôi . con người có ý thức . đm mấy thằng lol này ý thức đéo bằng con ruồi .,Disgust,con chó có đuôi con_người có ý_thức chửi_thề mấy thằng lol này ý_thức đéo bằng con ruồi
"khi xưa bị rượt 1 lần mà nhớ đời , còn mổ tao nữa chứ 😨😨😨",Fear,khi xưa bị rượt 1 lần mà nhớ_đời còn mổ tao nữa chứ icon_loso icon_loso icon_loso
việc mày giận lại không còn quan trọng khi mày đéo còn là món mà nó hứng thú nữa 🙂,Disgust,việc mày giận lại không còn quan_trọng khi mày đéo còn là món mà nó hứng_thú nữa icon_vui
gì mà ghê vậy 😑 sởn gai ốc,Fear,gì mà ghê_vậy sởn gai_ốc
ngầu lắm bạn ạ ^^,Enjoyment,ngầu lắm bạn ạ icon_vui
thực ra chỉ cần nhập đúng input là được thôi mà :d,Enjoyment,thực_ra chỉ cần nhập đúng input là được thôi mà d
dăm ba chuyện hẹn hò có gì hay ho 😌 nhưng mà thi thoảng có dăm ba cái chuyện này cũng hay 🙂 tóm lại xem để giải trí đỡ buồn cũng tốt 🙂,Enjoyment,dăm_ba chuyện hẹn_hò có gì hay_ho nhưng mà thi_thoảng có dăm_ba cái chuyện này cũng hay icon_vui tóm lại xem để giải_trí đỡ buồn cũng tốt icon_vui
t tưởng nó nói tiếng việt chứ,Other,tao tưởng nó nói tiếng việt chứ
má đáng yêuc quá dạyyyy ??,Enjoyment,má đáng yêuc quá dạy
per đẳng cấp nào rồi em,Other,per đẳng_cấp nào rồi em
"sao mày không như crush của tao , thuỷ triều lên cũng đéo sợ nhé 😆",Enjoyment,sao mày không như crush của tao thuỷ_triều lên cũng đéo sợ nhé icon_vui
khổ thân vãi :)) xong bà lườm luôn :)),Sadness,khổ_thân vãi icon_vui xong bà lườm luôn icon_vui
học sinh cứ làm mấy việc tốt như thế này có phải các phụ huynh yên tâm không . 😍😍,Other,học_sinh cứ làm mấy việc tốt như thế này có phải các phụ_huynh yên_tâm không icon_vui icon_vui
dù trời có sập cũng phải ăn đã nhé :))) anh có gấp lắm cũng phải chờ em nhé 🤣🤣🤣,Enjoyment,dù trời có sập cũng phải ăn đã nhé icon_vui anh có gấp lắm cũng phải chờ em nhé icon_vui icon_vui icon_vui
cưng thiệt chớ ????,Enjoyment,cưng thiệt chớ
"màu này lạ quá , kết hợp hài hòa đẹp quá",Other,màu này lạ quá kết_hợp hài hòa đẹp quá
"dùng iq xíu đi mấy má , người ta đang mô tả tình yêu của người ta",Other,dùng iq xíu đi mấy má người_ta đang mô_tả tình_yêu của người_ta
đây là hình ảnh của boss trước khi có vợ và sau khi có vợ là một tr một vực,Other,đây là hình_ảnh của boss trước khi có vợ và sau khi có vợ là một tr một vực
ý thức người khác không tốt thì cũng chẳng bao biện được hành xử của bạn không tốt . nghe từ đầu đến cuối là tiếng la hét chửi rủa -.-,Disgust,ý_thức người khác không tốt thì cũng chẳng bao_biện được hành xử của bạn không tốt nghe từ đầu đến cuối là tiếng la_hét chửi_rủa
"thật là romantic , mà mà mà ... sao nghĩ tới cảnh động phòng hoa chúc tao thấy nhột nhột lỗ đít 😧😧",Fear,thật là romantic mà mà mà sao nghĩ tới cảnh động phòng hoa chúc tao thấy nhột nhột lỗ_đít icon_loso icon_loso
"per đi coi phim coi , hẹn quài luôn á",Anger,per đi coi phim coi hẹn quài luôn á
bố là số 1 vĩ đại hơn những gì con cần,Enjoyment,bố là số 1 vĩ_đại hơn những gì con cần
tưởng thế mà ngầu,Disgust,tưởng thế_mà ngầu
hôm nay anh xin lỗi em về những việc anh đã làm hôm nay .. anh không thể kiểm soát não anh được nữa rồi 🤫,Sadness,hôm_nay anh xin_lỗi em về những việc anh đã làm hôm_nay anh không_thể kiểm_soát não anh được nữa rồi
thế này mà gặp per thì phải chạy phọt dắm ra quần per nhỉ,Enjoyment,thế này mà gặp per thì phải chạy phọt dắm ra quần per nhỉ
sao nỡ lòng nào khiển trách bác ấy . còn họp kiểm điểm nữa . tội quá .,Sadness,sao nỡ lòng nào khiển_trách bác ấy còn họp kiểm_điểm nữa tội quá
khổ nhân viên,Sadness,khổ nhân_viên
mới ho mà đã như thế nào thì lấy chồng chắc sống trong bệnh viện cả đời mất thôi,Fear,mới ho mà đã như thế_nào thì lấy chồng chắc sống trong bệnh_viện cả đời mất thôi
hồi lúc nhà tao nuôi mấy con ngỗng . mỗi lần đi ngang nó là nó đòi dí cắn mà trong khi tao là người cho nó ăn . thứ ngu như bò 😤😤,Anger,hồi lúc nhà tao nuôi mấy con ngỗng mỗi lần đi ngang nó là nó đòi dí cắn mà trong khi tao là người cho nó ăn thứ ngu như bò icon_chankhet icon_chankhet
thế mà cũng bắt được siêu vãi,Surprise,thế_mà cũng bắt được siêu vãi
per ê xem đi phim này lâu rồi nhưng mà hay lắm,Enjoyment,per ê xem đi phim này lâu rồi nhưng mà hay lắm
còn tao thì còn không có nổi 1 người tỏ ra thân thiết quan tâm cơ . _ .,Sadness,còn tao thì còn không có nổi 1 người tỏ ra thân_thiết quan_tâm cơ _
có gặp cũng đéo dám ngẩng đầu lên nhìn,Sadness,có gặp cũng đéo dám ngẩng đầu lên nhìn
"công nhận lãng mạn thật , nhưng tao đang tưởng tượng cái cảnh động phòng , eo ơi ......",Fear,công_nhận lãng_mạn thật nhưng tao đang tưởng_tượng cái cảnh động phòng eo ơi
ông định làm gì anh vợ tôi ?,Other,ông định làm gì anh vợ tôi
có đủ mọi gia vị :< em thấy vị đắng của sự chua sót quá nhiều :),Sadness,có đủ mọi gia_vị icon_buon em thấy vị đắng của sự chua sót quá nhiều icon_vui
thằng chó chết mày quá dã ư,Anger,thằng chó chết mày quá dã ư
có duyên nhưng không có phận ... người ở lại vẫn luôn là người đau nhất !,Sadness,có duyên nhưng không có phận người ở lại vẫn luôn là người đau nhất
per hôm nay c cũng bị giống thằng này này,Other,per hôm_nay c cũng bị giống thằng này này
mua thêm vài trăm con cá xấu thả chắc vui hơn,Enjoyment,mua thêm vài trăm con cá xấu thả chắc vui hơn
:( cầu chúa ơn nhiều ban bình an cho những người kém may mắn như vậy,Sadness,icon_buon cầu chúa ơn nhiều ban bình an cho những người kém may_mắn như_vậy
đéo hề dễ thương khi nó cười với đứa khác :)),Disgust,đéo hề dễ_thương khi nó cười với đứa khác icon_vui
dài quá vướn víu,Other,dài quá vướn_víu
nhiều lúc sợ bị pê đi,Fear,nhiều lúc sợ bị pê đi
"trượt rồi , còn đâu mà rủ 😞",Sadness,trượt rồi còn đâu mà rủ icon_buon
hình như đây là 3 đứa ranh con củ lồn đó ((:,Disgust,hình_như đây là 3 đứa ranh_con củ lồn đó
"kiến đỏ thì được , nhưng đây thì lại mấy con kiến hay bò qua cứt .... mấy ổng ăn ngon vãi 😐",Disgust,kiến đỏ thì được nhưng đây thì lại mấy con kiến hay bò qua cứt mấy ổng ăn ngon vãi
azz :3 mặt cưng xĩu,Enjoyment,azz 3 mặt cưng xĩu
"lâu lắm đéo được gặp nhện trong wc , quên mất cảm giác nhịn ỉa như nào rồi 😂",Fear,lâu lắm đéo được gặp nhện trong wc quên mất cảm_giác nhịn ỉa như nào rồi icon_vui
cái thứ bán hàng đéo có tâm . rồi mày sẽ ế bánh cho mà xem,Anger,cái thứ bán hàng đéo có tâm rồi mày sẽ ế bánh cho mà xem
ko biết đúng sai như thế nào giờ báo đài ai cũng bênh ông vũ tự nhiên cảm thấy táo xàm vì tiền bất chấp .,Disgust,không biết đúng sai như thế_nào giờ báo đài ai cũng bênh ông vũ tự_nhiên cảm_thấy táo xàm vì tiền bất_chấp
gặp tao cũng thế :))),Enjoyment,gặp tao cũng thế icon_vui
"cái quá phơi lúa xong mưa , tao đang cười vì bà béo thì phải ngậm mồm .",Enjoyment,cái quá phơi lúa xong mưa tao đang cười vì bà béo thì phải ngậm mồm
chụp xong về chia tay ráng chịu :))),Disgust,chụp xong về chia_tay ráng chịu icon_vui
"per huyền thoại , kkkk",Enjoyment,per huyền_thoại k
3 chàng ngốc . top 1imdb phim đáng xem nhất mọi thời đại,Enjoyment,3 chàng ngốc top 1imdb phim đáng xem nhất mọi thời_đại
giống con nít quá ba :))),Disgust,giống con_nít quá ba icon_vui
đúng là thằng admin khùng,Disgust,đúng là thằng admin khùng
"ngày xưa toàn bị mẹ đánh bằng dây điện , vụt phát nào ứa máu phát đấy . giờ nghĩ lại tự nhiên lại thấy hay , vì ngày xưa mẹ nghiêm khắc như thế giờ mình mới ngoan 🙂",Enjoyment,ngày_xưa toàn bị mẹ đánh bằng dây_điện vụt phát nào ứa máu phát đấy giờ nghĩ_lại tự_nhiên lại thấy hay vì ngày_xưa mẹ nghiêm_khắc như thế giờ mình mới ngoan icon_vui
thằng dăm này phải cho vào tù nó mới biết thế nào là dâm rê,Anger,thằng dăm này phải cho vào tù nó mới biết thế_nào là dâm rê
per cú này hoành tráng hơn bệnh nhân của anh luôn nè,Surprise,per cú này hoành_tráng hơn bệnh_nhân của anh luôn nè
cái này đẹp tía,Surprise,cái này đẹp tía
nào tao cũng phải thử =)))),Enjoyment,nào tao cũng phải thử
ngu thì chết . chẳng biết nó nghĩ sao mà lao vô cướp ngân hàng ... có thằng nào thoát bao giờ đâu . không biết nó có hiểu không 😅😅😅,Disgust,ngu thì chết chẳng biết nó nghĩ sao mà lao vô cướp ngân_hàng có thằng nào thoát bao_giờ đâu không biết nó có hiểu không icon_vui icon_vui icon_vui
này 2 đứa . đã chia tay chưa . chia tay rồi có xem lại video này không .,Other,này 2 đứa đã chia_tay chưa chia_tay rồi có xem_lại video này không
cho hết vào trường giáo dưỡng,Other,cho hết vào trường giáo_dưỡng
cao su không thu mà đồi cao su đắt vậy,Other,cao_su không thu mà đồi cao_su đắt_vậy
per gặp thần tượng mỗi ngày kkk,Enjoyment,per gặp thần_tượng mỗi ngày k
lâu lắm không nghe bài này .. có bà bạn bình luận dạo mới nghe lại ??,Other,lâu lắm không nghe bài này có bà bạn bình_luận dạo mới nghe lại
con mèo mặt lol dám đập con thỏ của tao sao 😡😡😡. dkm mày,Anger,con mèo mặt lol dám đập con thỏ của tao sao icon_tucgian icon_tucgian icon_tucgian dkm mày
sau nay em cung uoc duoc nhu vay ❤,Enjoyment,sau nay em cung uoc duoc nhu vay
ngộ nghĩnh nhỉ ! lạ lờ nhỉ !,Enjoyment,ngộ_nghĩnh nhỉ lạ lờ nhỉ
một năm đầy biến động và thăng trầm của nước pháp ☹️,Sadness,một năm đầy biến_động và thăng_trầm của nước pháp
"dm gì cũng bắt phải làm , phí thu vãi thì chả top1 :))) nhân với chả viên",Disgust,dm gì cũng bắt phải làm phí thu vãi thì chả top1 icon_vui nhân với chả_viên
per :)) hiểu được nỗi lòng anh chưa ! mốt đừng giận anh nhiều nữa nha,Enjoyment,per icon_vui hiểu được nỗi_lòng anh chưa mốt đừng giận anh nhiều nữa nha
việt nam có hệ thống bật tường sắt như nước ngoài luôn à :v,Surprise,việt nam có hệ_thống bật_tường sắt như nước_ngoài luôn à v
nhìn mặt con mèo là thấy ghét rồi,Disgust,nhìn mặt con mèo là thấy ghét rồi
phận làm con trai haizz,Sadness,phận làm con_trai haizz
chơi ngu vừa thôi mày,Disgust,chơi ngu vừa thôi mày
thiết kế vậy tiện . nào hư của xe thì lấy của quạt gắn vào đỡ mất tiền thay,Other,thiết_kế vậy tiện nào hư của xe thì lấy của quạt gắn vào đỡ mất tiền thay
biết bao khó khăn mới được vậy,Other,biết_bao khó_khăn mới được vậy
3 giờ sáng nằm xem xong khóc miên man 😢😢,Sadness,3 giờ sáng nằm xem xong khóc miên_man icon_buon icon_buon
em mình là con trai viết đẹp y chang thế này nhé,Enjoyment,em mình là con_trai viết đẹp y chang thế này nhé
hóa chó nhiều quá thì cũng có lúc phải hóa thành người chứ =)))),Other,hóa chó nhiều quá thì cũng có lúc phải hóa thành người chứ
dm con già mà hành xử trâu chó . đời nó sẽ gặp báo ứng,Anger,dm con già mà hành xử trâu chó đời nó sẽ gặp báo_ứng
per má có điểm cho sướng vãi,Enjoyment,per má có điểm cho sướng vãi
cảm ơn những người thả 😡 nên mình biết là đéo hay nên mình đéo xem . may vãi,Enjoyment,cảm_ơn những người thả icon_tucgian nên mình biết là đéo hay nên mình đéo xem may vãi
đề này cũng bình thường mà đâu có khó,Other,đề này cũng bình_thường mà đâu có khó
mắc dại thiệt chứ,Disgust,mắc dại thiệt chứ
kém sang,Disgust,kém sang
thanh xuân là để bỏ lỡ 😔,Sadness,thanh_xuân là để bỏ lỡ icon_buon
tẩy được bao nhiêu mà hô hào gớm thế,Other,tẩy được bao_nhiêu mà hô_hào gớm_thế
công khai biết sai sao vẫn làm .,Other,công_khai biết sai sao vẫn làm
năm ngoái nhìn rồi năm nay ở nhà xem lại phim ác quỷ valak the nun .😄😄,Enjoyment,năm_ngoái nhìn rồi năm nay ở nhà xem_lại phim ác quỷ valak the nun
đẹp trai v :((((,Enjoyment,đẹp_trai v icon_buon
"chủ quá vô tâm ?? thà đừng có nuôi , nhà tôi nuôi chó cỏ thôi nhưng vẫn tim thuốc định kì đấy ??",Disgust,chủ quá vô_tâm thà đừng có nuôi nhà tôi nuôi chó cỏ thôi nhưng vẫn tim thuốc định_kì đấy
do kiếp trước mày nghiệp nhiều quá lên giờ phải trả thôi,Disgust,do kiếp trước_mày nghiệp nhiều quá lên giờ phải trả thôi
có tâm mới có tầm haha,Enjoyment,có tâm mới có tầm haha
lấy tiền tỷ mat phạt có 5tr thôi á ?,Surprise,lấy tiền tỷ mat phạt có 5tr thôi á
per nghe lại buồn vãi,Sadness,per nghe lại buồn vãi
năm nay chạnh lòng quá . haizz,Sadness,năm nay chạnh_lòng quá haizz
"mình theo dõi mấy nick quân nhân , tập trận , pccc ... hay vãi luôn á .",Enjoyment,mình theo_dõi mấy nick quân_nhân tập_trận pc hay vãi luôn á
ám ảnh đến bây giờ 24 tuổi vẫn sợ ngỗng :))),Fear,ám_ảnh đến bây_giờ 24 tuổi vẫn sợ ngỗng icon_vui
"thao trường đổ mồ hôi để chiến trường đỡ đổ máu , ý thức từ bé đi 🙂",Other,thao_trường đổ mồ_hôi để chiến_trường đỡ đổ_máu ý_thức từ bé đi icon_vui
"và mấy mẹ thấy mỗi cái chi tiết : ông vũ khuyên bà thảo lui về sau . chăm lo cho gia đình .,,, là gào mồm lên , kêu đàn ông gia trưởng này nọ , vũ phu , bảo thủ nọ kia .... đúng là toàn mấy con bò ... chả ai hiểu bà thảo bằng ông vũ cả đâu , người ta khuyên vợ lui về vì thừa biết tính vợ , tầm nhìn của vợ đến đâu . còn thực vợ giỏi , có tầm thì chả thằng nào không muốn sát cánh , đồng lòng với người chăn gối , tay ấp cùng mình cả . vấn đề là cái tầm của bà thảo để mà đưa tn đi lên chỉ có vậy , vì đó là tâm trí của một con buôn .",Disgust,và mấy mẹ thấy mỗi cái chi_tiết ông vũ khuyên bà_thảo lui về sau chăm_lo cho gia_đình là gào mồm lên kêu đàn_ông gia_trưởng này_nọ vũ_phu bảo_thủ nọ kia đúng là toàn mấy con bò chả ai hiểu bà thảo bằng ông vũ cả đâu người_ta khuyên vợ lui về vì thừa biết tính vợ tầm nhìn của vợ đến đâu còn thực vợ giỏi có tầm thì chả thằng nào không muốn sát_cánh đồng_lòng với người chăn gối tay ấp cùng mình cả vấn_đề là cái tầm của bà thảo để mà đưa tn đi lên chỉ có vậy vì đó là tâm_trí của một con_buôn
"ba cái đồ yêu , 1 ngày 2 lần nấu đây , ngon bá cháy bọ chét nhé , thơm mùi khói nữa …",Enjoyment,ba cái đồ yêu 1 ngày 2 lần nấu đây ngon bá cháy bọ_chét nhé thơm mùi khói nữa
nó sẵn sàng kiếm cớ bỏ người đang quen để theo người có tiền nhiều hơn,Disgust,nó sẵn_sàng kiếm cớ bỏ người đang quen để theo người có tiền nhiều hơn
tại ông bố bảo thủ hết,Other,tại ông bố bảo_thủ hết
"trung thi thì liên quan mẹ gì đến việc có gấu , tao thà ngồi nhà cho khỏe để xem mấy thằng đó dắt vợ của thằng khác đi chơi !!",Anger,trung thi thì liên_quan mẹ gì đến việc có gấu tao thà ngồi nhà cho khỏe để xem mấy thằng đó dắt vợ của thằng khác đi chơi
:))) đồng nghiệp đáng yêu,Enjoyment,icon_vui đồng_nghiệp đáng yêu
chuẩn không cần chỉnh chỉ cần sửa thôi ...,Enjoyment,chuẩn không cần chỉnh chỉ cần sửa thôi
chuẩn lun,Enjoyment,chuẩn lun
dume hẩy kiểu đó làm sao mấy bà kia ăn dô nữa 🙂,Disgust,dume hẩy kiểu đó làm_sao mấy bà kia ăn dô nữa icon_vui
crush của tao cười hơi bị xinh :3 xinh + cười = đỗ mãi • 3 •,Enjoyment,crush của tao cười hơi bị xinh 3 xinh cười đỗ mãi 3
"trông mấy anh bên người ta vẫn men nhỉ , bên mình bạn nam dưới nhìn hơi íu đúi .",Disgust,trông mấy anh bên người_ta vẫn men nhỉ bên mình bạn nam dưới nhìn hơi íu đúi
woa ... dài dữ ..😃😃,Surprise,woa dài dữ
đừng ai lấy cả hộp kẹp của anh ý nhé :(((,Fear,đừng ai lấy cả hộp kẹp của anh ý nhé icon_buon
lại mất tiền ngu,Sadness,lại mất tiền ngu
có người còn thả haha não gì ấy nhỉ . gạch đá xin nhận,Other,có người còn thả haha não gì ấy nhỉ gạch đá xin nhận
sau vụ 200k thì vụ 5tr này có nội dung hài hước y hịt :)))),Enjoyment,sau vụ 200k thì vụ 5tr này có nội_dung hài_hước y hịt icon_vui
sang năm khênh hẳn giường ra nằm xem cho đỡ mỏi lưng,Other,sang năm khênh hẳn giường ra nằm xem cho đỡ mỏi lưng
má chắc gặp tao chạy mất giày,Fear,má chắc gặp tao chạy mất giày
thế chân ngắn như tao thì phải làm sao với cái cầu,Sadness,thế_chân ngắn như tao thì phải làm_sao với cái cầu
phim rất ư là hay lun quả xứng đáng là đạo diễn phim việt nam tài ba,Enjoyment,phim rất ư là hay lun quả xứng_đáng là đạo_diễn phim việt nam tài_ba
mẹ mấy tk chê này chê nọ thử chạy 5 vòng sân bóng đá đi đã rồi hãy phán người khác .,Disgust,mẹ mấy tk chê này chê nọ thử chạy 5 vòng sân bóng_đá đi đã rồi hãy phán người khác
thằng biến thái,Disgust,thằng biến_thái
ra xã hội rồi mới biết mình còn may mắn hơn rất nhiều người vậy nên hãy trân trọng những gì mình có 😊,Enjoyment,ra xã_hội rồi mới biết mình còn may_mắn hơn rất nhiều người vậy nên hãy trân_trọng những gì mình có icon_vui
đéo thấy vui đến lúc nó dừng xe đạp nó vả cho vỡ mõm lại hỏi tại sao 😌,Anger,đéo thấy vui đến lúc nó dừng xe_đạp nó vả cho vỡ mõm lại hỏi tại_sao
đầu năm chúc đại kỷ nguyên vạn sự như ý nhé,Enjoyment,đầu năm chúc đại kỷ_nguyên vạn sự như_ý nhé
"hồi nhỏ chỉ khi nào mẹ làm bánh tai yến thì mới dùng tới bếp dầu hôi này , không là bỏ tủ để dành",Other,hồi nhỏ chỉ khi nào mẹ làm bánh tai yến thì mới dùng tới bếp dầu_hôi này không là bỏ tủ để_dành
khi bạn ngu tất cả các lĩnh vực như toán học văn học nhưng vẫn cố tỏ ra nguy hiểm,Disgust,khi bạn ngu tất_cả các lĩnh_vực như toán_học văn_học nhưng vẫn cố tỏ ra nguy_hiểm
tự nhiên mình lại không muốn làm single mum nữa -.-,Sadness,tự_nhiên mình lại không muốn làm single mum nữa
quan trọng là đồng nghiệp tốt và sếp,Other,quan_trọng là đồng_nghiệp tốt và sếp
không có gì là tồn tại mãi nhỉ,Sadness,không có gì là tồn_tại mãi nhỉ
đau lòng lắm khi tối nay chồng tương lai của tao lại cống hiến sức lực để chăm sóc vợ thằng khác ..,Sadness,đau_lòng lắm khi tối nay chồng tương_lai của tao lại cống_hiến sức_lực để chăm_sóc vợ thằng khác
nhiều cụ cứ chửi người ta mà không chịu xem lại bản thân mình :)),Disgust,nhiều cụ cứ chửi người_ta mà không chịu xem_lại bản_thân mình icon_vui
đi hành xác chẳng có cái vẹo gì :))) tao đi 1 lần tao cạch,Disgust,đi hành_xác chẳng có cái vẹo gì icon_vui tao đi 1 lần tao cạch
chưa hoàn thiện hết đâu .,Other,chưa hoàn_thiện hết đâu
các bạn đã xuất sắc hoàn thành nhiệm vụ,Enjoyment,các bạn đã xuất_sắc hoàn_thành nhiệm_vụ
"chạy xe ra đường mà che kín mặt , làm sao mà quan sát xung quanh được . đúng là ninja xành điệu , mai mốt thành ninja bàn thờ cho mà xem .",Disgust,chạy xe ra đường mà che_kín mặt làm_sao mà quan_sát xung_quanh được đúng là ninja xành điệu mai_mốt thành ninja bàn_thờ cho mà xem
per mỗi ngày đi làm thấy per là như có thêm power cho 1 ngày siêng năng !!!!,Enjoyment,per mỗi ngày đi làm thấy per là như có thêm power cho 1 ngày siêng_năng
con gái thật lòng nhất khi con trai không có gì . con trai thật lòng nhất khi anh ta có tất cả mọi thứ . cuộc sống mà 🙄 có chắc mình thấy gái xinh là không tớn lên không mà đòi con người ta không mê tiền . phát biểu nghe thực dụng vãi,Disgust,con_gái thật lòng nhất khi con_trai không có gì con_trai thật lòng nhất khi anh ta có tất_cả mọi thứ cuộc_sống mà icon_chankhet có chắc mình thấy gái xinh là không tớn lên không mà đòi con người_ta không mê tiền phát_biểu nghe thực_dụng vãi
"dume lương cao nhất vẫn là các lãnh đạo nhé , trăm đến nghìn tỷ :))) mà toàn chạy thêm xe ôm với bán rau :))))",Disgust,dume lương cao nhất vẫn là các lãnh_đạo nhé trăm đến nghìn_tỷ icon_vui mà toàn chạy thêm xe_ôm với bán rau icon_vui
cuối cùng tao cũng được xem hết mấy cái video mà trước đọc comt đéo hiểu gì 🤣🤣,Enjoyment,cuối_cùng tao cũng được xem hết mấy cái video mà trước đọc comt đéo hiểu gì icon_vui icon_vui
cái phim vietsub đang hay lồng tiếng vào nghe dị ứng thật 😒😒,Disgust,cái phim vietsub đang hay lồng_tiếng vào nghe dị_ứng thật icon_chankhet icon_chankhet
nắng quá chứ bộ ai muốn,Other,nắng quá chứ bộ ai muốn
sau vụ này ý thức đậu đỗ xe của tài xế sẽ tốt hơn rất nhiều !,Other,sau vụ này ý_thức đậu đỗ xe của tài_xế sẽ tốt hơn rất nhiều
hôm ấy tao chân ướt chân ráo từ quận 6 lên quận 3 cũng rẽ trái đoạn ntmk và cmt8 . mất 3 lít :( khôn hẳn ra,Sadness,hôm ấy tao chân ướt chân ráo từ quận 6 lên quận 3 cũng rẽ trái đoạn ntmk và cmt8 mất 3 lít icon_buon khôn hẳn ra
nổii da gà hic,Fear,nổii da_gà hic
tìm mọi lí do để có thể chạy xe ngang nhà nhìn nhà nó phát xong cười mãn nguyện đi về :)),Enjoyment,tìm mọi lí_do để có_thể chạy xe ngang nhà nhìn nhà nó phát xong cười mãn_nguyện đi về icon_vui
nguy hiểm lắm,Fear,nguy_hiểm lắm
ông này chính xa ́ c làm biến nhất thế giới !!! để bộ móng tay như thế này sao làm được mọi viê ̣ c !,Disgust,ông này chính xa ́ c làm biến nhất thế_giới để bộ móng tay như thế này sao làm được mọi viê ̣ c
tính ra tao lúc nào cũng hài hước vui vẻ luôn đó trời :)))),Enjoyment,tính ra tao lúc_nào cũng hài_hước vui_vẻ luôn đó trời icon_vui
"cũng tùy , đôi khi không cần vật chất mà chỉ cần động viên , san sẽ những khi con mình vấp ngã hay khó khăn trong cuộc sống thì ...",Sadness,cũng tùy đôi_khi không cần vật_chất mà chỉ cần động_viên san sẽ những khi con mình vấp_ngã hay khó_khăn trong cuộc_sống thì
cảm thấy bị tổn thương,Sadness,cảm_thấy bị tổn_thương
eo ....,Disgust,eo
sởn gai ốc với chị ấy,Fear,sởn gai_ốc với chị ấy
"haha con hãm bán nước hoa fake mà kêu real , bị tao vạch mặt rồi block tao",Other,haha con hãm bán nước_hoa fake mà kêu real bị tao vạch_mặt rồi block tao
hóng mấy đứa mấy thằng tag người yêu rồi ảo tưởng như thế này xd,Disgust,hóng mấy đứa mấy thằng tag người_yêu rồi ảo_tưởng như thế này xd
"còn tôi thì lại khác , thanh xuân của tôi chả có bây giờ gặp được aiii và hạnh phúc bền lâu cả :(",Sadness,còn tôi thì lại khác thanh_xuân của tôi chả có bây_giờ gặp được ai và hạnh_phúc bền lâu cả icon_buon
càng nhìn tấm ảnh càng thấy thương cha mẹ nhiều hơn,Other,càng nhìn tấm ảnh càng thấy thương cha_mẹ nhiều hơn
"ám ảnh hồi bé của c , con này trông nhà oke hơn cả chó luôn",Fear,ám_ảnh hồi bé của c con này trông nhà oke hơn cả chó luôn
cai lo xô tôi đang xài mỗi ngày,Other,cai lo xô tôi đang xài mỗi ngày
hình như xe biển xanh,Other,hình_như xe biển xanh
lớp tao thì học nhau 3 năm chụp kỉ yếu nói : đéo có tiền đi chụp . địt mẹ mấy con mặt lồn . quá đen khi học còn mấy con đấy,Disgust,lớp tao thì học nhau 3 năm chụp kỉ_yếu nói đéo có tiền đi chụp địt_mẹ mấy con mặt lồn quá đen khi học còn mấy con đấy
trời ơi quảng cáo ngói mà sống động quá,Surprise,trời ơi quảng_cáo ngói mà sống_động quá
"hy vọng chừng đó con đã đi mẫu giáo lớn , 1 xe bảy chổ và nhà hai tấm 🤣",Enjoyment,hy_vọng chừng đó con đã đi mẫu_giáo lớn 1 xe bảy chổ và nhà hai tấm icon_vui
per đừng lầm tưởng,Other,per đừng lầm tưởng
bưởi chín nó như vậy đấy ngu ạ,Disgust,bưởi chín nó như vậy đấy ngu ạ
không sao đâu :) bệnh này lây qua đường tình bạn,Other,không sao đâu icon_vui bệnh này lây qua đường tình bạn
1 bạt tai 2 đạp chứ ở đó bướng,Anger,1 bạt_tai 2 đạp chứ ở đó bướng
súc vật là có thật .😏,Disgust,súc_vật là có thật
anh vui thì anh ngồi thôi ... chú cự để mặc anh . :v,Enjoyment,anh vui thì anh ngồi thôi chú cự để mặc anh v
"phim này nên xem và thuộc mấy đoạn thoại , rất hay",Enjoyment,phim này nên xem và thuộc mấy đoạn thoại rất hay
vn là vậy . bn công chăm sóc của tao đổ sông đổ biển .,Sadness,vn là vậy bn công chăm_sóc của tao đổ sông đổ biển
thế em ăn anh được không ?,Other,thế em ăn anh được không
như kiểu người yêu luôn ấy =))) nhẹ nhàng,Enjoyment,như kiểu người_yêu luôn ấy nhẹ_nhàng
per cđ chỉ cần đơn giản như thế đã ấm lòng thế ... rơi cả nói chuyện mắt ...,Enjoyment,per cđ chỉ cần đơn_giản như thế đã ấm lòng thế rơi cả nói_chuyện mắt
chỉ mong cảnh này sẽ không còn xãy ra ở xã hội này nữa . bất hạnh vậy đủ rồi 😞🙁,Sadness,chỉ mong cảnh này sẽ không còn xãy ra ở xã_hội này nữa bất_hạnh vậy đủ rồi icon_buon
đúng phải chia tay gặp loại óc chó thế này cơ mà,Disgust,đúng phải chia_tay gặp loại óc chó thế này cơ_mà
xạo quá add ơi ! y tế nào lương 24tr thế ?,Disgust,xạo quá add ơi y_tế nào lương 24tr thế
"tao thì chưa cắt thì đã đéo có sức hút rồi cắt , bùn vãi",Sadness,tao thì chưa cắt thì đã đéo có sức hút rồi cắt bùn vãi
"per đâ ́ y , hiê ̉ u vi ̀ sao nên cha ̀ o mo ̣ i ngươ ̀ i chưa",Enjoyment,per đâ ́ y hiê ̉ u_vi ̀ sao nên cha ̀ o mo ̣ i ngươ ̀ i chưa
khó hiểu lắm,Other,khó hiểu lắm
ước gì tôi cũng được kiên trì như anh ấy để dạy con gào mất nết nhà tôi 😪,Sadness,ước gì tôi cũng được kiên_trì như anh ấy để dạy con gào mất_nết nhà tôi
con này ăn cức mà lớn hay sao ấy . đánh không lại thì chạy ngu như bò đứng cho tụi nó đánh,Disgust,con này ăn cức mà lớn hay sao ấy đánh không lại thì chạy ngu như bò đứng cho tụi nó đánh
khi nào có người mang trầu cau sang hỏi cưới thì tao kết hôn . hỏi thừa thế 😒,Disgust,khi nào có người mang trầu cau sang hỏi cưới thì tao kết_hôn hỏi thừa_thế icon_chankhet
cho em canh với . hehe,Enjoyment,cho em canh với hehe
"vừa về xong , phải nói là đông vãi đông chứ không phải đông bình thường =))))",Enjoyment,vừa về xong phải nói là đông vãi đông chứ không phải đông bình_thường
trên đời vẫn còn nhiều điều tốt đẹp ❤️,Enjoyment,trên đời vẫn còn nhiều điều tốt_đẹp
chắc học từ bỏ quá,Sadness,chắc học từ_bỏ_quá
mẹ thấy đơn giản không ? đấy giờ chỉ việc lên số cái .... lên ...☝️☝️,Enjoyment,mẹ thấy đơn_giản không đấy giờ chỉ việc lên số cái lên
và thế những thanh niên ô dâm vào bình luận về cô giáo mình như đúng rồi . nhân cách mất mẹ nó rồi,Disgust,và thế những thanh_niên ô dâm vào bình_luận về cô_giáo mình như đúng rồi nhân_cách mất mẹ nó rồi
per tôi có 1 thằng bạn lúc nào cũng chỉ lo dìm hàng chiều cao của tôi thôi .,Disgust,per tôi có 1 thằng bạn lúc_nào cũng chỉ lo dìm hàng chiều cao của tôi thôi
yêu làm mẹ gì rồi phải chia tay người ơi,Sadness,yêu làm mẹ gì rồi phải chia_tay người ơi
cô per vợ ông per - trung nguyên - có phải là cô giáo per huyền thoại không nhỉ ?,Other,cô per vợ ông per trung_nguyên có phải là cô_giáo per huyền_thoại không nhỉ
chỉ sợ tốc độ ăn của dân mình thì không kịp gây hại thôi,Other,chỉ sợ tốc_độ ăn của dân mình thì không kịp gây hại thôi
phạt là đúng rồi,Disgust,phạt là đúng rồi
cần có cơ quan chức năng tới để làm rõ vụ việc với ngư dân đã bắt nó,Other,cần có cơ_quan_chức_năng tới để làm rõ vụ_việc với ngư_dân đã bắt nó
ai bảo đi mách lẻo làm gì chúng nó chả đánh cho .,Disgust,ai_bảo đi mách_lẻo làm gì chúng_nó chả đánh cho
chúc mừng em và chúc em học tập tốt ngành học đã chọn ! niềm tự hào của tây bắc !,Enjoyment,chúc_mừng em và chúc em học_tập tốt ngành học đã chọn niềm tự_hào của tây bắc
t nghĩ thợ chụp đéo có tâm bằng thợ make đăng và thợ photoshop đâu,Disgust,tao nghĩ thợ chụp đéo có tâm bằng thợ make đăng và thợ photoshop đâu
"nói dân trí thấp lại tự ái , hỏi nhiều hỏng nhiệm vụ nó lại quy tội chống người thi hành công vụ thì ăn lồn",Disgust,nói dân_trí thấp lại tự_ái hỏi nhiều hỏng nhiệm_vụ nó lại quy tội chống người thi_hành công_vụ thì ăn lồn
có chị em nào khu vực loc đi coi cùng mình không ...,Enjoyment,có chị_em nào khu_vực loc đi coi cùng mình không
vì ai cũng có mối quan tâm riêng,Other,vì ai cũng có mối quan_tâm riêng
"nói câu sau là nuốt câu trước , y chang nuốt não nó v đó nhỉ kk thật thú vị",Enjoyment,nói câu sau là nuốt câu trước y chang nuốt não nó v đó nhỉ kk thật thú_vị
mới mua p30 luôn,Other,mới mua p30 luôn
rồi nhận ra chỉ mình là cảm thấy như thế thôi hả :(,Sadness,rồi nhận ra chỉ mình là cảm_thấy như thế thôi hả icon_buon
nhìn cách dạy chó là biết cách dạy con,Disgust,nhìn cách dạy chó là biết cách dạy con
ngày nào cũng ngủ với mẹ rồi mà vẫn còn tiếc :))))),Enjoyment,ngày nào cũng ngủ với mẹ rồi mà vẫn còn tiếc icon_vui
"thằng nào vẽ đẹp , vẽ giúp tao tấm ảnh per phòng hờ cúp điện không có tài liệu quay tay :(",Enjoyment,thằng nào vẽ đẹp vẽ giúp tao tấm ảnh per phòng hờ cúp điện không có tài_liệu quay tay icon_buon
cho chừa cái thói chạy xe khôn lõi,Disgust,cho chừa cái thói chạy xe khôn lõi
thề luôn con ngáo nó thích trêu mấy đứa sợ sợ như này =)),Enjoyment,thề luôn con ngáo nó thích trêu mấy đứa sợ sợ như này
"đm tao quăng bể mẹ nó cái màn hình , chó admin - _ -",Anger,chửi_thề tao quăng bể mẹ nó cái màn_hình chó admin _
không biết nguyên nhân từ đâu,Other,không biết nguyên_nhân từ đâu
tài năng sáng tạo vẩy bút thôi cũng là nghệ thuật,Other,tài_năng sáng_tạo vẩy bút thôi cũng là nghệ_thuật
má :))) đoạn đeo mặt nạ kinh dị vkl :)),Fear,má icon_vui đoạn đeo mặt_nạ kinh_dị rất icon_vui
thế mới bảo . chủ động riết rồi nó xem thường :)),Disgust,thế mới bảo chủ_động riết rồi nó xem_thường icon_vui
cafe nguyên chất 🙂,Other,cafe nguyên_chất icon_vui
"chưa nói chuyện thân thiết quan tâm , mới xã giao thôi đã lầm tưởng rồi ấy chứ , haizz khổ lắm",Sadness,chưa nói_chuyện thân_thiết quan_tâm mới xã_giao thôi đã lầm tưởng rồi ấy chứ haizz khổ lắm
các mày trốn đi bọn chủ tịch đang đến kìa 😨😨😨,Fear,các mày trốn đi bọn chủ_tịch đang đến kìa icon_loso icon_loso icon_loso
cái này phải hơn 20 năm rồi . lần đầu không biết canh lửa nên cơm khét hoài 🤣🤣🤣🤣🤣,Enjoyment,cái này phải hơn 20 năm rồi lần đầu không biết canh lửa nên cơm khét hoài icon_vui icon_vui icon_vui icon_vui icon_vui
per ông này ác thật con bé nó van xin thế rồi,Disgust,per ông này ác thật con bé nó van_xin thế rồi
per sự tích con chim họa tao với mấy thắc mắc hồi trước nè,Other,per sự_tích con chim_họa tao với mấy thắc_mắc hồi trước nè
"mỏi lần làm phiền và sát hại bao nhiu con kiến , tôi không tu hành nhưng làm thế vì miếng ăn ác ôn quá ngon lành gì",Disgust,mỏi lần làm_phiền và sát_hại bao nhiều con kiến tôi không tu_hành nhưng làm thế vì miếng ăn ác_ôn quá ngon_lành gì
lớn lên sẽ rất đẹp chaiii ??,Enjoyment,lớn lên sẽ rất đẹp chai
"thấy bảo sang năm được tủi , nhưng mà năm nay vẫn chưa có người êu",Sadness,thấy bảo sang năm được tủi nhưng mà năm nay vẫn chưa có người êu
diễn viên có cá tính hay nhât từng xem,Enjoyment,diễn_viên có cá_tính hay nhât từng xem
mệt như chó :3 nhưng mà hoan hỉ đầu năm đi xin lộc :v,Enjoyment,mệt như chó 3 nhưng mà hoan_hỉ đầu năm đi xin lộc v
per cái dume mày thấy tác hại của tập gym chưa,Fear,per cái dume mày thấy tác_hại của tập gym chưa
bạn đặt câu hỏi với mục đích không cần câu trả lời thì thôi mình không nói chuyện,Disgust,bạn đặt câu hỏi với mục_đích không cần_câu trả_lời thì thôi mình không nói_chuyện
"tao sợ chó lắm .""",Fear,tao sợ chó lắm
"đấm liên tục vào mồm , không trượt phát nào ...",Other,đấm liên_tục vào mồm không trượt phát nào
"per nếu có khi nào thấy bản thân vô dụng hay là thất bại , thì hãy nhớ có những người chế tạo ra mấy cái của nợ này . =))",Enjoyment,per nếu có khi nào thấy bản_thân vô_dụng hay_là thất_bại thì hãy nhớ có những người chế_tạo ra mấy cái của nợ này
per ai bày mày thiết kế thế này hả ???,Other,per ai bày mày thiết_kế thế này hả
gd năm nay chán,Sadness,gd năm nay chán
em chờ được mà 🙂,Enjoyment,em chờ được mà icon_vui
thanh niên thích chơi nổi nhưng nói ngọng :vậy,Disgust,thanh_niên thích chơi nổi nhưng nói ngọng vậy
sau khi xem ảnh này xong tôi quyết định ... mua honda :v,Enjoyment,sau khi xem ảnh này xong tôi quyết_định mua honda v
tao cừi tao ỉa 🤣🤣🤣,Enjoyment,tao cừi tao ỉa icon_vui icon_vui icon_vui
per tuổi thơ của mềnh đi học là lúc nào bạn tao cũng ngồi trên và khi nào múa giờ ra chơi cũng múa chung với mềnh 😅😅😅,Enjoyment,per tuổi_thơ của mềnh đi học là lúc nào bạn tao cũng ngồi trên và khi nào múa giờ ra chơi cũng múa chung với mềnh icon_vui icon_vui icon_vui
thấy không có gì hấp dẫn,Other,thấy không có gì hấp_dẫn
chẳng bao giờ thấy sai,Other,chẳng bao_giờ thấy sai
per bài tủ 1 thời =)),Enjoyment,per bài tủ 1 thời
hồi xưa đã có giày sục mõm cá sấu rồi cơ à ??,Surprise,hồi xưa đã có giày sục mõm cá_sấu rồi cơ à
chỉ mong ở cái độ tuổi ấy chúng ta còn được như vậy,Enjoyment,chỉ mong ở cái độ tuổi ấy chúng_ta còn được như_vậy
trong luật có khung hình phạt xử bắn không ... ghê tởm,Disgust,trong luật có khung hình_phạt xử bắn không ghê_tởm
nhanh thật . đã bắt được rồi,Surprise,nhanh thật đã bắt được rồi
"lên kiểm tra phòng thấy dơ quá thì x10 x20 lên cho nó trả lòi lồn , lần sau nó không làm nữa việc chi không kiểm tra phòng giờ gào thét , nhiều phòng nó phạt nặng vụ bánh kem , rồi bình xịt xà phồng các kiểu , ghi tổn thất đồ trong phòng đền gấp đôi .",Disgust,lên kiểm_tra phòng thấy dơ quá thì x10 x20 lên cho nó trả lòi lồn lần sau nó không làm nữa việc chi không kiểm_tra phòng giờ gào_thét nhiều phòng nó phạt nặng vụ bánh kem rồi bình_xịt xà phồng các kiểu ghi tổn_thất_đồ trong phòng đền gấp đôi
rải đinh nhiều thật,Other,rải đinh nhiều thật
nếu yêu anh ! em sẽ hỏi ý kiến anh về mọi việc .,Other,nếu yêu anh em sẽ hỏi ý_kiến anh về mọi việc
giữ mãi lòng nhân ái các em nhé ! tấm lòng các em đẹp biết bao .,Enjoyment,giữ mãi lòng nhân_ái các em nhé tấm lòng các em đẹp biết_bao
hình như chính là cái nhà thờ đó đó,Other,hình_như chính là cái nhà_thờ đó đó
"sao nghiệt ngã vậy :'( đề nghị bắt luôn con mụ tri hô vớ vẩn , phá vỡ hạnh phúc 1 gia đình",Disgust,sao nghiệt_ngã vậy đề_nghị bắt luôn con mụ tri hô vớ_vẩn phá vỡ hạnh_phúc 1 gia_đình
bình yên thật,Enjoyment,bình_yên thật
quan trọng là có con đồng nghiệp đầy khẩu nghiệp yến đặng 🤣🤣🤣,Enjoyment,quan_trọng là có con đồng_nghiệp đầy khẩu_nghiệp yến đặng icon_vui icon_vui icon_vui
"ở việt nam một số người không giàu đơn thuần , tiền của họ không biết từ đâu ra nên khi lập sân sau họ có thể chơi trò này .",Other,ở việt nam một_số người không giàu đơn_thuần tiền của họ không biết từ đâu ra nên khi lập sân sau họ có_thể chơi trò này
má tao coi mà cứ sợ nó bay ra 😌😌,Fear,má tao coi mà cứ sợ nó bay ra
đù mé nó ... bơi nhiều quá não rớt mẹ xuống hồ rồi hay gì mấy thằng chó,Anger,đù mé nó bơi nhiều quá não rớt mẹ xuống hồ rồi hay gì mấy thằng chó
chân ngắn sao đi đây ta ?,Other,chân ngắn sao đi đây ta
mẹ mắng lúc sáng sớm là xui cả ngày :(,Sadness,mẹ mắng lúc sáng sớm là xui cả ngày icon_buon
per mã mẹ biết hôm qua quay video sớm hơn ự,Sadness,per mã mẹ biết hôm_qua quay video sớm hơn ự
"dân trí thấp , trẻ trâu , trai làng 🙂",Disgust,dân_trí thấp trẻ trâu trai làng icon_vui
tự dưng cụt con mẹ nó 1 tay trong 66 năm 😂 chả để làm đéo gì . nhìn bẩn bựa vkl 😂,Disgust,tự_dưng cụt con_mẹ nó 1 tay trong 66 năm icon_vui chả để làm đéo gì nhìn bẩn bựa rất icon_vui
nhện đéo bằng thằng lằn đâu :)) dume kinhh tởm vll :((,Disgust,nhện đéo bằng thằng lằn đâu icon_vui dume kinhh tởm vll icon_buon
địt mẹ 2 thằng bạn lol,Disgust,địt_mẹ 2 thằng bạn lol
đùa ... cảnh sát việt nam tài thật . vụ gì cũng bắt trong 48 giờ,Enjoyment,đùa cảnh_sát việt nam tài thật vụ gì cũng bắt trong 48 giờ
xem chỉ đợi đến đọan nó ngã để cười :)))),Enjoyment,xem chỉ đợi đến đọan nó ngã để cười icon_vui
per đồ ảo tưởng,Disgust,per đồ ảo_tưởng
đó là lý do tao chỉ muốn điện thoại là phương tiện liên lạc . không phảu phương tiện chứa đựng bí mật,Other,đó là lý_do tao chỉ muốn điện_thoại là phương_tiện liên_lạc không phảu phương_tiện chứa_đựng bí_mật
"gia đình và tình yêu , để thay đổi mọi thứ",Other,gia_đình và tình_yêu để thay_đổi mọi thứ
"hồi lớp 1 đú theo lũ bạn về học nấu . thế là cơm sống , sợ quá vùi gạo trong đống tro",Fear,hồi lớp 1 đú theo lũ bạn về học nấu thế_là cơm sống sợ quá vùi gạo trong đống tro
năm ngoái là hôm hai chị em chuẩn bị làm mứt tết ... cũng không nhó có gato với họ không ... năm nay thì khác .... vẫn cô đơn nhưng không hề gato .....,Enjoyment,năm_ngoái là hôm hai chị_em chuẩn_bị làm mứt tết cũng không nhó có gato với họ không năm nay thì khác vẫn cô_đơn nhưng không hề gato
chỉ là không có ai để nhắn thì mới nhắn cho mình . công nhận nguy hiểm,Fear,chỉ là không có ai để nhắn thì mới nhắn cho mình công_nhận nguy_hiểm
tau cố gắng chỉ được từng này 😦😦,Other,tau cố_gắng chỉ được từng này icon_loso icon_loso
tội này nên cho đi tù cả lũ đi người mình hại người mình 😡,Anger,tội này nên cho đi tù cả lũ đi người mình hại người mình icon_tucgian
thằng này cục súc vãi,Disgust,thằng này cục_súc vãi
nhỏ ngầu lớn lên nhìn bê đi =))),Enjoyment,nhỏ ngầu lớn lên nhìn bê đi
thằng lái tàu mua bằng .. con ông cháu cha mới xin vào đây được .... bẻ lái lách ra 1 chút thì có sao đâu ... cục súc vãi ....,Disgust,thằng lái tàu mua bằng con ông cháu cha mới xin vào đây được bẻ lái lách ra 1 chút thì có sao đâu cục_súc vãi
tối nay chồng tương lai sẽ đưa con khác đi chơi 😆😆😆,Sadness,tối nay chồng tương_lai sẽ đưa con khác đi chơi icon_vui icon_vui icon_vui
hôm nay đi qua vẫn thấy nói chuyện thải chảy thẳng ra sông thì bao giờ mới sạch được ... haiz,Sadness,hôm_nay đi qua vẫn thấy nói_chuyện thải chảy thẳng ra sông thì bao_giờ mới sạch được haiz
"đó là 1 câu chuyện buồn , tao không có bạn trai hix hix",Sadness,đó là 1 câu_chuyện buồn tao không có bạn trai hix hix
ở daklak nữa không xử phạt thì còn mất nhiều,Other,ở daklak nữa không xử_phạt thì còn mất nhiều
đầu mùa chua chua ăn ngon vãi_chưởng . thích vải lắm luôn . trong khi nhà toàn nhãn .,Enjoyment,đầu mùa chua chua ăn ngon vãi_chưởng thích vải lắm luôn trong khi nhà toàn nhãn
chẳng thấm vào đâu . so với số tiền khủng kiếm được . hằng ngày mụ ta nói khoác lác vài câu .???,Disgust,chẳng thấm vào đâu so với số tiền khủng kiếm được hằng ngày mụ ta nói_khoác_lác vài câu
"tao có 4 cái ăn không tao share bớt cho , cạch mặt đứa bán hàng đi",Disgust,tao có 4 cái ăn không tao share bớt cho cạch mặt đứa bán hàng đi
đầu óc đến giờ vẫn còn nặng và đang né tránh mọi người .,Fear,đầu_óc đến giờ vẫn còn nặng và đang né_tránh mọi người
chuyên cơ tt quá đẹp ! bao giờ má mua được chiêc như vâ ̀ y trơi ̀ !!,Enjoyment,chuyên_cơ tt quá đẹp bao_giờ má mua được chiêc như vâ ̀ y trơi ̀
bó tay . lại khiển trách . rút kinh nghiệm,Anger,bó_tay lại khiển_trách rút kinh_nghiệm
điên khùng . nhưng hahahah . nhiều tiền quá mạ ơi,Enjoyment,điên_khùng nhưng hahahah nhiều tiền quá mạ ơi
một nỗi buồn thầm lặng,Sadness,một nỗi buồn thầm_lặng
béo tí đáng yêu mà =)),Enjoyment,béo tí đáng yêu mà
tag cái đứa bạn nghĩ nó nên gia nhập hội này ;),Other,tag cái đứa bạn nghĩ nó nên gia_nhập hội này
sau này có nhắn tin thì không phải là chào em mà là chào mọi người,Other,sau_này có nhắn_tin thì không phải là chào em mà là chào mọi người
tài liệu mật mà mày cũng biết à 😆 max xạo lờ,Disgust,tài_liệu mật mà mày cũng biết à icon_vui max xạo lờ
ổng múa đẹp thiệt chứ bộ .,Surprise,ổng múa đẹp thiệt chứ bộ
per anh có định quát mắng em không,Other,per anh có định quát_mắng em không
"má ơi , coi đến fire tưởng quảng cáo rạp chiếu phim , đến cuối té ra là mái nhà =))",Surprise,má ơi coi đến fire tưởng quảng_cáo rạp chiếu_phim đến cuối té_ra là mái nhà
ra chỗ khác sóng không tới viết đi cậu :((( nhìn buồn vãi,Sadness,ra chỗ khác sóng không tới viết đi cậu icon_buon nhìn buồn vãi
rơi mất tim . nguy hiểm thiệt ^^,Fear,rơi mất tim nguy_hiểm_thiệt icon_vui
"hồi nhỏ thì tao bị cả bầy dí , được fine :)))))) đến khi tao 12 và đi học đh năm nhất , sau 1 tháng xa nhà , về nhà và cái kết là tao không còn bước ra khỏi cửa nữa , n dí everywhere :)))))))",Fear,hồi nhỏ thì tao bị cả bầy dí được fine icon_vui đến khi tao 12 và đi học đh năm nhất sau 1 tháng xa nhà về nhà và cái kết là tao không còn bước ra khỏi cửa nữa n dí everywhere icon_vui
per ngồi ôm bụng cười và liên tưởng đến nhiều nhân vật,Enjoyment,per ngồi ôm bụng cười và liên_tưởng đến nhiều nhân_vật
ko sợ gì chỉ sợ con ml ý 😞,Fear,không sợ gì chỉ sợ con ml ý icon_buon
cảm thấy bạn trai tớ giận dỗi đáng yêu cực,Enjoyment,cảm_thấy bạn trai tớ giận_dỗi đáng yêu cực
ủa xưng mày tao thì có vấn đề gì nhễ,Other,ủa xưng mày tao thì có vấn_đề gì nhễ
"toàn xử ép , đi tù gần được 7 năm rồi đền người ta 200 triệu . thời gian tuổi trẻ của con người rẻ mạt quâ",Disgust,toàn xử ép đi tù gần được 7 năm rồi đền người_ta 200 triệu thời_gian tuổi_trẻ của con_người rẻ_mạt quâ
thứ mà dễ dàng qa cũng nguy hiểm,Fear,thứ mà dễ_dàng qa cũng nguy_hiểm
"đúng vại , với ai nó cũng tỏ ra như thế . hihi 😂",Enjoyment,đúng vại với ai nó cũng tỏ ra như thế hihi icon_vui
với mình đoạn mấy thằng đỡ đẻ là hay nhất,Enjoyment,với mình đoạn mấy thằng đỡ_đẻ là hay nhất
nhà em có tính lắp không per,Other,nhà em có tính lắp không per
gái đĩ già mồm,Disgust,gái đĩ già_mồm
thương em :(,Sadness,thương em icon_buon
sáu múi đâu rồi,Other,sáu múi đâu rồi
đậu phộng hahhahah may hềy,Enjoyment,đậu_phộng hahhahah may hềy
nó ở cái tầm vũ trụ chuẩn mẹ rồi,Other,nó ở cái tầm vũ_trụ chuẩn mẹ rồi
đổ vỏ chắc luôn 😌,Disgust,đổ vỏ chắc luôn
cô ấy còn không thèm coi tin nhắn của tao :((,Disgust,cô ấy còn không thèm coi tin nhắn của tao icon_buon
hạnh phúc phát khóc,Enjoyment,hạnh_phúc phát khóc
per tụi này bản lĩnh ghê .,Surprise,per tụi này bản_lĩnh ghê
mai thi xong tao sẽ mang đống đề cương đi bán cho đỡ ghét,Disgust,mai thi xong tao sẽ mang đống đề_cương đi bán cho đỡ ghét
dự là sắp có án mạng xảy ra 😂,Other,dự là sắp có án_mạng xảy ra icon_vui
phòng gì vậy .,Other,phòng gì vậy
"hai đứa đều có máu ở tay , mù à mà không nhìn thấy 😒",Disgust,hai đứa đều có máu ở tay mù à mà không nhìn thấy icon_chankhet
thằng nào sửa xe này dễ đau tim mà chết lắm . :)). nhất là những thằng sợ rắn .,Fear,thằng nào sửa xe này dễ đau tim mà chết lắm icon_vui nhất là những thằng sợ rắn
đó cứ có phải trông giàu sang phú quý là sẽ sòng phẳng đâu,Other,đó cứ có phải trông giàu_sang phú_quý là sẽ sòng_phẳng đâu
sao đũy đó có thể mập được vậy nhỉ,Surprise,sao đũy đó có_thể mập được vậy nhỉ
lại công cốc rồi . cả thế giới kì vọng,Sadness,lại công_cốc rồi cả thế_giới kì_vọng
tao tưởng tượng sau này sẽ có 1 thằng bồ vừa điên vừa ngáo giống tao .. chắc vui hết sảy 🤣,Enjoyment,tao tưởng_tượng sau_này sẽ có 1 thằng bồ vừa điên vừa ngáo giống tao chắc vui hết sảy icon_vui
ai hát tao cho tao nge bài này chắc tao say quá,Enjoyment,ai hát tao cho tao nge bài này chắc tao say quá
cách tốt nhất là đứng lên và chọn 1 nơi khác để tìm 1 thứ tốt đẹp hơn và dễ viết hơn :)),Enjoyment,cách tốt nhất_là đứng lên và chọn 1 nơi khác để tìm 1 thứ tốt_đẹp hơn và dễ viết hơn icon_vui
lập đội cảnh sat chuyên đi dẹp những nơi tụ tập như thế,Other,lập đội cảnh sat chuyên đi dẹp những nơi tụ_tập như_thế
tao ngự ở trong uống nước cho nhàn thân rồi,Enjoyment,tao ngự ở trong uống nước cho nhàn thân rồi
nếu bạn kinh doanh mà tôi đỗ xe trước cửa nhà bạn cả buổi thì đường của ai nhỉ,Disgust,nếu bạn kinh_doanh mà tôi đỗ xe trước cửa_nhà bạn cả buổi thì đường của ai nhỉ
per thuê kiểm kê tài sản do toà án làm bạn ơi . 😂 cả 1 nùi người làm cật lực đấy .,Other,per thuê kiểm_kê tài_sản do toà_án làm bạn ơi icon_vui cả 1 nùi người_làm cật_lực đấy
yêu quá ! xinh quá ??????,Enjoyment,yêu quá xinh quá
ước mơ làm ngành thật đam mê,Other,ước_mơ làm ngành thật đam_mê
câu chuyện của em làm anh cảm động quá …,Sadness,câu_chuyện của em làm anh cảm_động quá
êu ơi sao con mụ này không gặp mình nhờ :))) ước gì có con mụ thế này tông vào mình ý :)))) klq mà giọng bé quay video đáng yêu thế ❤️,Enjoyment,êu ơi sao con mụ này không gặp mình nhờ icon_vui ước gì có con mụ thế này tông vào mình ý icon_vui klq mà giọng bé quay video đáng yêu thế
thề dume đứa nào nghĩ ra cái đoạn kết như kiểu hết phim như này nhàm vãi ra . đang hay thì tụt hứng,Disgust,thề dume đứa nào nghĩ ra cái đoạn kết như kiểu hết phim như này nhàm vãi ra đang hay thì tụt hứng
ko như thằng per năm ấy ngồi cạnh tao một hai không cho chép bài thi ! đm,Anger,không như thằng per năm ấy ngồi cạnh tao một_hai không cho chép bài thi chửi_thề
tuổi gì so với anh ! :) haha,Enjoyment,tuổi gì so với anh icon_vui haha
"nó gieo cho tao mầm hi vọng , hi vọng vừa chớm nở nó đạp xẹp lép sự hi vọng bằg sự lặng im",Sadness,nó gieo cho tao mầm hi_vọng hi_vọng vừa chớm nở nó đạp xẹp_lép sự hi_vọng bằg sự lặng_im
bỏ tù hết lũ xả thải như thế này đi,Anger,bỏ_tù hết lũ xả thải như thế này đi
chữ tao từ lớp 3 đã kiểu như thế nào và còn đẹp hơn nhé .,Enjoyment,chữ tao từ lớp 3 đã kiểu như thế_nào và còn đẹp hơn nhé
dume nó hết con mẹ nó hồn ....😭😭😭😭,Fear,dume nó hết con_mẹ nó hồn icon_buon icon_buon icon_buon icon_buon
14 / 2 năm ngoái tao mọc sừng . nên 14 / 2 năm nay tao quyết định cưa sừng 😊,Enjoyment,14 2 năm_ngoái tao mọc_sừng nên 14 2 năm nay tao quyết_định cưa sừng icon_vui
đm trí tuệ vãi,Enjoyment,chửi_thề_trí_tuệ vãi
thấy tội em thỏ bị ăn đòn tới tấp,Sadness,thấy tội em thỏ bị ăn đòn tới_tấp
một bài dịch hay,Enjoyment,một bài dịch hay
giọng cute phết,Enjoyment,giọng cute phết
mày độc ác vãi,Disgust,mày độc_ác vãi
ở đây chúng tôi không làm thế,Other,ở đây chúng_tôi không làm thế
uầy . ngọt thế ??????,Enjoyment,uầy ngọt thế
mỗi lần chào cờ :)) đậu má dth vãi :v,Enjoyment,mỗi lần chào cờ icon_vui đậu má dth vãi v
lâu quá rồi không nghe,Other,lâu quá rồi không nghe
sẽ được toại nguyện thôi . yên tâm .,Other,sẽ được toại_nguyện thôi yên_tâm
"à , thì ra là nó dỗ mình 😂",Surprise,à thì ra là nó dỗ mình icon_vui
dth quá haha,Enjoyment,dth quá haha
bớt rung động đời bớt suy nghĩ,Other,bớt rung_động đời bớt suy_nghĩ
tóm lại gọi là nghệt thuật của kinh doanh là bán lỗ ho nhanh,Other,tóm lại gọi là nghệt thuật của kinh_doanh là bán lỗ ho nhanh
"mấy thằng con nào sủa câu "" công việc thì chịu đi than cái lol "" thì dume tụi bây sau này ráng làm giàu làm chủ nha con chứ nghèo thì con cái tụi bây phải đi làm thuê làm mướn gặp hoàn cảnh tương tự rồi tụi nó quay lại chửi vô mặt cha mẹ nó là chúng mày thì nhục lắm nha con .",Disgust,mấy thằng con nào sủa câu công_việc thì chịu đi than cái lol thì dume tụi bây sau_này ráng làm_giàu làm_chủ nha_con chứ nghèo thì con_cái tụi bây phải đi làm_thuê làm_mướn gặp hoàn_cảnh tương_tự rồi tụi nó quay lại chửi vô mặt cha_mẹ nó là chúng_mày thì nhục lắm nha con
per một thời nè 😃,Enjoyment,per một thời nè
"má gần nhà có nuôi 1 cặp ngày nào đi ngang nó nhìn thấy nó quay đầu bỏ chạy , con gì mà dữ thấy mẹ hà",Fear,má gần nhà có nuôi 1 cặp ngày nào đi ngang nó nhìn thấy nó quay đầu bỏ chạy con gì mà dữ thấy mẹ hà
cái kết hay nhất là đuổi khỏi dòng họ tiếp theo nhàm quá,Disgust,cái kết hay nhất là đuổi khỏi dòng_họ tiếp_theo nhàm quá
định share mà đọc bình luận tắt con mẹ nó cảm xúc :(((((,Sadness,định share mà đọc bình_luận tắt con_mẹ nó cảm_xúc icon_buon
thật là một sự mỉa mai,Other,thật là một sự mỉa_mai
tao đang cố un crush nhưng khi xem xong video trên thì ..........( khóc không ra nước mắt ),Sadness,tao đang cố un crush nhưng khi xem xong video trên thì khóc không ra nước_mắt
lúc mày vui thì sao :))) những lúc buồn hãy nghĩ lại trước kia vui sướng !,Enjoyment,lúc mày vui thì sao icon_vui những lúc buồn hãy nghĩ_lại trước_kia vui_sướng
anh ơi :3 hôm nay em thích anh chơi game và đi ngủ sớm đấy :3 đừng đi chơi với gái :<,Other,anh ơi 3 hôm_nay em thích anh chơi game và đi ngủ sớm đấy 3 đừng đi chơi với gái icon_buon
ai ngu như mày,Disgust,ai ngu như mày
per bị phạt 10tr à c 🤣🤣,Enjoyment,per bị phạt 10tr à c icon_vui icon_vui
xem mấy lần rồi vẫn thấy hay,Enjoyment,xem mấy lần rồi vẫn thấy hay
đơn giản mà mấy ai làm được .... ngưỡng mộ,Enjoyment,đơn_giản mà mấy ai làm được ngưỡng_mộ
hạnh phúc ghê,Enjoyment,hạnh_phúc ghê
vớ vẩn :)))),Disgust,vớ_vẩn icon_vui
nt thêm cái dạ vâng thấy quý vãi,Enjoyment,nt thêm cái dạ vâng thấy quý vãi
:) đàn ông mà nặng tình vãi lol ra,Sadness,icon_vui đàn_ông mà nặng_tình vãi lol ra
loài vật đang dần dần có trí khôn và hành động như một con người còn một số người thì đang tiến hóa ngược :v,Disgust,loài vật đang dần_dần có trí_khôn và hành_động như một con_người còn một_số người thì đang tiến_hóa ngược v
khiếp quá có đẹp đẽ gì đâu chứ ?,Disgust,khiếp quá có đẹp_đẽ gì đâu chứ
"dù chỉ để nhìn 1 cái , để biết người ấy vẫn ổn , người ấy còn tồn tại . ít nhất là nv 😔",Sadness,dù chỉ để nhìn 1 cái để biết người ấy vẫn ổn người ấy còn tồn_tại ít_nhất là nv icon_buon
biết đâu mưa xuống ổng ấy lại hết ngáo ??????,Other,biết_đâu mưa xuống ổng ấy lại hết ngáo
"phải chi có ai đối với tao như này ha . nghĩ lại , mình không bằng cả chó . aiyo ....",Sadness,phải chi có ai đối_với tao như này ha nghĩ_lại mình không bằng cả chó aiyo
tao mà ở đây là sợ rụng trứng luôn chứ đừng nói ăn,Fear,tao mà ở đây là sợ rụng trứng luôn chứ đừng nói ăn
tao rất thích nhạc trung từ giai điệu đến ý nghĩa rất hay 😁😁😁,Enjoyment,tao rất thích nhạc trung từ giai_điệu đến ý_nghĩa rất hay icon_vui icon_vui icon_vui
"đứng nhất tại trừ phí nhiều chứ khỉ gì . mới lãnh lương xong là trừ , không đki dịch vụ gì hết mà tháng nào cũng trừ , tới lúc cần giải quyết ra đợi cả buổi , rồi lại hẹn cả tuần .",Anger,đứng nhất tại trừ phí nhiều chứ khỉ gì mới lãnh lương xong là trừ không đki dịch_vụ gì hết mà tháng nào cũng trừ tới lúc cần giải_quyết ra đợi cả buổi rồi lại hẹn cả tuần
làm phục vụ xong 4 tháng đi hà nội 1 lần chỉ để gặp người yêu xong giờ thì mới biết là nó cắm nguyên cây sừng lên đầu mình,Sadness,làm phục_vụ xong 4 tháng đi hà_nội 1 lần chỉ để gặp người_yêu xong giờ thì mới biết là nó cắm nguyên cây sừng lên đầu mình
thế con lồn chủ nhiệm kia đéo có trách nhiệm gì nữa à :/ giáo viên mà sao nghĩ ngắn thế ?,Anger,thế con lồn chủ_nhiệm kia đéo có trách_nhiệm gì nữa à giáo_viên mà sao nghĩ ngắn thế
trong khi đó lũ con trai lớp tao mỗi lần cắt tóc xong là một vở kịch mới được mở màn :vv,Enjoyment,trong khi đó lũ con_trai lớp tao mỗi lần cắt tóc xong là một vở kịch mới được mở_màn vv
"chúg mày cứ bảo nhắn thêm , tao thấy mày nhắn chữ dạ vâng là đã thấy đáng yêu rồi :)))",Enjoyment,chúg mày cứ bảo nhắn thêm tao thấy mày nhắn chữ dạ vâng là đã thấy đáng yêu rồi icon_vui
con đũy ngổng ngáo,Disgust,con đũy ngổng ngáo
add xem ảnh ngoài đời chưa mà nói dume,Disgust,add xem ảnh ngoài đời chưa mà nói dume
có người sinh ra đã giàu có người làm cực khổ cũng không thể giàu . thương ông,Sadness,có người sinh ra đã giàu_có người làm cực_khổ cũng không_thể giàu thương ông
cho hỏi ngu tí là tiền bồi thươ ̀ người mấy vụ án oan lấy ra từ đâu vậy ??,Surprise,cho hỏi ngu tí là tiền bồi thươ ̀ người mấy vụ án oan lấy ra từ đâu_vậy
tên thì tất nhiên nhớ nhưng ngày sinh của tao thì ông bà bô nhà tao không một ai nhớ cả ^^,Sadness,tên thì tất_nhiên nhớ nhưng ngày_sinh của tao thì ông_bà bô nhà tao không một ai nhớ cả icon_vui
câu chuyện vui ha =]],Enjoyment,câu_chuyện vui ha
sao em này lại xinh vậy ?,Surprise,sao em này lại xinh_vậy
đáng yêu mà sợ gì,Enjoyment,đáng yêu mà sợ gì
không hiểu lắm,Other,không hiểu lắm
"tao chả thấy cười ở cái đoạn buồi nào cả , sắp đến đoạn hay tí lại ngắt cmnl",Disgust,tao chả thấy cười ở cái đoạn buồi nào cả sắp đến đoạn hay tí lại ngắt cmnl
chúc trump chuyến bay thật may mắn nhớ tới thăm hà nội nhé xin chào,Enjoyment,chúc trump chuyến bay thật may_mắn nhớ tới thăm hà_nội nhé xin chào
"gặp tao , tao ré cái hoảng mất :(( đáng sợ qué",Fear,gặp tao tao ré cái hoảng mất icon_buon đáng sợ qué
có đứa nào giống tao vào đọc bình luận để biết cái này là cái gì không .?,Other,có đứa nào giống tao vào đọc bình_luận để biết cái này là cái gì không
"này hai đứa , đã đi niềng răng chưa , chưa thì đi niềng đi rồi quay lại nhé nhởn ra cười như hai đứa thần kinh nhé",Disgust,này hai đứa đã đi niềng răng chưa chưa thì đi niềng đi rồi quay lại nhé nhởn ra cười như hai đứa thần_kinh nhé
"sai nhé ! không phải trầm cảm đâu . thứ đó , kinh khủng hơn rất nhiều",Other,sai nhé không phải trầm_cảm đâu thứ đó kinh_khủng hơn rất nhiều
lò bếp dầu một thời nè gì per,Other,lò bếp dầu một thời nè gì per
khi nhỏ còn bị nghiện mùi khói này nữa chớ . 😄,Enjoyment,khi nhỏ còn bị nghiện mùi khói này nữa chớ
lâu lắm rồi mới nghe lại bài này 😀,Enjoyment,lâu lắm rồi mới nghe lại bài này icon_vui
phim này xem rồi ý nghĩa vài,Enjoyment,phim này xem rồi ý_nghĩa vài
khi đang xây cầu mà bị rút bớt kinh phí !,Other,khi đang xây cầu mà bị rút bớt kinh_phí
ít nhất con nhện nó còn yêu mày 🙂🙂🙂,Enjoyment,ít_nhất con nhện nó còn yêu mày icon_vui icon_vui icon_vui
tao bẻ cổ mày luôn ấy,Anger,tao bẻ cổ mày luôn ấy
"đm 3 tiếng đi được 20m , đéo biết bao giờ mới về đến nhà",Disgust,chửi_thề 3 tiếng đi được 20m đéo biết bao_giờ mới về đến nhà
dell hiểu phí cái con cặc gì =))) cái tỷ lệ mặt này .,Disgust,dell hiểu phí cái con cặc gì cái tỷ_lệ mặt này
mày chặt một tay đi cho dễ nhớ,Other,mày chặt một tay đi cho dễ nhớ
khoảng gần chục năm về trước thì còn vàng trắng .... giờ thì bán còn không đủ không đủ để trả công nữa là,Sadness,khoảng gần chục năm về trước thì còn vàng_trắng giờ thì bán còn không đủ không đủ để trả công nữa_là
1 chút vị cay pha thêm 1 chút vị đắng nhưng đôi khi cũng có chút ngọt ngào,Other,1 chút vị cay pha thêm 1 chút vị đắng nhưng đôi_khi cũng có chút ngọt_ngào
tình yêu là lời nói dối của 1 thằng khùng được tin bởi 1 con ngu 🤣🤣,Disgust,tình_yêu là lời nói_dối của 1 thằng khùng được tin bởi 1 con ngu icon_vui icon_vui
má 2 thằng áo vàng lầy ghê 😂,Other,má 2 thằng áo vàng lầy ghê_icon_vui
bộ phim truyền cảm hứng hay nhất =),Enjoyment,bộ phim truyền_cảm_hứng hay nhất
cái kết có hậu quá :)),Enjoyment,cái kết có_hậu quá icon_vui
mặt hài vãi chưởng =)))),Enjoyment,mặt hài vãi chưởng
câu chuyện thật cục súc :),Disgust,câu_chuyện thật cục_súc icon_vui
"em sẽ mãi không biết có lúc tôi gọi chỉ để nghe câu "" ai vậy ?""",Sadness,em sẽ mãi không biết có lúc tôi gọi chỉ để nghe câu ai vậy
per kinh nghiệm nha,Enjoyment,per kinh_nghiệm nha
bếp dầu lại nhớ thời sinh viên,Other,bếp dầu lại nhớ thời sinh_viên
"các bạn đừng dạy người giàu đặc biệt ( đàn ông ) cách khoan dung và của chồng công vợ . qua bao nhiêu bài tìm hiểu . chị vợ rất thâm !!! tuy mình là phụ nữ , nhưng đọc qua nhiều bài mới nể phục anh vũ . và cảm thấy sự khinh bỉ đâu đó dành cho c thảo , dù c tài năng đến đâu nhưng c tham thì thâm mọi người sẽ không bao giờ ủng hộ c .",Disgust,các bạn đừng dạy người giàu đặc_biệt đàn_ông cách khoan_dung và của chồng công vợ qua bao_nhiêu bài tìm_hiểu chị vợ rất thâm tuy mình là phụ_nữ nhưng đọc qua nhiều bài mới nể phục anh_vũ và cảm_thấy sự khinh_bỉ đâu_đó dành cho c thảo dù c tài_năng đến đâu nhưng c tham thì thâm mọi người sẽ không bao_giờ ủng_hộ c
người ta thật thà phết,Enjoyment,người_ta thật_thà phết
chàng trai vàng trong làng bấm biển =))),Enjoyment,chàng trai vàng trong làng bấm biển
sao không thây lên báo nhỉ,Other,sao không thây lên báo nhỉ
lần sau mua mấy con vít gỗ 2cm lém gần bánh :)) lần sau sợ ngay :)),Other,lần sau mua mấy con vít gỗ 2cm lém gần bánh icon_vui lần sau sợ ngay icon_vui
ai sẽ chở tớ đi đâyy,Other,ai sẽ chở tớ đi đâyy
không may thụt chân xuống thì sẽ như thế nào nhỉ chắc là thốn đến tận rốn,Fear,không may thụt chân xuống thì sẽ như thế_nào nhỉ chắc là thốn đến tận_rốn
nhìn ông với bà chất hơn thanh niên bây giờ,Enjoyment,nhìn ông với bà chất hơn thanh_niên bây_giờ
per đồng nghiệp tốt giúp ta dễ vào nhà thương điên kkkk,Enjoyment,per đồng_nghiệp tốt giúp ta dễ vào nhà thương điên k
"thứ hãm lol , trêu vô duyên vãi , xấu mặt dân tao",Disgust,thứ hãm lol trêu vô_duyên vãi xấu mặt dân tao
per vẽ đẹp cũng có thú vui của nó mày :)),Enjoyment,per vẽ đẹp cũng có thú_vui của nó mày icon_vui
"ngày xưa nuôi mấy con mèo . đêm hôm nó cứ lựa lúc cửa mở là chạy đi chơi mất . những lần nó không về buồn thối ruột , tối cứ mở cửa để đợi tiếng meo meo 😥",Sadness,ngày_xưa nuôi mấy con mèo đêm hôm nó cứ lựa lúc cửa_mở là chạy đi chơi mất những lần nó không về buồn thối ruột tối cứ mở_cửa để đợi tiếng meo meo icon_loso
xem cả chục lần vẫn thấy hạnh phúc lây với cụ bà 😊 không biết mai sau mình có được vậy không,Enjoyment,xem cả chục lần vẫn thấy hạnh_phúc lây với cụ bà icon_vui không biết mai sau mình có được vậy không
phim này rất hay . tình cảm nhẹ nhàng . toàn zai đẹp . hehe,Enjoyment,phim này rất hay tình_cảm nhẹ_nhàng toàn zai đẹp hehe
per thế mà cháu tôi không biết chơi 😭😭,Sadness,per thế_mà cháu tôi không biết chơi icon_buon icon_buon
là nhân duyên trời ban cớ sao chẳng thành đôi :(,Sadness,là nhân_duyên trời ban cớ_sao chẳng thành đôi icon_buon
per c . bị tinh thần đi xem đi 👻,Enjoyment,per c bị tinh_thần đi xem đi
đáng yêuc quad 🤤🤤🤤,Enjoyment,đáng yêuc quad
thu nhập bình quân chứ không phải thu nhập của nhân viên nào cũng thế 😏,Other,thu_nhập bình_quân chứ không phải thu_nhập của nhân_viên nào cũng thế
tốt nhất là không nên mang điện thoại theo người,Other,tốt nhất là không nên mang điện_thoại theo người
dume sởn gai ốc 😭,Fear,dume sởn gai_ốc icon_buon
"chả lẽ không không cô bắt học sinh quỳ như thế à ... bây giờ vài bọn “ học giả ” cứ rả rích là thầy cô không giáo dục học trò chỉ đăm đăm vào dạy , lúc thầy cô “ dạy ” thì lại rôm rả về đạo đức nghề giáo ... ôi thôi ... đủ các thể loại",Disgust,chả lẽ không không cô bắt học_sinh quỳ như thế à bây_giờ vài bọn học_giả cứ rả_rích là thầy cô không giáo_dục_học_trò chỉ đăm_đăm vào dạy lúc thầy cô dạy thì lại rôm_rả về đạo_đức nghề giáo ôi_thôi đủ các thể_loại
"đẹp quá mày , còn không cho tao xin ít",Enjoyment,đẹp quá mày còn không cho tao xin ít
mày nghĩ mày cản được tao à ? :)),Other,mày nghĩ mày cản được tao à icon_vui
thế là dấu ấn lịch sử và hình tượng thằng gù nhà thờ đức bà của nước pháp đã thành tàn tro :(,Sadness,thế_là dấu_ấn lịch_sử và hình_tượng thằng gù nhà_thờ đức bà của nước pháp đã thành tàn tro icon_buon
mày cứ đái ra võng là lần sau vợ mày sẽ rút kinh nghiệm,Disgust,mày cứ đái ra võng là lần sau vợ mày sẽ rút kinh_nghiệm
dkm bọn này thất đức thật,Anger,dkm bọn này thất_đức thật
add cứ khoe đi . mai lại chặt hết như nguyễn trãi mà 😂😂😂,Enjoyment,add cứ khoe đi mai lại chặt hết như nguyễn trãi mà icon_vui icon_vui icon_vui
cảm giác lúc đấy mình quá đáng vãi ra,Disgust,cảm_giác lúc đấy mình quá_đáng vãi ra
nghe quả tên nó đã khét vãi rồi . :))),Enjoyment,nghe quả tên nó đã khét vãi rồi icon_vui
mình cũng có con mèo đực nuôi được 1 năm thì nó biệt tích 1 năm sau nó về rồi 1 năm sau thì nó mất .... buồn,Sadness,mình cũng có con mèo đực nuôi được 1 năm thì nó biệt_tích 1 năm sau nó về rồi 1 năm sau thì nó mất buồn
per cứ chuẩn bị tiền đi hú là tôi đi,Other,per cứ chuẩn_bị tiền đi hú là tôi đi
ui mấy ông tướng men nì từ bé luôn nhỉ . đáng yêuc chết được 🥰🥰🥰,Surprise,ui mấy ông tướng men nì từ bé luôn nhỉ đáng yêuc chết được icon_vui icon_vui icon_vui
quá đáng !,Anger,quá_đáng
cái này thì ai chả đau lòng trời,Sadness,cái này thì ai chả đau_lòng trời
hay lắm,Enjoyment,hay lắm
thế này lại thành xây nhà cho nhà hàng xóm rồi 😰,Sadness,thế này lại thành xây nhà cho nhà hàng_xóm rồi icon_loso
"nhiều nước quá , lấy bát về múc nước ra thêm tí đường vào là có 1 bát nước gạo ngon lành",Enjoyment,nhiều nước quá lấy bát về múc nước ra thêm tí đường vào là có 1 bát nước_gạo ngon_lành
"phải nói thằng lái xe đỗ quá thể , sau vụ này chắc sẽ khôn ra nhiều",Disgust,phải nói thằng lái_xe đỗ quá_thể sau vụ này chắc sẽ khôn ra nhiều
"xem tới xem lui không biết bao nhiêu lần , nhưng đều có cùng cảm xúc mỗi lần xem lại . một bộ phim tuyệt vời 👍",Enjoyment,xem tới xem lui không biết_bao_nhiêu lần nhưng đều có cùng cảm_xúc mỗi lần xem_lại một bộ phim tuyệt_vời
"tàn nhẫn thế nào , là khi mình trao họ hết hy vọng rồi họ lại dập tắt đi nó",Sadness,tàn_nhẫn thế_nào là khi mình trao họ hết hy_vọng rồi họ lại dập tắt đi nó
có tiến bộ ! kkk,Enjoyment,có tiến_bộ k
chờ một ngày tao ưu tú rồi mọi thứ sẽ tự tìm đến với ta,Other,chờ một ngày tao ưu_tú rồi mọi thứ sẽ tự tìm đến với ta
t định thả sad nhưng đọc bình luận buồn cười vailon 😂 nên thả hahaa :v,Enjoyment,tao định thả sad nhưng đọc bình_luận buồn_cười vailon icon_vui nên thả hahaa v
quá nguy hiểm . chúng nó có thể đang đùa cợt với mày đấy,Other,quá nguy_hiểm chúng_nó có_thể đang đùa_cợt với mày đấy
"người ta đi trước cả ý nghĩ của ông rồi đừng dậy người ta , phải tự hào chứ",Disgust,người_ta đi trước cả ý_nghĩ của ông rồi đừng dậy người_ta phải tự_hào chứ
buồn thế nhỉ . t mới mua con per chưa nổi 1 năm . thế này thì biết sống sao 😨😨,Sadness,buồn_thế nhỉ tao mới mua con per chưa nổi 1 năm thế này thì biết sống sao icon_loso icon_loso
phải thế mới hết thối được,Other,phải thế mới hết thối được
thấy cái thèm ts quá,Enjoyment,thấy cái thèm ts quá
nếu diễn viên chính trẻ hơn đẹp hơn đang yêuc hơn thì mình sẽ xem haizz,Other,nếu diễn_viên chính trẻ hơn đẹp hơn đang yêuc hơn thì mình sẽ xem haizz
dm cưng vlll =))),Enjoyment,dm cưng vl
"quan trọng là lòng tin , bạn bè mình một số người mình đã mất lòng tin thì đừng bao giờ nói chuyện tiền nong . khâm phục anh",Enjoyment,quan_trọng là lòng tin bạn_bè mình một_số người mình đã mất_lòng tin thì đừng bao_giờ nói_chuyện tiền_nong khâm_phục anh
dm . đồ dạo này lắm tạp chất hay s í nó đéo phê nhg mà vẫn bị ngáo,Fear,dm đồ dạo này lắm tạp_chất hay sao í nó đéo phê nhg mà vẫn bị ngáo
chỉ khổ thân bọn trẻ thôi đau sót lắm,Sadness,chỉ khổ_thân bọn trẻ thôi đau sót lắm
chứ sao mày không ngủ mà kêu tao ngủ,Other,chứ sao mày không ngủ mà kêu tao ngủ
mấy con bò nó nhột nó lại cắn cho giờ,Other,mấy con bò nó nhột nó lại cắn cho giờ
tao sẽ chỉ tự an ủi là đấy chỉ có trong phim truỵên ngôn tình :),Sadness,tao sẽ chỉ tự an_ủi là đấy chỉ có trong phim_truỵên ngôn tình icon_vui
dume sự nghiệp vứt đi đâu,Other,dume sự_nghiệp vứt đi đâu
t mà bị như này thì chắc tao chết luôn c ạ 😂😂 per,Fear,tao mà bị như này thì chắc tao chết luôn c ạ icon_vui icon_vui per
lại cái trò đéo cho đỗ ???,Anger,lại cái_trò đéo cho đỗ
"hăm hở đón nhận tất cả , thậm chí là nỗi buồn , nếu điều ấy khiến việc tồn tại của bạn mang một hương vị đáng nhớ ...",Sadness,hăm_hở đón_nhận tất_cả thậm_chí là nỗi buồn nếu điều ấy khiến việc tồn_tại của bạn mang một hương_vị đáng nhớ
đôi mắt to quá,Surprise,đôi mắt to quá
buồn dễ sợ mà huhu,Sadness,buồn dễ sợ mà huhu
thú vị vậy =)),Enjoyment,thú_vị vậy
giống tao thế nhỉ ! 😑😑,Surprise,giống tao thế nhỉ
nói chuyện như người yêu ??,Enjoyment,nói_chuyện như người_yêu
toàn bọn lùn haizz,Disgust,toàn bọn lùn haizz
"per mày nhìn thành long hồi này có thấy giống mặt anh chung nhung hồi xưa không :))))). thề luôn , tao thấy giống vãi 🤣",Enjoyment,per mày nhìn thành long hồi này có thấy giống mặt anh chung nhung hồi xưa không icon_vui thề luôn tao thấy giống vãi icon_vui
thôi chết . thế thì tao đứt dây thần kinh gây cười rồi,Other,thôi chết thế_thì tao đứt dây thần_kinh gây cười rồi
tao lại lấy mỡ đè chết mày bây giờ,Anger,tao lại lấy mỡ đè chết mày bây_giờ
"rất thích g7 hồi từ 2012 trở lại , có lẽ sẽ uống lại trung nguyên :)",Enjoyment,rất thích g7 hồi từ 2012 trở_lại có_lẽ sẽ uống lại trung_nguyên icon_vui
chuỗi ngày tủi nhục cũng từ đó mà bắt đầu,Sadness,chuỗi ngày tủi_nhục cũng từ đó mà bắt_đầu
per hihi nhớ không,Enjoyment,per hihi nhớ không
con cháu thằng nào ra đường mà không dạy thế,Disgust,con_cháu thằng nào ra đường mà không dạy thế
chắc là không sợ chó ha,Other,chắc là không sợ chó ha
tks admin ... tôi muốn tìm phim này lâu rồi mà không nhớ tên phim ... tks admin nhiều,Enjoyment,tks admin tôi muốn tìm phim này lâu rồi mà không nhớ tên phim tks admin nhiều
thính hơn chó động 1 tí là kêu inh ỏi điếc cả tai . đuổi thì đuổi dai 😒,Anger,thính hơn chó động 1 tí là kêu inh_ỏi điếc cả tai đuổi thì đuổi dai icon_chankhet
lạy chúa con còn lứa tuổi học sinh,Other,lạy chúa con còn lứa tuổi học_sinh
đó là 1 câu chuyện buồn 😤,Sadness,đó là 1 câu_chuyện buồn icon_chankhet
"nhìn cảnh này mình nhớ lại cảnh ông ngoại mình đứng ngay quan tài bà ngoại khóc nức nở . bà đi rồi để ông ở lại một mình , đau lòng quá",Sadness,nhìn cảnh này mình nhớ lại cảnh ông ngoại mình đứng ngay quan_tài bà ngoại khóc nức_nở bà đi rồi để ông ở lại một_mình đau_lòng quá
"bánh tráng trộn năm đó ở roai ờ ti , ruột đau như cắt nói chuyện mắt đầm đìa đền thg dưa gang cốc dưa hấu kem chi per",Sadness,bánh_tráng trộn năm đó ở roai ờ ti ruột đau như cắt nói_chuyện mắt đầm_đìa đền thg dưa_gang cốc dưa_hấu kem chi per
bây thấy nó vô lý vãi lol không ?,Disgust,bây thấy nó vô_lý vãi lol không
chuẩn con mẹ nó cơm oy 😂😂😂,Enjoyment,chuẩn con_mẹ nó cơm oy icon_vui icon_vui icon_vui
ngày xưa mẹ tao dạy ở miền núi . năm tao học lớp 3 lần đầu tiên lên trường với mẹ . đaumoa mấy con ngỗng mất dạy rượt tao leo lên cây phượng cao chót vót cả tiếng không dám xuống .,Fear,ngày_xưa mẹ tao dạy ở miền núi năm tao học lớp 3 lần đầu_tiên lên trường với mẹ đaumoa mấy con ngỗng mất_dạy rượt tao leo lên cây phượng cao chót_vót cả tiếng không dám xuống
đúng rồi . tất cả chỉ là lừa dối thôi . nhớ nhé ..,Disgust,đúng rồi tất_cả chỉ là lừa_dối thôi nhớ nhé
mày chuẩn bị ra rìa rồi con,Other,mày chuẩn_bị ra_rìa rồi con
"chứ tao mà viết đến giờ chắc dày lắm , nhiều đứa bị lôi vào sổ ghi nợ lắm :d",Other,chứ tao mà viết đến giờ chắc dày lắm nhiều đứa bị lôi vào_sổ ghi nợ lắm d
xem 1 lần rồi thôi !!,Other,xem 1 lần rồi thôi
cắt tóc xong rùi gội đầu xong tóc còn ướt ý nhìn đẹp trai lắm luôn ý,Enjoyment,cắt tóc xong rồi gội đầu xong tóc còn ướt ý nhìn đẹp_trai lắm luôn ý
"sau 1 thời còm men dạo khắp muôn nơi , cháu đã lên được fan cứng rất rất cứng 😆😆",Enjoyment,sau 1 thời còm men dạo khắp muôn nơi cháu đã lên được fan cứng rất rất cứng icon_vui icon_vui
ông lại tự phức tạp hóa vấn đề lên thôi :v,Other,ông lại tự phức_tạp_hóa vấn_đề lên thôi v
"mất 1 phút để say mê một người , một giờ để thích một người và một ngày để yêu một người nhưng có thể lại mất một đời để quên đi hình bóng ấy . đấy là câu xạo lol trong ngôn tình thôi chứ tin thế đéo nào được",Disgust,mất 1 phút để say_mê một người một giờ để thích một người và một ngày để yêu một người nhưng có_thể lại mất một đời để quên đi hình_bóng ấy đấy là câu xạo lol trong ngôn tình thôi chứ tin thế đéo nào được
hạnh phúc . mà hạnh phúc của đàn ông thì khó nói lắm . kaka,Enjoyment,hạnh_phúc mà hạnh_phúc của đàn_ông thì khó nói lắm kaka
tripod dựng cao lên để chụp thì thần kinh chỗ nào :) dume ghép video đếu xem mà chèn tiêu đề như con cặc ấy,Disgust,tripod dựng cao lên để chụp thì thần_kinh chỗ nào icon_vui dume ghép video đếu xem mà chèn tiêu_đề như con cặc ấy
thấy ớn,Disgust,thấy ớn
mấy bọn thả chó không rọ mõm gây hại cho người khác phải bị chó cắn mới thích đáng per,Disgust,mấy bọn thả chó không rọ_mõm gây hại cho người khác phải bị chó cắn mới thích_đáng per
"đó là do bạn ngu , đéo biết chọn chỗ viết",Disgust,đó là do bạn ngu đéo biết chọn chỗ viết
"giờ đây chúng ta , những con người của ngày ấy giờ không còn nữa ... những lời nói về mai sau nhưng ta đâu ngờ sau này chúng ta càng trở lên xa lạ",Sadness,giờ_đây chúng_ta những con_người của ngày ấy giờ không còn nữa những lời_nói về mai sau nhưng ta đâu ngờ sau_này chúng_ta càng trở lên xa_lạ
ngại gì thế vừa nhanh vừa tiện,Other,ngại gì thế vừa nhanh vừa tiện
nhà anh có cơ to nhưng óc anh bằng quả nho !!,Disgust,nhà anh có cơ to nhưng óc anh bằng quả nho
bếp dầu vặn tim rồi chăm lửa nó mới cháy nha chỉ cho mấy đứa không bit sài,Other,bếp dầu vặn tim rồi chăm lửa nó mới cháy nha chỉ cho mấy đứa không biết sài
không biết thật mà hix .,Sadness,không biết thật mà hix
về nhà thể hiển nhé chú em,Disgust,về nhà thể hiển nhé chú em
"per anh nào nhắn vậy là tao yêuc luôn đéo suy nghĩ , ngọt vãi",Enjoyment,per anh nào nhắn vậy là tao yêuc luôn đéo suy_nghĩ ngọt vãi
lỗi là do phụ huynh . nên đừng gây áp lực cho mấy em trẻ,Disgust,lỗi là do phụ_huynh nên đừng gây áp_lực cho mấy em trẻ
"sai rõ rồi , bếp công cộng nào cũng phải có lưu mẫu chứ . nếu không lưu thì lại vi phạm thì xử cái đó",Disgust,sai rõ rồi bếp công_cộng nào cũng phải có lưu mẫu chứ nếu không_lưu thì lại vi_phạm thì xử cái đó
"đang lười quá nè , làm sao để bớt lười",Other,đang lười quá nè làm_sao để bớt lười
đẹp quá 😆 vi diệu,Surprise,đẹp quá icon_vui vi diệu
"đến lúc yêu nhạt cực :) tao thề ! kiểu chán chán , muốn quay về đơn phương hơn",Sadness,đến lúc yêu nhạt cực icon_vui tao thề kiểu chán chán muốn quay về đơn_phương hơn
ngiu tao cắt tóc xong nhìn như cặc . phải để tầm nữa tháng sau nhìn mới nung trở lại,Disgust,ngiu tao cắt tóc xong nhìn như cặc phải để tầm nữa tháng sau nhìn mới nung trở_lại
có lẽ chỉ là con tốt thí thân cho cả bầy bụng phệ phía sau,Disgust,có_lẽ chỉ là con tốt thí thân cho cả bầy bụng phệ phía sau
nghèo mà đi tập huấn sang chảnh ??,Disgust,nghèo mà đi tập_huấn sang chảnh
tao toàn bạn gái mà sao vẫn tưng tửng nhể ???,Sadness,tao toàn bạn gái mà sao vẫn tưng_tửng nhể
vậy cứ mở mồm chó ra đổ thừa trung quốc . toàn mình giết mình,Anger,vậy cứ mở mồm chó ra đổ_thừa trung quốc toàn mình giết mình
"cấm đỗ thì gọi phường hay thanh tra giao thông xuống cẩu đi , chứ đường nhà chủ thớt bỏ tiền mua chắc ??????",Disgust,cấm đỗ thì gọi phường hay thanh_tra giao_thông xuống cẩu đi chứ đường nhà chủ thớt bỏ tiền mua chắc
"cái dòng ế mà dễ dãi , hứ tao khinh",Disgust,cái dòng ế mà dễ_dãi hứ tao khinh
xem lâu rồi giờ xem lại vẫn buồn cười,Enjoyment,xem lâu rồi giờ xem_lại vẫn buồn_cười
"còn giữ 2 cái đĩa cổ này luôn á , ghê hông",Enjoyment,còn giữ 2 cái đĩa cổ này luôn á ghê_hông
quen với quên rồi thì hết đau thôi mà,Sadness,quen với quên rồi thì hết đau thôi mà
anh này còn phim pk nữa rất hay và ý nghĩa,Enjoyment,anh này còn phim pk nữa rất hay và ý_nghĩa
"cả phim trừ anh dv chính ra thì thấy anh này là đáng yêu nhất , dù nhìn hơi hâm hâm tý",Enjoyment,cả phim_trừ anh dv chính ra thì thấy anh này là đáng yêu nhất dù nhìn hơi hâm hâm tý
mua mà không được phát tán virut bán ra chợ đen thì mua để mà tế ah .,Disgust,mua mà không được phát_tán virut bán ra chợ_đen thì mua để mà tế à
cẩn thận quá cô ơi,Other,cẩn_thận quá cô ơi
muốn nhanh thì phải từ từ =))))),Enjoyment,muốn nhanh thì phải từ từ
nhìn phiêu thật chắc nhẹ mất mấy cân một bên tai 😂😂😂,Other,nhìn phiêu thật chắc nhẹ mất mấy cân một bên tai icon_vui icon_vui icon_vui
đang có phong trào tế trượt chân bể bình hả,Other,đang có phong_trào tế trượt chân bể bình hả
có khi nào là chủ tịch giả vờ không ?,Other,có khi nào là chủ_tịch giả_vờ không
một giây rung động con tim :))))),Enjoyment,một giây rung_động con tim icon_vui
này làm mình liên tưởng tới hoá,Other,này làm mình liên_tưởng tới hoá
"thích hôn , thèm hôn ư ư ...",Enjoyment,thích hôn thèm hôn ư ư
"nhớ lúc nhỏ tao và nó mỗi đứa 1 đường đi không ai đá động gì đến nó mà dume tao đang đi nó chạy sang đá cho tao mấy phát , dume đúng là đồ hoạ mi điên ... 🌚🌚 thứ độg vật không thể nào yêu thương nổi ...",Disgust,nhớ lúc nhỏ tao và nó mỗi đứa 1 đường đi không ai đá động gì đến nó mà dume tao đang đi nó chạy sang đá cho tao mấy phát dume đúng là đồ_hoạ_mi điên thứ độg vật không_thể_nào yêu_thương nổi
"nhìn mặt đã thấy tởm , lũ thầy cô trong trường biết còn trêu chọc các em . rặt một lũ cặn bã , súc sinh .",Anger,nhìn mặt đã thấy tởm lũ thầy cô trong trường biết còn trêu_chọc các em rặt một lũ cặn_bã súc_sinh
"tự nhiên chơi với con trai cái bị kêu không đàng quàng , con gái gì kỳ vậy , lại còn nhiều bồ , đi với ai cũng nghĩ là bồ . mệt thiệt chứ",Anger,tự_nhiên chơi với con_trai cái bị kêu không đàng_quàng con_gái gì kỳ vậy lại còn nhiều bồ đi với ai cũng nghĩ là bồ mệt thiệt chứ
tao ho rụng hết tóc rồi 😭,Sadness,tao ho rụng hết tóc rồi icon_buon
tưởng đàng hoàng cho chơi chung ai dè bạn xấu,Disgust,tưởng đàng_hoàng cho chơi chung ai dè bạn xấu
per bit cái nay không . hihi,Enjoyment,per biết cái nay không hihi
vừa lên dốc thấy crush cười =)),Enjoyment,vừa lên dốc thấy crush cười
kiếp trước sống lỗi quá nên kiếp này nghiệp quật :((,Sadness,kiếp trước sống lỗi quá nên kiếp này nghiệp quật icon_buon
kkk tao chọn anh đầu tiên,Enjoyment,k tao chọn anh đầu_tiên
lol :) dume nhảm nhí,Disgust,lol icon_vui dume nhảm_nhí
thằng hack game nó gặp trùm cuối rồi 😭😭 truyện đến đây là kết thúc sao 😭,Sadness,thằng hack game nó gặp trùm cuối rồi icon_buon icon_buon truyện đến đây là kết_thúc sao icon_buon
lúc đầu tao còn tưởng thật ấy chứ,Other,lúc đầu tao còn tưởng thật ấy chứ
rất chi là chờ đợi 🙄,Other,rất chi là chờ_đợi icon_chankhet
chị em mình giờ nói ít thôi haha,Enjoyment,chị_em mình giờ nói ít thôi haha
per rồi sẽ có 1 ngày vừa cười tao vừa kể chuyện khiến tao rơi nước mắt,Sadness,per rồi sẽ có 1 ngày vừa cười tao vừa kể chuyện khiến tao rơi nước_mắt
ăn vào lại thức dậy ở một nơi xa thì bỏ mẹ :)),Fear,ăn vào lại thức dậy ở một nơi xa thì bỏ_mẹ icon_vui
em ấy đang ở đâu ạ,Other,em ấy đang ở đâu ạ
gọi gọi người ra cái lờ ! gặp bố đập mày lun cho rảnh lol nhá,Anger,gọi gọi người ra cái lờ gặp bố đập mày lun cho rảnh lol nhá
"giả bộ vô tình gặp nhìn lén rồi đi , lại còn tìm hiểu cả gia phả người ta nữa chứ ... một thời ngu ngốc đáng yêu .",Enjoyment,giả_bộ vô_tình gặp nhìn lén rồi đi lại còn tìm_hiểu cả gia_phả người_ta nữa chứ một thời ngu_ngốc đáng yêu
nghe lần 3 đéo thấy hay,Disgust,nghe lần 3 đéo thấy hay
ủa sao biết ??,Surprise,ủa sao biết
dume cà rốt bố đéo thèm nhé !,Anger,dume cà_rốt bố đéo thèm nhé
nhạt hơn tao,Disgust,nhạt hơn tao
tao hiểu cảm giác đó,Other,tao hiểu cảm_giác đó
anh thật máu lửa 🤣🤣🤣,Surprise,anh thật máu_lửa icon_vui icon_vui icon_vui
"per vì ss thích coi nặn mụn , c cũng ráng coi hết và cái kết có hậu 😂😂",Enjoyment,per vì ss thích coi nặn mụn c cũng ráng coi hết và cái kết có_hậu icon_vui icon_vui
bọn fa sẽ nói tao lấy ảnh mạng cho mà xem,Disgust,bọn fa sẽ nói tao lấy ảnh mạng cho mà xem
bắt võng nằm cho sướng,Enjoyment,bắt võng nằm cho sướng
đúng là khổ trước sướng sau thế mới giàu =))),Enjoyment,đúng là khổ trước sướng sau thế mới giàu
nói thiệt là 10 người thanh hoá hết 9 người chả ra gì ...,Disgust,nói thiệt là 10 người thanh hoá hết 9 người chả ra_gì
đó là tìm đúng người còn sai người thì auto mối quan hệ kết thúc :)),Enjoyment,đó là tìm đúng người còn sai người thì auto mối quan_hệ kết_thúc icon_vui
bọn công ty nào vậy mọi người cùng nhau lên xiên cho bọn nó mỗi đứa vài phát,Anger,bọn công_ty nào vậy mọi người cùng nhau lên xiên cho bọn nó mỗi đứa vài phát
"có thể là ngày mai , tháng sau , cuối năm , sang năm hoặc 30 tuổi :))) khi nào có tình yêu .",Other,có_thể là ngày_mai tháng sau cuối năm sang_năm hoặc 30 tuổi icon_vui khi nào có tình_yêu
dume mấy con nhãi danh . 😒,Anger,dume mấy con nhãi danh icon_chankhet
mình còn chưa được nắm tay,Sadness,mình còn chưa được nắm tay
boss dễ thương vãi lúa,Enjoyment,boss dễ_thương vãi lúa
"nhà nuôi 1 cặp ngỗng kêu thì ôi thôi điếc tai luôn . chạy xe thì cứ canh ngay đầu xe mà nhào ra mổ , dí hơn cả chó nữa",Other,nhà nuôi 1 cặp ngỗng kêu thì ôi_thôi điếc tai luôn chạy xe thì cứ canh ngay đầu xe mà nhào ra mổ dí hơn cả chó nữa
mặt thằng mèo khó ở vãi,Disgust,mặt thằng mèo khó_ở vãi
hỏng xe và phải đền tầu hỏa . có thể phải đi tù nếu gây hậu quả nghiêm trọng . đầu đất là có thật . 😔😔😔😔,Disgust,hỏng xe và phải đền tầu_hỏa có_thể phải đi tù nếu gây hậu_quả nghiêm_trọng đầu đất là có thật icon_buon icon_buon icon_buon icon_buon
2 năm rồi và đã kết thúc rồi,Sadness,2 năm rồi và đã kết_thúc rồi
ngáo cỏ này đáng yêu nhỉ,Enjoyment,ngáo cỏ này đáng yêu nhỉ
ấm áp vãi .,Enjoyment,ấm_áp vãi
per được đi thi chưa babe 😂,Enjoyment,per được đi thi chưa babe icon_vui
mấy vụ giết người chặt xác gần đây ở việt nam toàn là người hiền lành 🤔🤔🤔,Other,mấy vụ giết người chặt xác gần đây ở việt nam toàn là người hiền_lành
"cảm ơn các em , tuổi học sinh lắm nghịch ngợm nhưng có lòng yêu thương con vật nhỏ bé đã giúp bé cún được sống 😘😘",Enjoyment,cảm_ơn các em tuổi học_sinh lắm nghịch_ngợm nhưng có lòng yêu_thương con vật nhỏ_bé đã giúp bé cún được sống icon_vui icon_vui
dume cười muốn chết người ta ~~,Enjoyment,dume cười muốn chết người_ta
ngày xưa có 1 cái,Enjoyment,ngày_xưa có 1 cái
dm đã mải đạp xe rồi còn hỏi hoi cái lol gì vậy ????,Anger,dm đã mải đạp xe rồi còn hỏi hoi cái lol gì vậy
"kaka bạn này best bán hành luôn kaka . bó tay . miệng nói một đường , não nghỉ một lối",Disgust,kaka bạn này best bán hành luôn kaka bó_tay miệng nói một đường não nghỉ một lối
"đm buồn cười đéo chịu được , đặc vụ nằm vùng đi xe đạp thì đuổi sao kịp mấy th lol đi xe máy 🙄",Enjoyment,chửi_thề buồn_cười đéo chịu được đặc_vụ nằm_vùng đi xe_đạp thì đuổi sao kịp mấy th lol đi xe_máy icon_chankhet
"con sâu làm rầu nồi canh , tuyệt đối không có chuyện ....",Disgust,con sâu làm rầu nồi canh tuyệt_đối không có chuyện
đứng trụ điện mới lạ chứ,Surprise,đứng trụ điện mới_lạ chứ
bọn tiếp tay cho kẻ giết người,Disgust,bọn tiếp_tay cho kẻ giết người
"cho phải công bằng , nếu không anh chị em không hoà thuận ...",Other,cho phải công_bằng nếu không anh_chị_em không hoà_thuận
rồi rủi gặp phải thằng người yêu con kia cục súc nó lại xiên cả đám :),Other,rồi rủi gặp phải thằng người_yêu con kia cục_súc nó lại xiên cả đám icon_vui
cái này mình thấy ở ngoài đường người ta diễn nhiều lắm . nay chỗ này mai chỗ khác à . nhìn thấy riết rồi cũng nhạt cái mặt ra,Disgust,cái này mình thấy ở ngoài đường người_ta diễn nhiều lắm nay chỗ này mai chỗ khác à nhìn thấy riết rồi cũng nhạt cái mặt ra
đi mà ngửi nách nhau à ? mua được cái cây về đến nhà còn trơ cọng,Disgust,đi mà ngửi nách nhau à mua được cái cây về đến nhà còn trơ cọng
quá ẩu vay mà bỏ tù người ta tân 7nam giờ đền 200tr . quá tội cho chị ấy còn những thằng kia thi quá tồi ...,Disgust,quá ẩu vay mà bỏ_tù người_ta tân 7nam giờ đền 200tr quá_tội cho chị ấy còn những thằng kia thi quá tồi
ngu . vào quán uống nước lúc nào thích đi thì gọi bạn mang mũ bảo hiểm tới,Disgust,ngu vào quán uống nước lúc nào thích đi thì gọi bạn mang mũ bảo_hiểm_tới
"đều do lòng tham và sự ngu dốt của cá nhân gây ra , ngu cũng ngu vừa thôi .",Disgust,đều do lòng tham và sự ngu_dốt của cá_nhân gây ra ngu cũng ngu vừa thôi
đùa chứ cái tầm nghịch ngu này cho vào trại giáo dưỡng mấy tháng cũng được,Disgust,đùa chứ cái tầm nghịch ngu này cho vào trại giáo_dưỡng mấy tháng cũng được
cần lắm những nhà tuyển dụng như vầy :)))),Enjoyment,cần lắm những nhà tuyển_dụng như_vầy icon_vui
crush mới thích ảnh tao mà tao đã . nghĩ đến chuyện đặt tên con rồi,Enjoyment,crush mới thích ảnh tao mà tao đã nghĩ đến chuyện đặt tên con rồi
vl đánh đòn hic :))))),Sadness,rất đánh_đòn hic icon_vui
"tui đây vừa vô phòng thì con vợ mặt trắng bóc nhảy ra đây , tưởng là ma",Fear,tui đây vừa vô phòng thì con vợ mặt trắng_bóc nhảy ra đây tưởng là ma
nhìn vậy nhớ ông ngoại quá 😞,Sadness,nhìn vậy nhớ ông ngoại quá icon_buon
:) cảm giác đó đau lắm các mày ạ,Sadness,icon_vui cảm_giác đó đau lắm các mày ạ
"đang coi thấy nghi nghi , tắt vô xem bình luận , đoán ngay là sẽ giật mình , nên thôi không xem nữa haha , dễ gì bị dụ haha",Enjoyment,đang coi thấy nghi nghi tắt vô xem bình_luận đoán ngay là sẽ giật_mình nên thôi không xem nữa haha dễ gì bị dụ haha
ủa rồi mắc gì phí cả 1 đời 🙂,Surprise,ủa rồi mắc gì phí cả 1 đời icon_vui
"ủa chứ bộ mày bán phá giá thì thị trường để yên cho mày à :v , mua tận gốc mà còn đòi giảm , ủa chứ giảm sao ? ủa chứ mày ngu mày bán đúng giá chứ mày đòi tao giảm tao phá sản nghỉ làm à :v",Disgust,ủa chứ bộ mày bán phá_giá thì thị_trường để yên cho mày à v mua tận gốc mà còn đòi giảm ủa chứ giảm sao ủa chứ mày ngu mày bán đúng giá chứ mày đòi tao giảm tao phá_sản nghỉ làm à v
nhìn cái ngành giáo dục việt nam bây giờ ai cũng mệt mỏi,Sadness,nhìn cái ngành giáo_dục việt nam bây_giờ ai cũng mệt_mỏi
cưng tởm,Disgust,cưng tởm
mẹ đang buồn ỉa mà trên đường về gặp mớ gờ giảm tốc kia thì phọt bà ra quần 😨,Fear,mẹ đang buồn ỉa mà trên đường về gặp mớ gờ giảm_tốc kia thì phọt bà ra quần icon_loso
người gì đâu mà đẹp trai hết sức !,Enjoyment,người gì đâu mà đẹp_trai hết_sức
khá trẩu =))),Disgust,khá trẩu
đéo hiểu sao mấy thằng khốn nạn thì lại nhiều đứa yêu . anh em ngoan hiền đâu điểm danh,Disgust,đéo hiểu sao mấy thằng khốn_nạn thì lại nhiều đứa yêu anh_em ngoan hiền đâu điểm_danh
"hết hôi nhưng cống vẫn xả xuống sông thì nó lại thành "" hòa vốn "" 🤔🤔",Other,hết hôi nhưng cống vẫn xả xuống sông thì nó lại thành hòa vốn
"lũ âm binh khí đụ này phải truy gấp , tao tính đi bơi mà bọn bây làm vậy mất mặt đàn ông chân chính bơi vì đam mê như tao quá 😡",Disgust,lũ âm_binh_khí đụ này phải truy gấp tao tính đi bơi mà bọn bây làm vậy mất_mặt đàn_ông chân_chính bơi vì đam_mê như tao quá icon_tucgian
2 câu giống nhau,Other,2 câu giống nhau
chổ mình là miền núi nên là không nấu bằng rơm nhé,Other,chổ mình là miền núi nên là không nấu bằng rơm nhé
tao nghi chị xác chết với chị bác sĩ pháp y đó yêu nhau quá chúng mày :)),Other,tao nghi chị xác_chết với chị bác_sĩ pháp_y đó yêu nhau quá chúng_mày icon_vui
đau ruột với thằng số 9 🤣🤣🤣,Enjoyment,đau ruột với thằng số 9 icon_vui icon_vui icon_vui
đang đi ỉa tự nhiên xem phim này cái cười ỉa ra cứt luôn :)),Enjoyment,đang đi ỉa tự_nhiên xem phim này cái cười ỉa ra cứt luôn icon_vui
cái máy không có lỗi lỗi ở mấy lão kỹ sư trắc địa,Disgust,cái máy không có lỗi lỗi ở mấy lão kỹ_sư trắc_địa
sau này nó lớn lên làm kinh doanh thứ gì đó thì lúc đó nó mới biết thế nào là quả báo,Disgust,sau_này nó lớn lên làm kinh_doanh thứ gì đó thì lúc đó nó mới biết thế_nào là quả_báo
cưng quá hà,Enjoyment,cưng quá hà
fan của nhà thờ đức bà paris vào cảm thông cái per,Other,fan của nhà_thờ đức bà paris vào cảm_thông cái per
phim cực hay và cực cảm động lòng người,Enjoyment,phim cực hay và cực cảm_động_lòng người
hàng nhà tao cắt tóc xong thì tao cười như con điên từ sáng đến tối =)))),Enjoyment,hàng nhà tao cắt tóc xong thì tao cười như con điên từ sáng đến tối
"chúng mày nhìn , tao nuốt cũng không xuống nổi , ông địa",Fear,chúng_mày nhìn tao nuốt cũng không xuống nổi ông_địa
hoan hô anh 😂😄,Enjoyment,hoan_hô anh icon_vui
lấy ghế ra ngồi thật tuyệt,Enjoyment,lấy ghế ra ngồi thật tuyệt
per phim nào cũ thì người cũng hay hêt ́ tao anh ơi,Enjoyment,per phim nào cũ thì người cũng hay hêt ́ tao anh ơi
dù 22 tuổi nhưng bố giàu là được,Other,dù 22 tuổi nhưng bố giàu là được
"ước gì mày được quay về tuổi thơ , trước mày cũng có 1 b trai như vậy đó",Sadness,ước gì mày được quay về tuổi_thơ trước mày cũng có 1 b trai như vậy đó
làm kiểu không cần bẻ phê hơn =))),Enjoyment,làm kiểu không cần bẻ phê hơn
khó tính chảnh chó như mèo 🙄,Disgust,khó_tính chảnh chó như mèo icon_chankhet
chủ tịch giả vờ nấu kiểu này và cái kết cháy trụi làng,Surprise,chủ_tịch giả_vờ nấu kiểu này và cái kết cháy trụi làng
per nhớ thật sự,Other,per nhớ thật_sự
"đấy , nó đấy . con tim tao đau quá .",Sadness,đấy nó đấy con tim tao đau quá
ngày xưa hồi còn học mẫu giáo mỗi lần đi qua là nó rượt tao chạy té khói dume còn thiếu nước chạy lại quỳ xuống van xin nó nữa thôi . đến giờ nó vẫn là nỗi ám ảnh với tao :)),Fear,ngày_xưa hồi còn học mẫu_giáo mỗi lần đi qua là nó rượt tao chạy té khói dume còn thiếu nước chạy lại quỳ xuống van_xin nó nữa thôi đến giờ nó vẫn là nỗi ám_ảnh với tao icon_vui
chính xác là con gái xinh auto đáng yêu =)))),Enjoyment,chính_xác là con_gái xinh auto đáng yêu
vớ vẩn thặc ! marketing cũng có dăm bảy loại và tùy lĩnh vực . dăm ba cái này đăng mà không đọc à,Disgust,vớ_vẩn thặc marketing cũng có dăm_bảy loại và tùy lĩnh_vực dăm_ba cái này đăng mà không đọc à
"kết nhất cái điệu "" xời quá là điều bình thường luôn """,Enjoyment,kết nhất cái điệu xời quá là điều bình_thường luôn
chàng trai mạnh mẽ !,Enjoyment,chàng trai mạnh_mẽ
thấy hơi sợ sợ rồi đấy :(,Fear,thấy hơi sợ sợ rồi đấy icon_buon
như con đười ươi :)))))),Enjoyment,như con đười_ươi icon_vui
per thần thái còn phải thua haha,Enjoyment,per thần_thái còn phải thua haha
chuẩn bị cho chim ăn cức,Other,chuẩn_bị cho chim ăn cức
"có chỗ tự đào thải nhưng có chỗ có đào cũng không thải , vì "" cơ chế "" đồng tiền có lỗ xỏ . khó nói lắm",Disgust,có chỗ tự đào_thải nhưng có chỗ có đào cũng không thải vì cơ_chế đồng_tiền có lỗ xỏ khó nói lắm
đang thất tình mà dume cứ bắt đi bán xoài @@,Sadness,đang thất_tình mà dume cứ bắt đi bán xoài
đm y chang mẹ tao chửi tao luôn :),Surprise,chửi_thề y chang mẹ tao chửi tao luôn icon_vui
trông ô uế vãi,Disgust,trông ô_uế vãi
đúng rất nguy hiểm ! đằng sau 1 thằng đàn ông đôi khi là cả một tủ váy,Disgust,đúng rất nguy_hiểm đằng sau 1 thằng đàn_ông đôi_khi là cả một tủ váy
dm đang yên đang lành tự dưng bị nhét cẩu lương 😡😡,Anger,dm đang yên đang lành tự_dưng bị nhét cẩu lương icon_tucgian icon_tucgian
phản cảm,Disgust,phản_cảm
"ba mẹ mình nhớ tất cả ngày tháng năm sinh âm lịch , giờ sinh , tên tuổi ...... của 4 chị em .....",Enjoyment,ba mẹ mình nhớ tất_cả ngày_tháng năm sinh âm_lịch giờ sinh tên_tuổi của 4 chị_em
bị tát lần đầu có thể sẽ hơi sốc một chút nhưng bị nhiều lần rồi sẽ quen ngay ấy mà 😂,Enjoyment,bị tát lần đầu có_thể sẽ hơi sốc một_chút nhưng bị nhiều lần rồi sẽ quen ngay ấy mà icon_vui
ghê thật,Disgust,ghê thật
không biết đến 2021 tao có lấy được chồng không nữa :((,Sadness,không biết đến 2021 tao có lấy được chồng không nữa icon_buon
"kỳ nghỉ hè muộn của anh mà , xõa hết đi anh .",Enjoyment,kỳ nghỉ_hè muộn của anh mà xõa hết đi anh
nhỏ không học lớn lên làm nhà báo,Other,nhỏ không học lớn lên làm nhà_báo
2 - 3 tuần gì đấy . sao thế,Other,2 3 tuần gì đấy sao thế
per đu ̣ me ̣ như 1 tro ̀ đu ̀ anh =))))) đi gia ̉ mày tô ́ c co ̀ n nhiê ̀ u hơn khu nha ̀ ông,Anger,per đu ̣ me ̣ như 1 tro ̀ đu ̀ anh đi gia ̉ mày tô ́ c co ̀ n nhiê ̀ u hơn khu nha ̀ ông
dở hơi,Disgust,dở_hơi
cũng chỉ là ít protein dạng sợi thôi béo tốt gì mà gìn giữ 66 năm 😑 xã hội giờ là vậy . khi bạn không có tài năng nhưng bạn muốn tạo sự quan tâm của xã hội thì phải ..... 🙃🙃🙃,Disgust,cũng chỉ là ít protein dạng sợi thôi béo_tốt gì mà gìn_giữ 66 năm xã_hội giờ là vậy khi bạn không có tài_năng nhưng bạn muốn tạo sự quan_tâm của xã_hội thì phải
"đó là những cô gái cần được bảo tồn , vì biết lo nghĩ đến thứ anh ta đang nghĩ",Other,đó là những cô gái cần được bảo_tồn vì biết lo_nghĩ đến thứ anh ta đang nghĩ
đó là mày chưa nhận ra việc mày yêu tiền như thế nào và muốn kiếm tiền nhiều bao nhiêu ?,Other,đó là mày chưa nhận ra việc mày yêu tiền như thế_nào và muốn kiếm tiền nhiều bao_nhiêu
tại thợ hàn bất cẩn chăng ...,Other,tại thợ hàn bất_cẩn chăng
đúng là không có nhân tính,Disgust,đúng là không có_nhân_tính
"học xong cấp 3 , ngoài mừng vì được thoát khỏi đó thì không hề có lưu luyến 1 chút nào :))))))",Enjoyment,học xong cấp 3 ngoài mừng vì được thoát khỏi đó thì không hề có lưu_luyến 1 chút nào icon_vui
hoá ra chúng ta không biết nhiều về tình yêu như ta vẫn nghĩ 😢,Sadness,hoá_ra chúng_ta không biết nhiều về tình_yêu như ta vẫn nghĩ icon_buon
lòng đường không phải nhà cụ nên cụ sai nhé . vỉa hè to vậy rồi cụ còn muốn như thế nào,Anger,lòng đường không phải nhà_cụ nên cụ sai nhé vỉa_hè to vậy rồi cụ còn muốn như thế_nào
thiệt hả cái ???,Surprise,thiệt hả cái
per mi phải học con nay bán hàng lai chim mới chạy hàng này,Enjoyment,per mi phải học con nay bán hàng lai chim mới chạy hàng này
"ước mơ của tao , thích vẽ lắm luôn , nhưng mỗi tội vẽ xong cho lên màu thì lại tệ 🙄",Sadness,ước_mơ của tao thích vẽ lắm luôn nhưng mỗi tội vẽ xong cho lên màu thì lại tệ icon_chankhet
dăm ba cái trò nấu cơm này sao làm khó tao .,Enjoyment,dăm_ba cái_trò nấu cơm này sao làm_khó tao
em chân thành nên em tổn thương,Sadness,em chân_thành nên em tổn_thương
bộ phim này hay từng đoạt giải oscar có lẽ là bộ hay nhất của ấn độ,Enjoyment,bộ phim này hay từng đoạt giải oscar có_lẽ là bộ hay nhất của ấn_độ
ủa ? chọn người nào cũng như nhau thôi . vì cả 2 người chắc đéo gì đã thích bạn đâu ? :)),Other,ủa chọn người nào cũng như nhau thôi vì cả 2 người chắc đéo gì đã thích bạn đâu icon_vui
đcm . mấy hôm này đi đâu cungz thấy chủ tịch . đéo ngán à ?,Anger,chửi_thề mấy hôm này đi đâu cungz thấy chủ_tịch đéo ngán à
hồi đó cấp 2 mà bán đồ lời mấy chục là mừng quýnh lên rồi =))),Enjoyment,hồi đó cấp 2 mà bán đồ lời mấy chục là mừng_quýnh lên rồi
và sau đó mẹ mày đánh thức mày dậy 😌,Other,và sau đó mẹ mày đánh_thức mày dậy
per đưa anh nè không cần năn nỉ . chỉ cần em cởi hết đồ ra thôi . đúng không,Enjoyment,per đưa anh nè không cần năn_nỉ chỉ cần em cởi hết đồ ra thôi đúng không
bà này hên vãi . bữa bên gò vấp cũng v . nhỏ kia nói chuyện rất đàng hoàng bà này thấy v làm tới mà lỗi sai rành rành . xui đâu có vài bà đi đường nghe không lọt tai hay sao vả cho mấy phát . hả dạ !,Disgust,bà này hên vãi bữa bên gò vấp cũng v nhỏ kia nói_chuyện rất đàng_hoàng bà này thấy v làm_tới mà lỗi sai rành_rành xui đâu có vài bà đi đường nghe không lọt_tai hay sao vả cho mấy phát hả_dạ
dm gớm chó thiệt chứ,Disgust,dm gớm chó thiệt chứ
nhớ lại thời đi học xa nhà . bếp dầu ... :(,Sadness,nhớ lại thời đi học xa nhà bếp dầu icon_buon
trời ơi . giết hết lũ xúc sinh liên quan đi . lũ giết người hàng loạt . yêu cầu thủ tướng đứng ra chỉ đạo vụ việc này cho dân . diệt tận gốc nhổ tận rể lũ súc vật này .😡😡😡😡,Anger,trời_ơi giết hết lũ xúc sinh liên_quan đi lũ giết người hàng_loạt yêu_cầu_thủ_tướng đứng ra chỉ_đạo vụ_việc này cho dân diệt tận gốc nhổ tận rể lũ súc_vật này icon_tucgian icon_tucgian icon_tucgian icon_tucgian
sẽ gây sự chú ý . cố tình xuất hiện trước mặt nhưng giả vờ như không quan tâm 😚,Other,sẽ gây_sự chú_ý cố_tình xuất_hiện trước mặt nhưng giả_vờ như không quan_tâm
nản kèo vãi,Sadness,nản kèo vãi
"vẫn là thụ động , làm sao phải chặn đứng hiện tượng rải đinh .",Other,vẫn là thụ_động làm_sao phải chặn_đứng hiện_tượng rải đinh
"per xuống cấp những vật liệu dễ bị cháy , chắc có thể do chập điện hoặc nguyên nhân gì đó khiến ngọn lửa bắt lên nhanh cộng với gió lớn .",Other,per xuống_cấp những vật_liệu dễ bị cháy chắc có_thể do chập điện hoặc nguyên_nhân gì đó khiến ngọn lửa bắt lên nhanh cộng với gió lớn
để được maiz ngắm nhìn nụ cười đó nên quyết định chỉ crush mà thôi :3,Enjoyment,để được maiz ngắm nhìn nụ cười đó nên quyết_định chỉ crush mà thôi 3
thế là .... nổi tiếng sao ?,Surprise,thế_là nổi_tiếng sao
hình phạt đó quá nhẹ không có sức dặn đe kẻ khác,Anger,hình_phạt đó quá nhẹ không có sức_dặn đe_kẻ khác
dume nghe kể mà đau cổ họng vãi :),Fear,dume nghe kể mà đau cổ_họng vãi icon_vui
khiếp ăn tạp chẳng chết,Fear,khiếp ăn_tạp chẳng chết
một cái tết nhiều tiền,Enjoyment,một cái tết nhiều tiền
phim này thật ra hay nhưng không có tính thực tế . không hay bằng truyện .,Disgust,phim này thật_ra hay nhưng không có tính thực_tế không hay bằng truyện
sao tao ghét mấy cái tiếng cười của bọn khựa vãi mà video lồn nào cũng nge,Disgust,sao tao ghét mấy cái tiếng cười của bọn khựa vãi mà video lồn nào cũng nge
"giáo viên tiếng anh ở cấp thcs cực kì chán , phát âm sai bét , giao tiếp tiếng anh thì cứ ừ à .",Other,giáo_viên tiếng anh ở cấp thcs cực_kì chán phát_âm sai bét giao_tiếp tiếng anh thì cứ ừ à
nó còn kể với bạn nó .. bạn nó cũng là bạn mình,Disgust,nó còn kể với bạn nó bạn nó cũng là bạn mình
dume tao chửi cho nó sấp mặt luôn chứ còn gì nữa,Anger,dume tao chửi cho nó sấp_mặt luôn chứ còn gì nữa
cầu trời phật cho đại gia đình con sức khỏe !,Enjoyment,cầu trời phật cho đại_gia_đình con sức_khỏe
do chính sách quản lý yếu kém mới ra vậy đó,Disgust,do chính_sách quản_lý yếu_kém mới ra vậy đó
con đáng yêu quá,Enjoyment,con đáng yêu quá
hồi xưa còn bị vén tà áo dài nằm lên bàn rồi đánh . chứ quỳ thế này có là gì đâu . giờ mới thấy cảm ơn thầy cô vì hồi đó đã như vậy .,Enjoyment,hồi xưa còn bị vén tà áo_dài nằm lên bàn rồi đánh chứ quỳ thế này có là gì đâu giờ mới thấy cảm_ơn thầy cô vì hồi đó đã như_vậy
phim nay và phim triệu phú ổ chuột là 2 phim của ấn mà mình thích nhất,Enjoyment,phim nay và phim triệu_phú ổ_chuột là 2 phim của ấn mà mình thích nhất
:))) bố mày nghi nghi rồi . tắt loa auto sáng suốt :))),Other,icon_vui bố mày nghi nghi rồi tắt loa auto sáng_suốt icon_vui
trời . cưng chết được,Enjoyment,trời cưng chết được
dù chỉ là 1 cây bông nhưng nó là tất cả tình yêu của ông dành cho bà ❤❤❤,Enjoyment,dù chỉ là 1 cây bông nhưng nó là tất_cả tình_yêu của ông dành cho bà
thằng nào phán sai bỏ tiền túi ra mà đền cho người bị oan sai đừng lấy tiền của nhà nước,Disgust,thằng nào phán sai bỏ tiền_túi ra mà đền cho người bị oan sai đừng lấy tiền của nhà_nước
chỉ để nhìn cái thôi :)),Enjoyment,chỉ để nhìn cái thôi icon_vui
"thôi , không tranh luận với các ông . thế đi đường gặp thằng nào đỗ thế này cả nửa ngày , mà tắc đường và gọi nó không được , các ông đừng há mồm ra dume nó nhé . vì nó đúng mà",Anger,thôi không tranh_luận với các ông thế đi đường gặp thằng nào đỗ_thế này cả nửa ngày mà tắc đường và gọi nó không được các ông đừng há mồm ra dume nó nhé vì nó đúng mà
2 thằng chúng mày lại không làm gì được ư ?,Surprise,2 thằng chúng_mày lại không làm gì được ư
chai này mới ghi được nhìu chữ kkk,Enjoyment,chai này mới ghi được nhiều chữ k
không biết mình có được may mắn như cụ bà này không,Other,không biết mình có được may_mắn như_cụ bà này không
mũ sơ sài mà hiệu quả vãi,Surprise,mũ sơ_sài mà hiệu_quả vãi
"per nghe đồn mày yêu mèo , mà sao mày không đáng yêu :))",Disgust,per nghe đồn mày yêu mèo mà sao mày không đáng yêu icon_vui
đcm ác mộng,Fear,chửi_thề ác_mộng
per gặp tao chắc tao đái trong vần 😅😅,Fear,per gặp tao chắc tao đái trong vần icon_vui icon_vui
mấy thằng súc vật 😡,Disgust,mấy thằng súc_vật icon_tucgian
cáu vãi :))),Anger,cáu vãi icon_vui
per bảo sao tao cứ muốn nghỉ việc . lm với cái tao sờ choét lắm,Other,per bảo sao tao cứ muốn nghỉ_việc lm với cái tao sờ choét lắm
""" vậy là đủ tuổi ngồi tù rồi nhỉ ?"" , mặt anh rất tỉnh và đẹp zai =))",Enjoyment,vậy là đủ tuổi ngồi_tù rồi nhỉ mặt anh rất tỉnh và đẹp zai
giống chó này tên là gì vậy các bác 🙄,Other,giống chó này tên là gì vậy các bác icon_chankhet
làm bộ mặt ngầu cho thằng thỏ để ý mà thằng này láo ăn thiệt đéo cho mình ăn ké quê thiệt là quê luôn,Sadness,làm_bộ_mặt ngầu cho thằng thỏ để_ý mà thằng này láo ăn thiệt đéo cho mình ăn ké quê thiệt là quê luôn
tao thấy dễ thương màaaa,Enjoyment,tao thấy dễ_thương màa
cách người ta phản ứng cũng văn minh ghê ❤️,Enjoyment,cách người_ta phản_ứng cũng văn_minh ghê
"per 😥 cảm thấy tội lỗi quá , từ nay không chụp nữa thiệt luôn",Sadness,per icon_loso cảm thấy tội_lỗi quá từ nay không chụp nữa thiệt luôn
em mà biết nó vô văn hóa thế thì em cũng làm cách này luôn cho nó nhanh ah :-),Disgust,em mà biết nó vô văn_hóa thế_thì em cũng làm cách này luôn cho nó nhanh à
per hồi lớp 1 tao quên nhãn vở mỹ thuật sợ đánh quá ngồi khóc tè le,Other,per hồi lớp 1 tao quên nhãn_vở mỹ_thuật sợ đánh quá ngồi khóc tè le
cảm ơn các anh tình nguyện viên .,Enjoyment,cảm_ơn các anh tình_nguyện_viên
thật tuyệt vời !,Enjoyment,thật tuyệt_vời
3 thằng ngốc . xem ý nghĩa lắm,Enjoyment,3 thằng ngốc xem ý_nghĩa lắm
dễ thương quá !!!,Enjoyment,dễ_thương quá
"thì đi ra chỗ khác viết , đụ mẹ coi mà tao tức á .",Anger,thì đi ra chỗ khác viết đụ_mẹ coi mà tao tức á
bà ngoại của em đáng yêu hơn thế này nhiều,Enjoyment,bà ngoại của em đáng yêu hơn thế này nhiều
đem hủy mẹ đi . đấu giá cái quần què gì xong thằng mua lại nó hứng nó cho cả thế giới dính vr cmnl .,Anger,đem hủy mẹ đi đấu_giá cái quần què gì xong thằng mua lại nó hứng nó cho cả thế_giới dính vr cmnl
đã sợ rồi .. cố gắng hí mắt để xa ra để coi như thế nào .. khúc cuối hết hồn dục luôn cái điện thoại :))),Fear,đã sợ rồi cố_gắng hí mắt để xa ra để coi như thế_nào khúc cuối hết_hồn dục luôn cái điện_thoại icon_vui
tao thấy cảm động vãi .,Enjoyment,tao thấy cảm_động vãi
cũng sợ mấy con ngoe nguẩy như giòi 😰,Fear,cũng sợ mấy con ngoe_nguẩy như giòi icon_loso
đáng lẽ bệnh của tao đã không nặng đến thế,Sadness,đáng_lẽ bệnh của tao đã không nặng đến thế
đẹp khó tin quá,Surprise,đẹp khó tin quá
xấu mà đáng yêuc quá,Enjoyment,xấu mà đáng yêuc quá
"t xem cái này từ lâu lâu lâu rồi cơ , đéo bất ngờ gì cạ 😕",Other,tao xem cái này từ lâu_lâu_lâu rồi cơ đéo bất_ngờ gì cạ
duới miền tây là kiến vàng sao ngoài ấy lại dùng kiến đen nhỉ ?,Surprise,duới miền tây là kiến_vàng sao ngoài ấy lại dùng kiến_đen nhỉ
xưa dữ luôn,Surprise,xưa dữ luôn
"con cái có hư hỏng thì cha mẹ phải dạy dỗ , chứ cái loại thờ ơ khi con mình hư hỏng thế này thì đúng là dột từ nóc rồi .",Disgust,con_cái có hư_hỏng thì cha_mẹ phải dạy_dỗ chứ cái loại thờ_ơ khi con mình hư_hỏng thế này thì đúng là dột từ nóc rồi
mê trai hơn bạn có thật :(,Enjoyment,mê trai hơn bạn có thật icon_buon
má toàn truyện trong mơ không hà mắc cười quá 😂,Enjoyment,má toàn truyện trong mơ không hà mắc cười quá icon_vui
per khóc quá trời rủ họp lớp đéo thấy đâu,Disgust,per khóc quá trời rủ họp lớp đéo thấy đâu
phim ấn thì của lão amir khan là hay vol,Enjoyment,phim ấn thì của lão amir khan là hay vol
"cha quay phim cũng không phải dạng vừa , mẹ diễn viên thần thái vãi",Enjoyment,cha quay_phim cũng không phải dạng vừa mẹ diễn_viên thần_thái vãi
ơ thế hoá ra tao không bị ngu một mình ?,Sadness,ơ thế hoá_ra tao không bị ngu một_mình
"động lực là lo được cho gdinh , tự chủ bản thân",Enjoyment,động_lực là lo được cho gdinh tự_chủ bản_thân
nhìn nữa sao . hỏng yêu đi . cho doi . vui vẻ,Enjoyment,nhìn nữa sao hỏng yêu đi cho doi vui_vẻ
trời đất . 580k không tiếc thì tiếc gì trời . người ta làm ăn đàng hoàng . hứa hươu hứa vượn . là người lớn mà làm trò mất nết vậy trời @@,Disgust,trời_đất 580k không tiếc thì tiếc gì trời người_ta làm_ăn đàng_hoàng hứa hươu hứa vượn là người_lớn mà làm_trò mất_nết_vậy trời
cảm ơn bạn vì đã chia sẻ cũng như đã luôn sáng suốt để không làm gì sai,Enjoyment,cảm_ơn bạn vì đã chia_sẻ cũng như đã luôn sáng_suốt để không làm gì sai
"rất dũng cảm , đáng yêu quá",Enjoyment,rất dũng_cảm đáng yêu quá
nhà tao còn nè,Enjoyment,nhà tao còn nè
dễ thương quá hà,Enjoyment,dễ_thương quá hà
"như mọi năm thôi mưa gió rét mướt , bây giờ mót ỉa là chỉ có thánh mới giúp được",Disgust,như mọi năm thôi mưa_gió rét_mướt bây_giờ mót ỉa là chỉ có thánh mới giúp được
đọan con chó tao cười đau bụng,Enjoyment,đọan con chó tao cười đau bụng
đó cũng là giải pháp hay để lừa một thèn ngu :))),Enjoyment,đó cũng là giải_pháp hay để lừa một thèn ngu icon_vui
tao lại sợ ngôn tình quá cơ 😒,Fear,tao lại sợ_ngôn tình quá cơ icon_chankhet
per ít bữa dẫn mày xem cái này,Other,per ít bữa dẫn mày xem cái này
lên báo sớm thôi nhỉ,Other,lên báo sớm thôi nhỉ
tỏ tình cho nó biết thôi chứ yêu đương gì tầm này :(((,Disgust,tỏ_tình cho nó biết thôi chứ yêu_đương gì tầm này icon_buon
cầu mong những công ơn sinh thành luôn mạnh khỏe .,Enjoyment,cầu_mong những công_ơn sinh thành luôn mạnh_khỏe
cái miệng nó nhanh hơn cái não,Disgust,cái miệng nó nhanh hơn cái não
thành phố tao nhiều người còn dân trí thấp là sao ? bố con dở người,Disgust,thành_phố tao nhiều người còn dân_trí thấp là sao bố con dở_người
per giống súp lơ của bạn mình,Other,per giống súp_lơ của bạn mình
"k có con gì ác bằng con người , các con bé như thế mà nó không tha",Fear,không có con gì ác bằng con_người các con bé như thế_mà nó không tha
chi phí kiểm toán và thuê người tổ chức hòa giải chia chác thôi,Other,chi_phí kiểm_toán và thuê người tổ_chức hòa giải chia_chác thôi
thêm cả trò mắt mèo khốn nạn nữa,Anger,thêm cả trò mắt mèo khốn_nạn nữa
ăn ở cái gì huhu,Sadness,ăn_ở cái gì huhu
nhiều lúc ngáo ngáo thoải mái đến mức người yêu cũng đéo bằng nó và đến khi nó thổ lộ tình cảm thì tao đéo tin :v,Enjoyment,nhiều lúc ngáo ngáo thoải_mái đến mức người_yêu cũng đéo bằng nó và đến khi nó thổ_lộ tình_cảm thì tao đéo tin v
vẫn bình thường chán làm khách sạn nhọc nhục hơn 👻👻 xoạc nhau nước nôi máu me be bét ra 😭 kinh chết mẹ 😶,Disgust,vẫn bình_thường chán làm_khách_sạn nhọc nhục hơn xoạc nhau nước_nôi máu_me be_bét ra icon_buon kinh chết mẹ
đúng là khốn nạn mà,Anger,đúng là khốn_nạn mà
ôi hạnh phúc quá 😄😄😄,Enjoyment,ôi hạnh_phúc quá
"per hồi học đại học , điện hỏi xin tiền bố , bố ra ngân hàng gửi tiền rồi điện em hỏi stk rồi hỏi "" tên mày là gì ??"" 😭😭",Sadness,per hồi học đại_học điện hỏi xin tiền bố bố ra ngân_hàng gửi tiền rồi điện em hỏi stk rồi hỏi tên mày là gì icon_buon icon_buon
đúng . biết là sự thật tàn nhẫn nhưng vẫn muốn biết rõ cho nhẹ lòng hơn :(,Sadness,đúng biết là sự_thật tàn_nhẫn nhưng vẫn muốn biết rõ cho nhẹ lòng hơn icon_buon
mấy kiếp tu luyện mà có 5 triệu thôi à ?,Surprise,mấy kiếp tu_luyện mà có 5 triệu thôi à
đau còn hơn tỏ tình bị từ chối per,Sadness,đau còn hơn tỏ_tình bị từ_chối per
dễ thương vãi ♥♥♥,Enjoyment,dễ_thương vãi
bố mày đã sợ nhện rồi xem cái video này ... vãi đái :(((,Fear,bố mày đã sợ nhện rồi xem cái video này vãi đái icon_buon
bà xinh thật sự ❤️,Enjoyment,bà xinh thật_sự
đây là hội à mày ? làm tao phải lên gg tra sao lại đông người thế :)),Surprise,đây là hội à mày làm tao phải lên gg tra sao lại đông người thế icon_vui
lại khoe có người yêu - _ -,Other,lại khoe có người_yêu _
đừng trao duyên cho tao khi chưa biết rõ tao :(,Disgust,đừng trao duyên cho tao khi chưa biết rõ tao icon_buon
chưa có cơ hội nói cảm ơn và xin lỗi . vì chúng ta xứng đáng được bình yên,Sadness,chưa có cơ_hội nói cảm_ơn và xin_lỗi vì chúng_ta xứng_đáng được bình_yên
đáng nhẽ nên làm việc này từ sớm . chứ hàn quốc họ làm từ lâu rồi ạ,Other,đáng nhẽ nên làm_việc này từ sớm chứ hàn_quốc họ làm từ lâu rồi ạ
"quá bản lĩnh luôn , người đáng nể , tiếc là anh ấy sắp bị tử hình rồi",Sadness,quá bản_lĩnh luôn người đáng nể tiếc là anh ấy sắp bị tử_hình rồi
không biết mấy ba mấy mẹ chơi bửa đó có xem được bài viết này không 😂😂😂... có ai lên incon phẫn nộ thì hiểu rồi ha,Disgust,không biết_mấy ba mấy mẹ chơi bửa đó có xem được bài viết này không icon_vui icon_vui icon_vui có ai lên incon phẫn_nộ thì hiểu rồi ha
góp phần xây dựng đất nước chứ gì kkk đóng nhiếu rứa,Enjoyment,góp_phần xây_dựng đất_nước chứ gì k đóng nhiếu rứa
"đm hồi đó nhà có nuôi bốn con , bữa đang ngồi chơi nặn đất sét nó chạy cả lũ tới , thật sự là tao không biết con đéo nào nhma có một con trong đó kéo áo phía sau lưng tao lên rồi cả lũ cắn lưng tao dume nó thốn vãi luôn . thề !",Anger,chửi_thề hồi đó nhà có nuôi bốn con bữa đang ngồi chơi nặn đất_sét nó chạy cả lũ tới thật_sự là tao không biết con đéo nào nhma có một con trong đó kéo áo phía sau lưng tao lên rồi cả lũ cắn lưng tao dume nó thốn vãi luôn thề
cải ngu lắm ... chưa ai ngu như cải tao thì không yêu đi yêu đứa vừa béo vừa lắm lông,Disgust,cải ngu lắm chưa ai ngu như cải tao thì không yêu đi yêu đứa vừa béo vừa lắm lông
toàn lũ đầu trâu mặt ngựa,Disgust,toàn lũ đầu trâu mặt ngựa
làm tao liên tưởng đển phượng hoàng cổ trấn :))),Enjoyment,làm tao liên_tưởng đển phượng_hoàng cổ trấn icon_vui
cố gắng đi gần người ta 1 xíu . rồi lướt qua nhau như 1 cơn gió,Other,cố_gắng đi gần người_ta 1 xíu rồi lướt qua nhau như 1 cơn gió
chơi vậy ai chơi,Disgust,chơi vậy ai chơi
per thì tốt nhỉ quá đỉnh luôn ... nhưng không biết được trọng dụng không nữa buồn quá,Sadness,per thì tốt nhỉ quá đỉnh luôn nhưng không biết được trọng_dụng không nữa buồn quá
đồ điên,Anger,đồ điên
tự nhiên muốn có con 😐 dume,Enjoyment,tự_nhiên muốn có con dume
cảm động người thầy đưa học sinh đi làm hồ sơ 🙄,Enjoyment,cảm_động người thầy đưa học_sinh đi làm hồ_sơ icon_chankhet
đúng là lợi ích kinh tế lâu dài .,Other,đúng là lợi_ích kinh_tế lâu_dài
thái bình nắng to rồi,Other,thái_bình nắng to rồi
nói như việt nam . nhưng hơi láo cá chắc thầy của ônc cũng như ông,Disgust,nói như việt_nam nhưng hơi láo cá chắc thầy của ônc cũng như ông
lò xô xài bằng dầu lửa con gọi là dầu thôi,Other,lò xô xài bằng dầu_lửa con gọi là dầu thôi
đi đường buổi đêm nhìn thấy hãi vãi ??,Fear,đi đường buổi đêm nhìn thấy hãi vãi
nặng tay cho chừa cái tật hại người,Disgust,nặng_tay cho chừa cái tật hại người
"ngàn cân treo sợi tóc nhỉ , csong mong manh quá",Sadness,ngàn cân_treo sợi tóc nhỉ csong mong_manh quá
ko 1 từ nào để diễn tả bộ phim này ...,Enjoyment,không 1 từ nào để diễn_tả bộ phim này
"nhỏ thấy qua 1 lần , nó bị cột ngay trước cửa nhà người ta ở trong hẻm , mỗi lần đi ngang qua là nó lại định lao tới cà khịa",Fear,nhỏ thấy qua 1 lần nó bị cột ngay trước cửa_nhà người_ta ở trong hẻm mỗi lần đi ngang qua là nó lại định lao tới cà_khịa
cười ị :v,Enjoyment,cười ị v
bởi vì gặp nhau sai thời điểm nên tôi mất người mãi mãi ...,Sadness,bởi_vì gặp nhau sai thời_điểm nên tôi mất người mãi_mãi
gia đình thì không còn . tình yêu thì chưa có gì chắc chắn . 😏,Sadness,gia_đình thì không còn tình_yêu thì chưa có gì chắc_chắn
"chỉ cần bạn dùng tình yêu thương , sự chân thành của mình đối với nó thì không gì là không thể .",Other,chỉ cần bạn dùng tình_yêu_thương sự chân_thành của mình đối_với nó thì không gì là không_thể
disme tao chưa thấy con họa mi nào hót dở như con này luôn á .🤔🤔,Disgust,disme tao chưa thấy con_họa mi nào hót dở như con này luôn á
"muốn em vui vẻ đơn giản lắm , chỉ cần bao ăn bao xem phim tuần 1 lần thôi hỡi các đồng nghiệp ơiii 🤣",Enjoyment,muốn em vui_vẻ đơn_giản lắm chỉ cần bao ăn bao xem phim tuần 1 lần thôi hỡi các đồng_nghiệp ơi icon_vui
hay ý nghĩa sâu sắc 🙂,Enjoyment,hay ý_nghĩa sâu_sắc icon_vui
trẻ trâu quá đông và nguy hiểm,Disgust,trẻ trâu quá đông và nguy_hiểm
chắc chắn là vị mặn của mồ hôi,Other,chắc_chắn là vị mặn của mồ_hôi
mày uống trà sữa thôi . đéo ăn gì nữa =)),Other,mày uống trà sữa thôi đéo ăn gì nữa
tất cả cùng không tính điểm . thế là xong :v,Other,tất_cả cùng không tính điểm thế_là xong v
nó cũng làm thế với bao người khác đấy,Other,nó cũng làm thế với bao người khác đấy
quay vào ô mất lượt :)),Sadness,quay vào ô mất lượt icon_vui
"mình đã xem rất nhiều video như này rồi , nên thấy cũng bình thường =)))",Other,mình đã xem rất nhiều video như này rồi nên thấy cũng bình_thường
"sợ nhất mấy đứa ảo tưởng sức mạnh , nhắn tin nhiều chút là auto mình thích nó",Fear,sợ nhất mấy đứa ảo_tưởng sức_mạnh nhắn_tin nhiều chút là auto mình thích nó
chắc từ giờ tao đéo giám ho nữa quá .,Fear,chắc từ giờ tao đéo giám_ho nữa quá
đm mưa đâu đéo thấy . nóng vãi,Disgust,chửi_thề mưa đâu đéo thấy nóng vãi
per không cho anh đi tập đâu nha mất bồ như chơi,Fear,per không cho anh đi tập đâu nha mất bồ như_chơi
đối với thế giới này bà lão chỉ là một ai đó . nhưng đối với ông lão đó bà lão là cả thế giới 😊,Enjoyment,đối_với thế_giới này bà lão chỉ là một ai đó nhưng đối_với ông lão đó bà lão là cả thế_giới icon_vui
"per haha nhiều tiền quá mang đây tao tiêu hộ cho , đóng thuế 10 củ phí quá =))",Other,per haha nhiều tiền quá mang đây tao tiêu hộ cho đóng thuế 10 củ phí quá
"trời đụ , tội bé",Sadness,trời đụ tội bé
có lưu luyến thì lưu luyến người mình thích chứ lưu luyến gì cái trường đấy 😶,Disgust,có lưu_luyến thì lưu_luyến người mình thích chứ lưu_luyến gì cái trường đấy
"đụ mẹ tục , cuối tuần về ra nha :))",Disgust,đụ_mẹ tục cuối tuần về ra nha_icon_vui
nốt hôm nay thui . thui không ngĩ đến và bắt đầu từ bỏ 1 thói quen,Sadness,nốt hôm_nay thui thui không ngĩ đến và bắt_đầu_từ_bỏ 1 thói_quen
uiii xinh gái thế ...,Enjoyment,ui xinh gái thế
chạy 200tr là vào biên chế ngay . thực trạng chung . cần gì có chuyên môn hay không,Disgust,chạy 200tr là vào biên_chế ngay thực_trạng chung cần gì có chuyên_môn hay không
vì đồng tiền mà chúng mày giết bao nhiêu gia đình . chúng mày ăn những đồng tiền đấy mà chúng mày cũng nuốt trôi được à . bọn khốn nạn,Anger,vì đồng_tiền mà chúng_mày giết bao_nhiêu gia_đình chúng_mày ăn những đồng_tiền đấy mà chúng_mày cũng nuốt trôi được à bọn khốn_nạn
cảm ơn các anh chị báo chí phóng viên đã đưa tin . mong cơ quan chức năng hãy làm thật nghiêm . thật mạnh tay vụ này . đến khổ mấy đứa nhỏ . mưa rét thế này . càng nghĩ càng tức .,Anger,cảm_ơn các anh_chị báo_chí phóng_viên đã đưa tin mong cơ_quan_chức_năng hãy làm thật nghiêm thật mạnh_tay vụ này đến khổ mấy đứa nhỏ mưa rét thế này càng nghĩ càng tức
c trai như thế nào tuyệt chủng rồi :),Sadness,c trai như thế_nào tuyệt_chủng rồi icon_vui
per ngóng cuộc đấu tranh công nghệ này . tq đồng lòng ghê nhỉ,Sadness,per ngóng cuộc đấu_tranh công_nghệ này tq đồng_lòng ghê nhỉ
nước mình chả í thức gì cả xả rác bừa bãi để trôi rác đầy đường thể này thật buồn,Sadness,nước mình chả í thức gì cả xả rác bừa_bãi để trôi rác đầy đường thể này thật buồn
nhờn :))),Disgust,nhờn icon_vui
"năm nay mua cân na về nhà ăn dần , tối ra đường xem chúng nó dẫn vợ thằng khác đi chơi ... kaka",Enjoyment,năm nay mua cân na về nhà_ăn dần tối ra đường xem chúng_nó dẫn vợ thằng khác đi chơi kaka
tiền bồi thường lấy ở đâu ? cứ làm bừa làm ẩu rồi lấy tiền của dân mà đền đề nghị sửa lại nếu ai làm sai thì bỏ tiền túi ra mà đền,Disgust,tiền bồi_thường lấy ở đâu cứ làm bừa làm ẩu rồi lấy tiền của dân mà đền đề_nghị sửa lại nếu ai làm sai thì bỏ tiền_túi ra mà đền
điềm báo gì đây,Fear,điềm báo gì đây
siêu phẩm để đời .,Enjoyment,siêu phẩm để đời
tao phải công nhận là nó giỏi vãi . từ đứa diễn đến đứa quay và edit video .. giỏi vãi 🤣,Enjoyment,tao phải công_nhận là nó giỏi vãi từ đứa diễn đến đứa quay và edit video giỏi vãi icon_vui
per trai hay gái thì vẫn thấy tữn như thường kk,Enjoyment,per trai hay gái thì vẫn thấy tữn như_thường kk
động lực cho tôi tiếp tục .,Other,động_lực cho tôi tiếp_tục
"thôi bảo em gái xuống ngủ với mẹ đi , còn em percó sợ ma không ? thì ngủ với anh . hehe",Enjoyment,thôi bảo em_gái xuống ngủ với mẹ đi còn em percó sợ ma không thì ngủ với anh hehe
đã nuôi thì nên chăm sóc bé cẩn thận ??,Other,đã nuôi thì nên chăm_sóc bé cẩn_thận
quê vải mà chưa được ăn quả nào . huhu,Sadness,quê vải mà chưa được ăn quả nào huhu
"mới đây thôi mà đa 3 năm rồi , những ngày chia tay buồn đó :((",Sadness,mới_đây thôi mà đa 3 năm rồi những ngày chia_tay buồn đó icon_buon
"ý thức đéo gì đâu , từ già đến trẻ luôn 😥",Disgust,ý_thức đéo gì đâu từ già đến trẻ luôn icon_loso
"tao cũng vậy , mấy cái thiệp chúc noel thời cấp 2 trẻ trâu của lũ bạn vẫn còn nguyên xi",Other,tao cũng vậy mấy cái thiệp chúc noel thời cấp 2 trẻ trâu của lũ bạn vẫn còn nguyên_xi
per haha . đặt bánh thì đặt thành cặp nhé . haha .😂😂,Enjoyment,per haha đặt bánh thì đặt thành cặp nhé haha icon_vui icon_vui
thể loại này next sớm đi em,Disgust,thể_loại này next sớm đi em
làm chung với con mẹ ngáo là phải chuyển đi liền :) per ngọc kiều dung,Disgust,làm chung với con_mẹ ngáo là phải chuyển đi liền icon_vui per ngọc kiều dung
per ta nguyện nằm im,Other,per ta nguyện nằm im
thôi nhà đang yên ổn,Other,thôi nhà đang yên_ổn
"chưa học cách kiếm tiền đã học thói đi lừa tiền =,= thua",Disgust,chưa học cách kiếm tiền đã học thói đi lừa tiền thua
t tin crush của tao không bị thịt vì tao đéo crush ai cả =)),Enjoyment,tao tin crush của tao không bị_thịt vì tao đéo crush ai cả
con mẹ kia có vấn đề về thần kinh :) không cần biết ai đúng ai sai nhưng đéo lịch sự thì đã đéo có tư cách nói chuyện rồi :) con bà kia xem được video chắc buồn làm,Disgust,con_mẹ kia có vấn_đề về thần_kinh icon_vui không cần biết ai đúng ai sai nhưng đéo lịch_sự thì đã đéo có tư_cách nói_chuyện rồi icon_vui con bà kia xem được video chắc buồn làm
ai chưa xem thì nên xem 1 lần đi . đảm bảo không phí 3h đồng hồ của các bạn 😃,Enjoyment,ai chưa xem thì nên xem 1 lần đi đảm_bảo không phí 3h đồng_hồ của các bạn
chơi cái kiểu này nè :)) per,Enjoyment,chơi cái kiểu này nè icon_vui per
đéo mẹ . nhìn nổi da gà ..,Disgust,đéo mẹ nhìn nổi da_gà
đó là một câu chuyện buồn,Sadness,đó là một câu_chuyện buồn
cười trước nỗi đau của người khác,Other,cười trước nỗi đau của người khác
có ai biết 2 người này không ạ ?,Other,có ai biết 2 người này không ạ
per coi đoạn con chó chết cười luôn em :)),Enjoyment,per coi đoạn con chó chết cười luôn em icon_vui
chủ tịch lén lút dùng đồ của vợ làm vlog và cái kết ?,Other,chủ_tịch lén_lút dùng đồ của vợ làm vlog và cái kết
chúc mừng anh 👏👏👏 chúc anh may mắn . cố lênnnnn 💪💪💪,Enjoyment,chúc_mừng anh chúc anh may_mắn cố lên
phê thật . cái tai nó đang thâm đen xì lấy ra hết lại trắng hồng luôn,Enjoyment,phê thật cái tai nó đang thâm đen xì lấy ra hết lại trắng hồng luôn
do cái áo . mặc giống nhau làm đíuu gì,Anger,do cái áo mặc giống nhau làm đíuu gì
tội còn nặng hơn cả khẩu nghiệp nữa 😌😌😌,Disgust,tội còn nặng hơn cả khẩu nghiệp nữa
hồi xưa anh hay bị chửi trẻ trâu này nọ ... giờ anh là tổng giám đốc rồi 😁😎,Enjoyment,hồi xưa anh hay bị chửi trẻ trâu này_nọ giờ anh là tổng_giám_đốc rồi icon_vui icon_vui
nv thu nhâ ̣ p cao thi ̀ hu ́ tao ma ́ u ngươ ̀ i dân phi ́ cao hơn hê ́ tao .,Disgust,nv thu nhâ ̣ p cao thi ̀ hu ́ tao ma ́ u ngươ ̀ i dân phi_́ cao hơn hê ́ tao
người tài như vậy lại không được sử dụng đúng mục đích … quá buồn,Sadness,người tài như_vậy lại không được sử_dụng đúng mục_đích quá buồn
một câu chuyện cổ tích xiaolon đầy tính nhân văn !!!,Disgust,một câu_chuyện cổ_tích xiaolon đầy tính nhân_văn
còn chả có ai nói chuyện thân thiết quan tâm đến tôi :<,Sadness,còn chả có ai nói_chuyện thân_thiết quan_tâm đến tôi icon_buon
đoạn phỏng vấn + xin đi chụp hình + cạo râu lão là hay nhất theo mình =]],Enjoyment,đoạn phỏng_vấn xin đi chụp hình cạo râu lão là hay nhất theo mình
coi thôi cũng đủ nghiện rồi 💋,Enjoyment,coi thôi cũng đủ nghiện rồi
năm nào cũng phải ở nhà trông nhà :((,Sadness,năm nào cũng phải ở nhà trông nhà icon_buon
idol có skill mới chất quá 😂 1 cú đánh mông thôi mà đối thủ bay sấp mặt luôn luôn 🤣,Enjoyment,idol có skill mới chất quá icon_vui 1 cú đánh mông thôi mà đối_thủ bay sấp_mặt luôn_luôn icon_vui
"hy vọng cơ quan điều tra làm rõ được danh tính người phụ nữ , chỉ vì cái miệng mà làm tan nát cả 1 gia đình",Disgust,hy_vọng cơ_quan điều_tra làm rõ được danh_tính người phụ_nữ chỉ vì cái miệng mà làm tan_nát cả 1 gia_đình
tấu hài cực mạnh,Disgust,tấu hài cực mạnh
con đĩ mất dại . trời đánh tránh bữa ăn nha con ml,Anger,con đĩ mất dại trời_đánh tránh bữa ăn nha con ml
cười xĩu,Enjoyment,cười xĩu
mẹ nó chứ xem xong mình khóc hết cả nước mắt,Sadness,mẹ nó chứ xem xong mình khóc hết cả nước_mắt
có tiền chưa mà đòi,Disgust,có tiền chưa mà đòi
"một hình ảnh hay nhưng một loại âm thanh rất chối tai , câu đầu tiên đã chửi thể và tiếp theo cũng vậy , rất vô văn hóa .",Disgust,một hình_ảnh hay nhưng một loại âm_thanh rất chối tai câu_đầu_tiên đã chửi thể và tiếp_theo cũng vậy rất vô văn_hóa
mình chụp mấy lần liền chả thấy bác sĩ cho mặc lớp áo gì cả 😭😭😭,Sadness,mình chụp mấy lần liền chả thấy bác_sĩ cho mặc lớp áo gì cả icon_buon icon_buon icon_buon
thề đi ngoài đường giờ nhiều người lớn cứ nghĩ mình mình già rồi thích đi như nào thì đi . xong quay sang chửi bọn thanh niên là đi đứng mất dạy này nọ . chán . mang tiếng người lớn mà cư xử chán đcđ .,Disgust,thề đi_ngoài đường giờ nhiều người_lớn cứ nghĩ mình mình già rồi thích đi như nào thì đi xong quay sang chửi bọn thanh_niên là đi_đứng mất_dạy này_nọ chán mang_tiếng người_lớn mà cư_xử chán đcđ
trường gửi điểm về và mẹ cũng điện chửi :(,Sadness,trường gửi điểm về và mẹ cũng điện chửi icon_buon
ngày nay bã đã thay cho thính :))),Other,ngày_nay bã đã thay cho thính icon_vui
thế sao tao hát tệ thế này,Other,thế sao tao hát tệ thế này
còn đồng nghiệp hãm lờ thì ...,Disgust,còn đồng_nghiệp hãm lờ thì
"nếu nói chị thảo tham thì chưa thoả đáng , vì ngay cả con chị cũng được niêm yết , định giá để “ chia chác ” ý kiến cá nhân mình , chỉ chia phần của chị và phần % của những người con sẽ được nhận vào 18 tuổi",Disgust,nếu nói chị thảo tham thì chưa thoả_đáng vì ngay cả con chị cũng được niêm_yết định_giá để chia_chác ý_kiến cá_nhân mình chỉ chia phần của chị và phần của những người con sẽ được nhận vào 18 tuổi
chỉ cần 1 cây hoa . nói lên tất cả .. hi,Enjoyment,chỉ cần 1 cây hoa nói lên tất_cả hi
ngày xưa đi học văn và toán chắc noa dưới trung bình hết,Disgust,ngày_xưa đi học văn và toán chắc noa dưới trung_bình hết
t lên facebook không phải để coi mấy cái thứ này 😪,Disgust,tao lên facebook không phải để coi mấy cái thứ này
dễ thương quá à ????????,Enjoyment,dễ_thương quá à
làm khách đi qua lại mắc mệt lun,Sadness,làm_khách đi qua_lại mắc mệt lun
trả lại tuổi thơ cho tao 😆,Other,trả lại tuổi_thơ cho tao icon_vui
để con mẹ mày tiếng bình thường nghe cho dễ . lại còn làm đéo đéo,Anger,để con_mẹ mày tiếng bình_thường nghe cho dễ lại còn làm đéo đéo
chỗ tao cũng có cây tình yêu < 3,Enjoyment,chỗ tao cũng có cây tình_yêu 3
ngày nào cũng bị tụi siêu thị hành không dưới 10 lần,Other,ngày nào cũng bị tụi siêu_thị hành không dưới 10 lần
qua câu chuyện này mong mọi người đừng có cái nhìn ác cảm về các anh csgt về việc hay núp lùm bắt xe nữa mà còn nghệ thuật ăn nói kể chuyện xạolin đẳng cấp 🙂🙂🙂,Disgust,qua câu_chuyện này mong mọi người đừng có cái nhìn ác_cảm về các anh csgt về việc hay núp lùm bắt xe nữa mà còn nghệ_thuật ăn_nói kể chuyện xạolin đẳng_cấp icon_vui icon_vui icon_vui
việc nhỏ như vậy mà hai con này hàng sử thiếu văn hóa quá quá,Disgust,việc nhỏ như vậy_mà hai con này hàng sử thiếu văn_hóa quá quá
thỉnh thoảng lại xem lại phim này quá hay và ý nghĩa,Enjoyment,thỉnh_thoảng lại xem_lại phim này quá hay và ý_nghĩa
"lúc đầu tưởng con ma , nó đi tẩy trang xong hiện nguyên hình đếu phải ma mà là con quỷ cái",Disgust,lúc đầu tưởng con ma nó đi tẩy_trang xong hiện nguyên_hình đếu phải ma mà là con quỷ cái
2 đg thẳng mãi mãi song song không bao giờ cắt nhau hix hix,Sadness,2 đg thẳng mãi_mãi song_song không bao_giờ cắt nhau hix hix
mai chơi trò hứng nước mà nóng quá chắc chơi vầy luôn,Other,mai chơi trò hứng nước mà nóng quá chắc chơi vầy luôn
per chơi với con trai riết nên giờ đéo có người yêu nổi vì tính tình không khác gì con trai,Sadness,per chơi với con_trai riết nên giờ đéo có người_yêu nổi vì tính_tình không khác gì con_trai
đm chơi mất dạy vãi . tưởng khúc cuối là gì dume làm giật mình 😒😒😒,Fear,chửi_thề chơi mất_dạy vãi tưởng khúc cuối là gì dume làm giật_mình icon_chankhet icon_chankhet icon_chankhet
"các bạn trẻ thấy cái gì cũng có mặt : giờ trái đất có , thử thách nhặt rác có , vứt rác bừa bãi có . toàn thấy các trẻ ( trâu ) tham gia .",Disgust,các bạn trẻ thấy cái gì cũng có_mặt giờ trái_đất có thử_thách nhặt rác có vứt rác bừa_bãi có toàn thấy các trẻ trâu tham_gia
chạy ngay đi 😱😱😱 sợ quá .,Fear,chạy ngay đi icon_loso icon_loso icon_loso sợ quá
"😔 tao không lấy chồng nữa , ở nhà nấu cơm cho mẹ , tao sợ lắm",Fear,icon_buon tao không lấy chồng nữa ở nhà nấu cơm cho mẹ tao sợ lắm
"bữa tao coi cái video này nhưng nó ghép nhạc bựa vãi ... mỗi lần mỗi anh té là first blood , double kill ,... các kiểu =))))",Enjoyment,bữa tao coi cái video này nhưng nó ghép nhạc bựa vãi mỗi lần mỗi anh té là first blood double kill các kiểu
chính xác ! chỉ cần đồng nghiệp tốt thì mọi ngày đi làm đều vui 😊😊😊,Enjoyment,chính_xác chỉ cần đồng_nghiệp tốt thì mọi ngày đi làm đều vui icon_vui icon_vui icon_vui
đơn giản nha .. cơm này ngon hơn cơm điện nhiều . không tin thì cứ thử,Enjoyment,đơn_giản nha cơm này ngon hơn cơm điện nhiều không tin thì cứ thử
làm công thì chấp nhận . chỉ trách khách không ý tứ chứ quyền gì cấm nó đem mấy cái này vào ... có trách thì trách bản thân không có khả năng làm việc khác ngoài làm nhân viên vệ sinh,Disgust,làm_công thì chấp_nhận chỉ trách khách không ý_tứ chứ quyền gì cấm nó đem mấy cái này vào có trách thì trách bản_thân không có khả_năng làm_việc khác ngoài làm nhân_viên vệ_sinh
per anh tập gym cho to để như thế nào ư : ))),Surprise,per anh tập gym cho to để như thế_nào ư
nhìn cái đống lúa phơi mưa ướt nhẹp ma ghép cười được .,Other,nhìn cái đống lúa phơi mưa ướt nhẹp ma ghép cười được
đã sáng suốt hơn năm ngoái nhiều . ka ka,Enjoyment,đã sáng_suốt hơn năm_ngoái nhiều ka ka
vậy nếu mình lên cơn điên và giết người khác thì nỗi đau gấp bội phải không ?,Anger,vậy nếu mình lên_cơn điên và giết người khác thì nỗi đau gấp_bội phải không
lòng đường là để giao thông chứ để nhà các bác đỗ xe à ?,Anger,lòng_đường là để giao_thông chứ để nhà các bác đỗ xe à
mình không áo mưa rồi 😞,Sadness,mình không áo_mưa rồi icon_buon
giọng không nhìn màn hình tao tưởng là ông bà già nào trên 60 tuổi đang nói á .,Other,giọng không nhìn màn_hình tao tưởng là ông bà_già nào trên 60 tuổi đang nói á
nhưng nói thì cứ bảo hay than thở 😢,Sadness,nhưng nói thì cứ bảo hay than_thở icon_buon
xiaolin không có gì vui . chúng ta không nên xiaolin 🙄🙄,Disgust,xiaolin không có gì vui chúng_ta không nên xiaolin icon_chankhet icon_chankhet
còn tao mỗi lần cắt tóc là y như rằng … nó tệ vãi :(,Sadness,còn tao mỗi lần cắt tóc là y_như_rằng nó tệ vãi icon_buon
được . đỡ tốn 5 nghìn,Enjoyment,được đỡ tốn 5 nghìn
"replay chục lần đoạn cuối , phê quá",Enjoyment,replay chục lần đoạn cuối phê quá
đáng yêu quá ! tình yêu ông bà thật đẹp !,Enjoyment,đáng yêu quá tình_yêu ông_bà thật đẹp
đứng tim luôn,Fear,đứng_tim luôn
vì bạn chỉ là con trai nắng hoặc em gái mưa thô :(,Sadness,vì bạn chỉ là con_trai nắng hoặc em_gái mưa thô icon_buon
đau nếu còn nghĩ về nhau thì hãy quay về bên nhau :)),Sadness,đau nếu còn nghĩ về nhau thì hãy quay về bên nhau icon_vui
nhấp mẹ miếng da chính giữa 2 lỗ rồi lấy muỗng múc là xong,Other,nhấp mẹ miếng da chính giữa 2 lỗ rồi lấy muỗng múc là xong
tư cách của người hành nghề,Other,tư_cách của người hành_nghề
đéo bít sợ là gì đến lúc chết lại đổ cho tại số,Disgust,đéo bít sợ là gì đến lúc chết lại đổ cho tại số
chỉ mong thương nhau đến đầu bạc răng long . vậy là đủ 👌,Enjoyment,chỉ mong thương nhau đến đầu bạc răng long vậy là đủ
khi gặp được người đem lại cảm giác bình yên mà từ trước đến giờ chưa từng có .,Other,khi gặp được người đem lại cảm_giác bình_yên mà từ trước đến giờ chưa từng có
"bên đó cậu sao rồi , có hay cười nữa không ?",Other,bên đó cậu sao rồi có hay cười nữa không
"con gái ăn nói kiểu gì vậy trời , mình rất ghét con gái nói tục chữi thề",Disgust,con_gái ăn_nói kiểu gì vậy trời mình rất ghét con_gái nói_tục chữi thề
"suốt ngày sân si , chia bè phái bốc phốt nhau mà khi nghe chia lớp theo tn - xh lại bảo buồn",Disgust,suốt ngày sân si chia bè_phái bốc phốt nhau mà khi nghe chia lớp theo tn xh lại bảo buồn
"thú vui mới , thay vì chọc chó thì ghẹo ngỗng cho nó dí =))))",Enjoyment,thú_vui mới thay_vì chọc chó thì ghẹo ngỗng cho nó dí
có lẽ vậy là tốt nhất,Sadness,có_lẽ vậy là tốt nhất
tận cùng của nỗi đau 😑😑😑,Sadness,tận_cùng của nỗi đau
chị dâu thì vãi rồi,Disgust,chị dâu thì vãi rồi
nhờ mất bạn nên mình mới biết 😂😂😂😂,Enjoyment,nhờ mất bạn nên mình mới biết icon_vui icon_vui icon_vui icon_vui
con quan rồi lại thành quan . chỉ dân mãi là kẻ bần hàn,Other,con quan rồi lại thành quan chỉ dân mãi là kẻ bần_hàn
kinh khủng,Fear,kinh_khủng
cưng quá mà,Enjoyment,cưng quá mà
xiên chết cụ nó đi,Anger,xiên chết cụ nó đi
khi nào nha anh sẽ lắp hả per,Other,khi nào nha anh sẽ lắp hả per
cưng vãi ấy,Enjoyment,cưng vãi ấy
lớp chúng mình rất rất vui anh em ta chan hòa tình thân =))),Enjoyment,lớp chúng_mình rất rất vui anh_em ta chan hòa tình thân
tinh trùng của người ngoài hành tinh thật đáng sợ 👏🏻👏🏻👏🏻,Fear,tinh_trùng của người_ngoài hành_tinh thật đáng sợ
tội em vợ thế :(,Sadness,tội em vợ thế icon_buon
ơ hoá ra là em à :(( lâu quá không gặp,Surprise,ơ hoá_ra là em à icon_buon lâu quá không gặp
ko nên nhé các cụ .... hãy cho họ 1 cơ hội ... hãy nhìn sự việc từ nhiều khía cạnh khác nhau,Other,không nên nhé các cụ hãy cho họ 1 cơ_hội hãy nhìn sự_việc từ nhiều khía_cạnh khác nhau
bắt ve cho nó điiii . trông khổ quá,Sadness,bắt ve cho nó đi trông khổ quá
hic . nhiều khi thấy bả ngu thiệc chứ kp đùa 😂,Disgust,hic nhiều khi thấy bả ngu thiệc chứ kp đùa icon_vui
rất chuẩn hãy sống làm người cơn luôn luôn co hiểu thảo với cha mẹ của mình nhé moi người ơi,Enjoyment,rất chuẩn hãy sống làm người cơn luôn_luôn co hiểu thảo với cha_mẹ của mình nhé moi người ơi
sao không ghé quán rồi nhờ người nhà cầm nón qua cho :))) tự làm khó mình vậy,Other,sao không ghé quán rồi nhờ người_nhà cầm nón qua cho icon_vui tự làm_khó mình vậy
con xe thần thánh . chạy hơn 50 năm chưa nát =))),Enjoyment,con xe thần_thánh chạy hơn 50 năm chưa nát
có người yêu thì vẫn ăn bánh trung thu nhé . bánh trung thu là thứ tồn tại duy nhất . có em hay không không quan trọng,Other,có người_yêu thì vẫn ăn bánh trung_thu nhé bánh trung_thu là thứ tồn_tại duy_nhất có em hay không không quan_trọng
đã từng . hix,Sadness,đã từng hix
chắc là năm lớp 4 5 gì đó :)) tao mua bánh kẹo đem vô lớp bán lẻ lại ... mỗi lần đem bán như vậy chắc cũng kiếm được lãi 2 - 30k 😂,Enjoyment,chắc là năm lớp 4 5 gì đó icon_vui tao mua bánh kẹo đem vô lớp bán_lẻ lại mỗi lần đem bán như_vậy chắc cũng kiếm được lãi 2 30k icon_vui
có cái con cặc .. chúng mày chỉ diễn thôi đúng không . dume chỉ diễn thôi .. :'(,Disgust,có cái con cặc chúng_mày chỉ diễn thôi đúng không dume chỉ diễn thôi
nháy mắt cũng đáng yêu kkkk,Enjoyment,nháy_mắt cũng đáng yêu_k
nghĩ cũng tội mà thôi cũng kệ,Other,nghĩ cũng tội mà thôi cũng kệ
trẻ trâu chấp nó làm gì,Disgust,trẻ trâu chấp nó làm gì
bắc sơn lạng sơn đang cháy khô rồi mưa cái gì chứ 😠,Other,bắc sơn lạng sơn đang cháy khô rồi mưa cái gì chứ icon_tucgian
per chị ơi còn học được cả tiếng anh nữa luôn này :v hịn quá,Enjoyment,per chị ơi còn học được cả tiếng anh nữa luôn này v hịn quá
"cổ nhân có câu : thương cho roi , cho vọt - ghét cho ngọt cho bùi . muốn con trở thành người tốt , nhưng gv nghiêm khắc thì lại phản đối . thật không thể hiểu nổi .",Anger,cổ_nhân có câu thương cho roi cho vọt ghét cho ngọt cho bùi muốn con trở_thành người tốt nhưng gv nghiêm_khắc thì lại phản_đối thật không_thể hiểu nổi
biết nấu cơm bếp củi từ lớp 2_3 gì đó,Enjoyment,biết nấu cơm bếp củi từ lớp 2_3 gì đó
dạ đây là chị gái em nha không phải chồng đâu ạ người trong hình là em huhu ?,Sadness,dạ đây là chị gái em nha không phải chồng đâu ạ người trong hình là em huhu
giỏi thật chứ đùa . biểu cảm gần như 90 % chuẩn mẹ rồi . thằng quay và edit cũng ghê luôn . nhảy cũng tốt ra phét chứ -.- ác thật,Enjoyment,giỏi thật chứ đùa biểu_cảm gần như 90 chuẩn mẹ rồi thằng quay và edit cũng ghê luôn nhảy cũng tốt ra phét chứ ác thật
không cẩn thận phát là ngậm bả như chơi,Fear,không cẩn_thận phát là ngậm bả như_chơi
có thịt bò nướng là ngon rồi bày đặt kiến đốt,Disgust,có thịt bò nướng là ngon rồi bày_đặt kiến đốt
"không có sức hút thì tao vẫn cắt , mùa hè để tóc dài nóng thấy mẹ",Other,không có sức hút thì tao vẫn cắt mùa hè để tóc dài nóng thấy mẹ
bạn có phải óc chó không ? chắc bạn không trả lời được đâu nhỉ . óc chó mà =))),Disgust,bạn có phải óc chó không chắc bạn không trả_lời được đâu nhỉ óc chó mà
"móng tay dài như vậy thì làm gì để sống phục vụ bản thân cũng khó khăn uổng phí hết tuổi trẻ một đời người để nuôi một bộ móng , thay vào đó làm việc gì có ích cho bản thân gia đình và xã hội , đời người ngắn ngủi nên trân trọng thời gian quý báu của mình",Disgust,móng tay dài như_vậy thì làm gì để sống phục_vụ bản_thân cũng khó_khăn uổng_phí hết tuổi_trẻ một đời người để nuôi một bộ móng thay vào đó làm_việc gì có_ích cho bản_thân gia_đình và xã_hội đời người ngắn_ngủi nên trân_trọng thời_gian quý_báu của mình
chỉ ăn 1 miếng thịt mà phải đốt chết thêm nhiều sinh mạng bé nhỏ nữa hả,Surprise,chỉ ăn 1 miếng thịt mà phải đốt chết thêm nhiều sinh_mạng bé_nhỏ nữa hả
có đứa nào nấu cơm rồi nấu luôn cái bếp như tao không,Other,có đứa nào nấu cơm rồi nấu luôn cái bếp như tao không
"đếu thể đỡ được "" tiền mừng , tiền mừng "" hahaha",Enjoyment,đếu thể đỡ được tiền mừng tiền mừng hahaha
hãm lol nhưng thật lòng chứ còn hơn cứ tỏ ra trưởng thành mà bên trong thì như đồ bỏ đi,Disgust,hãm lol nhưng thật lòng chứ còn hơn cứ tỏ ra trưởng_thành mà bên trong thì như đồ bỏ đi
per nghe có vẻ hợp lí nhỉ ?,Other,per nghe có vẻ hợp_lí nhỉ
ngoài ra thì nó còn bị mang tiếng là thả thính cả xã hội nữa,Other,ngoài_ra thì nó còn bị mang_tiếng là thả thính cả xã_hội nữa
"từ nhỏ đến lớn chỉ nghe được câu mày béo thế , mày nên giảm cân đi chứ không ai nói rằng mày gầy lắm ăn nhiều lên 😆😆",Disgust,từ nhỏ đến lớn chỉ nghe được câu mày béo thế mày nên giảm cân đi chứ không ai nói rằng mày gầy lắm ăn nhiều lên icon_vui icon_vui
cơ mà tao bị thần kinh thật,Sadness,cơ_mà tao bị thần_kinh thật
kiện chết mẹ mấy con súc vật đó đi,Anger,kiện chết mẹ mấy con súc_vật đó đi
sắm về hỏi mấy thứ :v,Other,sắm về hỏi mấy thứ v
cứ bảo ngon lắm với chả ngon vừa . không biết nghĩ trước khi ăn à,Disgust,cứ bảo ngon lắm với chả ngon vừa không biết_nghĩ trước khi ăn à
con này là con lợn hay con gấu hay con ong vậy ????,Other,con này là con lợn hay con gấu hay con ong_vậy
tại mình thử hết rồi :)) nên cậu nói thế thì mình bình luận thôi :)),Other,tại mình thử hết rồi icon_vui nên cậu nói thế_thì mình bình_luận thôi icon_vui
thề cứ 1 lần trượt là tao cười to hơn 😆😆,Enjoyment,thề cứ 1 lần trượt là tao cười to hơn icon_vui icon_vui
mặt nạ chứ không phải mặt lạ nhé . ngọng thế mà cũng lấy được vợ ????,Disgust,mặt_nạ chứ không phải mặt lạ nhé ngọng thế_mà cũng lấy được vợ
per nhờ mất bạn nên mình mới biết 😂😂😂😂,Enjoyment,per nhờ mất bạn nên mình mới biết icon_vui icon_vui icon_vui icon_vui
thứ ba mẹ cho con và con nhận thấy đó là sự đức hạnh tấm lòng cao cả cam on ba mẹ rất nhìu,Enjoyment,thứ ba mẹ cho con và con nhận thấy đó là sự đức_hạnh tấm lòng cao_cả cam on ba mẹ rất nhiều
nhìn mặt thấy hãm buồi rồi .,Disgust,nhìn mặt thấy hãm buồi rồi
hãy nên trân trọng những người bạn như vậy .,Enjoyment,hãy nên trân_trọng những người bạn như_vậy
nhớ bộ phim thằng gù nhà thờ đức bà không ?,Other,nhớ bộ phim thằng gù nhà_thờ đức bà không
bây giờ nhìn vào cứ kiện tụng mà nãn :((,Sadness,bây_giờ nhìn vào cứ kiện_tụng mà nãn icon_buon
thiết kế tinh tế quá,Surprise,thiết_kế tinh_tế quá
tớ cũng muốn có mối tình như vậy ??,Sadness,tớ cũng muốn có mối tình như_vậy
một bộ phim quá suất sắc,Enjoyment,một bộ phim quá suất sắc
suốt ngày bị chửi ??,Anger,suốt ngày bị chửi
mình không hiểu tại sao nó không bị phóng điện chết nhỉ ?,Surprise,mình không hiểu tại_sao nó không bị phóng_điện chết nhỉ
vì tao hay bị chúng nó chọc nên thấy buồn,Sadness,vì tao hay bị chúng_nó chọc nên thấy buồn
một bình luận của người trong cuộc . đọc xong thấy ấm lòng cho per !,Enjoyment,một bình_luận của người trong cuộc đọc xong thấy ấm lòng cho per
chó nhà tao mới đi lạc 3 hôm thôi mà quên mẹ hết chủ rồi :vậy,Disgust,chó nhà tao mới đi lạc 3 hôm thôi mà quên mẹ hết chủ rồi vậy
"có hình ảnh rõ ràng kiện chúng nó tội quấy rối đi . mịe cái lũ khốn kiếp , hay ho lắm cái trò dơ bẩn 🤧🤧🤧",Anger,có hình_ảnh rõ_ràng kiện chúng_nó tội quấy_rối đi mịe cái lũ khốn_kiếp hay_ho lắm cái_trò dơ_bẩn
nhà nó giàu vãi,Surprise,nhà nó giàu vãi
per quả lừa con chó ngoài bờ rào,Other,per quả_lừa con chó ngoài bờ_rào
wow đỉnh quá,Surprise,wow đỉnh quá
ước gì tao thất tình cũng được giống như mày,Other,ước gì tao thất_tình cũng được giống như mày
"cái kết thật bất ngờ , không thể đoán được vậy",Surprise,cái kết thật bất_ngờ không_thể đoán được vậy
per nhìn mặt cưng gê,Enjoyment,per nhìn mặt cưng gê
là đứa quay video,Other,là đứa quay video
cái lò xô ngày xưa ma,Other,cái lò xô ngày_xưa ma
một chuyến du lịch vui vẻ,Other,một chuyến du_lịch vui_vẻ
😔😔 hành động nhỏ v thôi thì cũng ấm lòng rồi ... nói thôi cũng vuii rồi ... 😝😝,Enjoyment,icon_buon icon_buon hành_động nhỏ v thôi_thì cũng ấm lòng rồi nói thôi cũng vuii rồi icon_vui icon_vui
"chúng ta những tháng ngày sau đó vẫn gặp nhau , vẫn nói chuyện nhưng không phải những cô cậu của hồi c3 nữa . chúng ta đều khác",Sadness,chúng_ta những tháng_ngày sau đó vẫn gặp nhau vẫn nói_chuyện nhưng không phải những cô cậu của hồi c3 nữa chúng_ta đều khác
bé gái đáng yêuc quá :))). dth nữa,Enjoyment,bé gái đáng yêuc quá icon_vui dth nữa
cho khỏi đá ở việt nam . gì mà căng,Disgust,cho khỏi đá ở việt_nam gì mà căng
hình thức này .. là chúng nó đang huỷ hoại mầm mống tương lai của đất nước đấy,Disgust,hình_thức này là chúng_nó đang huỷ_hoại mầm_mống tương_lai của đất_nước đấy
trông tội quá,Sadness,trông tội quá
"hai con ma đấu đầu , con mũ đen ăn toàn cứt nên đanh hơn ?",Other,hai con ma_đấu đầu con mũ đen ăn toàn cứt nên đanh hơn
"nó mừng kiểu nhảy vồ lên dơ đồ thôi , chứ dòng này gặp ai cũng mừng",Other,nó mừng kiểu nhảy vồ lên dơ đồ thôi chứ dòng này gặp ai cũng mừng
per ghét ghê bây,Anger,per ghét ghê_bây
"học chán phèo , chả có gì đáng nhớ",Sadness,học chán phèo chả có gì đáng nhớ
"tao cảnh cáo , page mà đăng mấy video kiểu ngôn lù thế này tao unlike , trả per trả cụ lầy , trả anh thai cho tao",Anger,tao cảnh_cáo page mà đăng mấy video_kiểu ngôn lù thế này tao unlike trả per trả cụ lầy trả anh thai cho tao
chắc làm theo yêu cầu,Other,chắc làm theo yêu_cầu
"coi 3 lần mà vẫn cười , phim hay nhân vật dễ thương",Enjoyment,coi 3 lần mà vẫn cười phim hay nhân_vật dễ_thương
per sự thích thể hiện của các bạn mà bóng đá per tốn một món tiền không nhỏ ! 😩🙏🤕,Sadness,per sự thích thể_hiện của các bạn mà bóng_đá per tốn một món tiền không nhỏ
"mất nhân tính ( tiền không phải tất cả , nhưng làm tất cả vì tiền )",Disgust,mất nhân_tính tiền không phải tất_cả nhưng làm tất_cả vì tiền
thớt là gu của tôi :))) yêu quá hiuhiu,Enjoyment,thớt là gu của tôi icon_vui yêu quá hiuhiu
muộn rồi :))),Sadness,muộn rồi icon_vui
thề lun anh ấy rất kĩ thuật lun á,Enjoyment,thề lun anh ấy rất kĩ_thuật lun á
per có sub rồi nè . má coi đi coi lại vẫn mắc cười . với đưa anh stk đi,Enjoyment,per có sub rồi nè má coi đi coi lại vẫn mắc cười với đưa anh stk đi
bt mà tao vẫn lạng lách ở đây suốt,Enjoyment,biết mà tao vẫn lạng_lách ở đây suốt
chỉ mong có người đến cuối đời vẫn yêu mình như ngày đầu tiên ❤,Enjoyment,chỉ mong có người đến cuối đời vẫn yêu mình như ngày đầu_tiên
anh thíck kiểu tra tấn hằng ngày :))),Enjoyment,anh thíck kiểu tra_tấn hằng ngày icon_vui
tuổi thơ với nó đấy,Other,tuổi_thơ với nó đấy
vợ chồng nhà này mặc quần áo ngủ đôi à ??,Surprise,vợ_chồng nhà này mặc quần_áo ngủ đôi à
buồn cười nhất cái đoạn cã lũ bạn đồng thanh * chó nó lấy * 😂,Enjoyment,buồn_cười nhất cái đoạn cã lũ bạn đồng_thanh chó nó lấy icon_vui
"đúng rồi còn quay quay , lớ nga lớ ngớ xuống trách người ta . có phải bãi xe tự phát đâu mà người ta dám làm láo .",Anger,đúng rồi còn quay quay lớ nga lớ_ngớ xuống trách người_ta có phải bãi xe tự_phát đâu mà người_ta dám làm láo
dăm ba cái yêu đương vớ vẩn :)),Disgust,dăm_ba cái yêu_đương vớ_vẩn icon_vui
ủa tao đang coi cái gì v 😂,Other,ủa tao đang coi cái gì v icon_vui
tàn nhang là xác định nhá ??????,Other,tàn_nhang là xác_định nhá
sao toàn gặp hãm không àh . gần nhất là thằng âm binh nhất,Disgust,sao toàn gặp hãm không àh gần nhất là thằng âm_binh_nhất
phe áo vàng thích điều này,Other,phe áo vàng thích điều này
có khi giờ tỉnh rồi đéo dám xuống nữa,Other,có khi giờ tỉnh rồi đéo dám xuống nữa
lại đến giờ giải trí rồi mềnh ơiiii per =))))),Enjoyment,lại đến giờ giải_trí rồi mềnh ơi per
vừa xung điện tim xong ra ngoài bác sĩ lắc đầu =)) cả nhà tao đưa bác sĩ vô nằm kế tao,Other,vừa xung_điện_tim xong ra ngoài bác_sĩ lắc_đầu cả nhà tao đưa bác_sĩ vô nằm kế tao
thói ích kỷ,Disgust,thói ích_kỷ
thứ học sinh mất dạy =)),Disgust,thứ học_sinh mất_dạy
má tự dưng bị đánh vào đầu :(,Anger,má tự_dưng bị đánh vào đầu icon_buon
mong ông bà nhiều sức khoẻ . đáng yêu thực sự 😍😍😍,Enjoyment,mong ông_bà nhiều sức_khoẻ đáng yêu thực_sự icon_vui icon_vui icon_vui
nhìn gai vãi,Disgust,nhìn gai vãi
đọc thôi cũng mệt,Disgust,đọc thôi cũng mệt
có những ngày mọi thứ nó bỗng ập đến,Sadness,có những ngày mọi thứ nó bỗng ập đến
per thề :))) cười cơ mà tao nghĩ nó cũng đéo ổn tí nào đâu,Disgust,per thề icon_vui cười cơ_mà tao nghĩ nó cũng đéo ổn tí nào đâu
chỉ khổ các con thôi !! sao người ta lại có thể mất nhân tính như vậy,Sadness,chỉ khổ các con thôi sao người_ta lại có_thể mất nhân_tính như_vậy
cute vậyyyyy,Enjoyment,cute_vậy
thế rồi cha lái xe có giả tiền không các bác,Other,thế rồi cha lái_xe có giả tiền không các bác
nàng ấy chả yêu ta gì cả,Sadness,nàng ấy chả yêu ta gì cả
1 năm không biết bao nhiêu lần x - quang :(,Sadness,1 năm không biết_bao_nhiêu lần x quang icon_buon
thôi xong tao rồi :((,Fear,thôi xong tao rồi icon_buon
chỉ cần nhìn họ thì đã thấy tim đập mạnh rồi =))),Enjoyment,chỉ cần nhìn họ thì đã thấy tim đập mạnh rồi
phú thọ tởm quá,Disgust,phú thọ tởm quá
smart phone thành cục gạch là có thật luôn hả ??,Surprise,smart phone thành cục gạch là có thật luôn hả
"3 idiots , bộ phim rất đáng xem",Enjoyment,3 idiots bộ phim rất đáng xem
nói gì thì tụi bây cũng không tin đâu ..😌😌,Sadness,nói gì thì tụi bây cũng không tin đâu
per nhà mình cũng có nè,Other,per nhà mình cũng có nè
bây giờ lại chơi trò đánh tư sản mại bản như ngày xưa đi nhể,Other,bây_giờ lại chơi trò đánh tư_sản mại_bản như ngày_xưa đi nhể
anh đánh mất thật rồi,Sadness,anh đánh mất thật rồi
đậu xanh tao giỡn mặt với mày hả,Anger,đậu_xanh tao giỡn mặt với mày hả
những cái đáng làm không làm những cái không đáng làm thì làm cho tới,Disgust,những cái đáng làm không làm những cái không đáng làm thì làm cho tới
hình như sau boss bị chết ạ,Sadness,hình_như sau boss bị chết ạ
xong tao đưa mày uống nha,Other,xong tao đưa mày uống nha
may mà không mua laptop này không thì ăn lìn lâu rồi :(,Enjoyment,may mà không mua laptop này không thì ăn lìn lâu rồi icon_buon
nếu chịu khó đặt vào hoàn cảnh của nhau mà sống thì mọi chuyện đã đơn giản hơn rồi .,Sadness,nếu chịu_khó đặt vào hoàn_cảnh của nhau mà sống thì mọi chuyện đã đơn_giản hơn rồi
đéo đùa :)),Anger,đéo đùa icon_vui
nhìn hình vẽ khẩu trang lại tưởng 1 con mắt =)))))))),Other,nhìn hình_vẽ khẩu_trang lại tưởng 1 con mắt
có đứa nào đéo giật mình như tao không :))),Enjoyment,có đứa nào đéo giật_mình như tao không icon_vui
"băng băng cái lol , chưa đóng vào mặt nhau là may rồi",Anger,băng băng cái lol chưa đóng vào mặt nhau là may rồi
"ôi mệt quá , một ngày buồn tẻ",Sadness,ôi mệt quá một ngày buồn_tẻ
bố đi đường mà sợ quá,Fear,bố đi đường mà sợ quá
bác sĩ mất dạy,Anger,bác_sĩ mất_dạy
disss giật hết cả mình .:)),Fear,dis giật hết cả mình icon_vui
có lẽ vì vậy nên moi thứ trở nên thật khó khăn lúc này :(((,Sadness,có_lẽ vì_vậy nên moi thứ trở_nên thật khó_khăn lúc này icon_buon
bà đã được sống 1 kiếp người hạnh phúc . mấy ai có được điều đó . ngưỡng mộ tình yêu ông dành cho bà .,Enjoyment,bà đã được sống 1 kiếp người hạnh_phúc mấy ai có được điều đó ngưỡng_mộ tình_yêu ông dành cho bà
sau khi có vợ anh per đã có đồ giả gái xinh và tinh tế hơn 😆,Enjoyment,sau khi có vợ anh per đã có đồ giả gái xinh và tinh_tế hơn icon_vui
"per đi coi với tao , phim này hay nhất định phải coi",Enjoyment,per đi coi với tao phim này hay nhất_định phải coi
đứng trước mặt nó tụt quần ra auto hết giận,Enjoyment,đứng trước mặt nó tụt quần ra auto hết giận
haha đây là cổng chợ này ??,Enjoyment,haha đây là cổng chợ này
giống y con bạn tao :))) mặc dù nó không phải gvien hay gì cả nhưng nó khá trẻ trâu,Enjoyment,giống y con bạn tao icon_vui mặc_dù nó không phải gvien hay gì cả nhưng nó khá trẻ trâu
nói chuyện yêuu thế đmaaaa ??,Enjoyment,nói_chuyện yêuu thế đma
dễ thương ghê . thằng quay phim cũng không phải dạng vừa ^^,Enjoyment,dễ_thương ghê thằng quay_phim cũng không phải dạng vừa icon_vui
yên tâm đi ông trời không bất công với ai đâu,Other,yên_tâm đi ông trời không bất_công với ai đâu
ko biết crush bây giờ có ở nhà không nữa 😭😭😭😭,Sadness,không biết crush bây_giờ có ở nhà không nữa icon_buon icon_buon icon_buon icon_buon
là khi lạc giữa 1 biển người hôm khai giảng nhưng vẫn nhìn thấy người đó rõ nhất,Enjoyment,là khi lạc giữa 1 biển người hôm khai_giảng nhưng vẫn nhìn thấy người đó rõ nhất
đồ điên . quét đéo được thì lấy máy hút bụi hút mẹ hết đi . hét hét cái lol gì =))),Anger,đồ điên quét đéo được thì lấy máy hút bụi hút mẹ hết đi hét hét cái lol gì
"hay ta , hay ta",Enjoyment,hay ta hay ta
anh ấy không thương tao,Sadness,anh ấy không thương tao
mặc cái váy thì phải cạp lông lách chứ :))),Other,mặc cái váy thì phải cạp lông lách chứ icon_vui
nhìn lũ trẻ yêu nhau mà lòng già xao xuyến,Sadness,nhìn lũ trẻ yêu nhau mà lòng già xao_xuyến
ai đã dùng nó bây giờ phải 50 tuổi rồi,Other,ai đã dùng nó bây_giờ phải 50 tuổi rồi
"1 đoạn phim được trích ra tuy ngắn nhưng , chứa 1 thông điệp rất có tầm quan trọng",Enjoyment,1 đoạn phim được trích ra tuy ngắn nhưng chứa 1 thông_điệp rất có tầm quan_trọng
quan trọng là đỉnh ^.,Enjoyment,quan_trọng là đỉnh
đem người đó ra biển cho biển cuốn đi lun .. hihii,Enjoyment,đem người đó ra biển cho biển cuốn đi lun hihii
"hàng loạt các sai phạm , vi phạm diễn ra nhưng bộ giáo dục chưa đưa ra được biện pháp nào có hiệu quả chấm dứt các sự việc tiếp tục xảy ra",Anger,hàng_loạt các sai_phạm vi_phạm diễn ra nhưng bộ giáo_dục chưa đưa ra được biện_pháp nào có hiệu_quả chấm_dứt các sự_việc tiếp_tục xảy ra
"trách nhiệm của con mẹ giáo viên chủ nhiệm là lớn nhất luôn , đuổi con mẹ nó việc đi",Anger,trách_nhiệm của con_mẹ giáo_viên chủ_nhiệm là lớn nhất luôn đuổi con_mẹ nó việc đi
đúng rồi con gái là vậy mà kkk,Enjoyment,đúng rồi con_gái là vậy_mà k
tan tành rồi .,Sadness,tan_tành rồi
chẳng biết nói gì . xem video em cười suốt mà lòng tôi không thấy vui tẹo nào . thương em,Sadness,chẳng biết nói gì xem video em cười suốt mà lòng tôi không thấy vui tẹo nào thương em
xử tử hiệu trưởng . nhà nước phải làm thẳng tay bọn chó,Anger,xử_tử hiệu_trưởng nhà_nước phải làm thẳng_tay bọn chó
người ta mất 6 tháng để học lái xe nhưng lại mất cả đời để học văn hoá đỗ xe 😑,Disgust,người_ta mất 6 tháng để học lái_xe nhưng lại mất cả đời để học văn_hoá đỗ xe
ngày xưa nghèo . có bếp dầu là mai rồi .,Other,ngày_xưa nghèo có bếp dầu là mai rồi
ba ́ o giâ ̣ tao ti ́ tao la ̀ mày hoa ̉ người loa ̣ n ngươ ̀ i dân . haizzz,Sadness,ba ́ o giâ ̣ tao ti ́ tao la ̀ mày hoa ̉ người loa ̣ n ngươ ̀ i dân haiz
hãy tôn trọng quyền được mưu cầu hạnh phúc của mỗi cá nhân con người trên thế giới này đi . đừng kì thị họ ! tội lỗi lắm 🙂,Other,hãy tôn_trọng quyền được mưu_cầu hạnh_phúc của mỗi cá_nhân con_người trên thế_giới này đi đừng kì_thị họ tội_lỗi lắm icon_vui
"má .., ruồi bay qua táp chết tươi :)))",Enjoyment,má ruồi bay qua táp chết_tươi icon_vui
per cái gì mình không làm được chứ đánh cái lũ đéo phải người thì mình làm tốt kkk,Enjoyment,per cái gì mình không làm được chứ đánh cái lũ đéo phải người thì mình làm tốt k
per hèn gì thấy ngày nào anh cũng đi tập 😂😂😂,Other,per hèn gì thấy ngày nào anh cũng đi tập icon_vui icon_vui icon_vui
ẹc lông chân mày mọc nhanh dữ =.=,Surprise,ẹc lông chân_mày mọc nhanh dữ
ngày xưa cũng vui lắm mà giờ mỗi đứa 1 nơi rồi,Sadness,ngày_xưa cũng vui lắm mà giờ mỗi đứa 1 nơi rồi
per em cười mệt quá =)))),Enjoyment,per em cười mệt quá
móng tay gì mà nhìn vừa bẩn vừa ghê,Disgust,móng tay gì mà nhìn vừa bẩn vừa ghê
"tuổi thơ của tao sợ nhất là con này , không làm gì mà nó cũng rược , suốt ngày thì kêu um sùm",Fear,tuổi_thơ của tao sợ nhất là con này không làm gì mà nó cũng rược suốt ngày thì kêu um sùm
lần sau nhìn thấy hắt nước tiểu vào người nó ngay,Anger,lần sau nhìn thấy hắt nước_tiểu vào người nó ngay
bấy bề ơi . thật là đáng yêu,Enjoyment,bấy bề ơi thật là đáng yêu
tuỳ người tuỳ loại,Other,tuỳ người tuỳ loại
cư ́ như kiê ̉ u =))) ngươ ̀ i yêu,Enjoyment,cư ́ như kiê ̉ u ngươ ̀ i yêu
"thằng ác ôn , con nhỏ nhờ tháo mạng nhện thôi mà cũng không giúp , tao là móc gậy ra thọc .. à nhầm tháo mạng nhện ra liền ..",Anger,thằng ác_ôn con nhỏ nhờ tháo mạng_nhện thôi mà cũng không giúp tao là móc gậy ra thọc à nhầm tháo mạng_nhện ra liền
"hồi nhỏ đi học phải ngang qua nhà nuôi ngỗng nó dí chạy thấy bà luôn , ngày nào cũng phải cầm cái cây theo . thề luôn tới giờ tao vẫn còn sợ con này khiếp luôn 😭",Fear,hồi nhỏ đi học phải ngang qua nhà nuôi ngỗng nó dí chạy thấy bà luôn ngày nào cũng phải cầm cái cây theo thề luôn tới giờ tao vẫn còn sợ con này khiếp luôn icon_buon
ăn cơm mốc có khả năng bị ung thư gan cao . hít,Sadness,ăn cơm mốc có khả_năng bị ung_thư gan cao hít
bác này nói hay,Enjoyment,bác này nói hay
mới sáng ra,Other,mới sáng ra
"tao có một nỗi sợ khác cũng khá giống con yêu tinh này đó là con yêu nghiệt ngan đực :3 con này thành tinh hung ác vãi_chưởng , đi ra vườn đéo làm gì nó , nó cũng rượt mình . đậu ! đó là tao kể ngày bé thôi =) chứ lớn lên tao biết vơ cây củi theo để đi ra vườn rồi =))",Fear,tao có một nỗi sợ khác cũng khá giống con yêu_tinh này đó là con yêu nghiệt ngan đực 3 con này thành tinh hung_ác vãi_chưởng đi ra vườn đéo làm gì nó nó cũng rượt mình đậu đó là tao kể ngày bé thôi chứ lớn lên tao biết vơ cây củi theo để đi ra vườn rồi
cười vãi ???????? mặt con bé cũng hài ghê,Enjoyment,cười vãi mặt con bé cũng hài_ghê
"quán này chắc không đông , đang ăn mà thấy có mà ói",Disgust,quán này chắc không đông đang ăn mà thấy có mà ói
để nó vậy không thấy tội sao,Sadness,để nó vậy không thấy tội sao
boss dễ thương hết sức,Enjoyment,boss dễ_thương hết_sức
nấu thì nấu được mà không biết có ăn được hay không thôi,Other,nấu thì nấu được mà không biết có_ăn được hay không thôi
"dume tao từ giờ sẽ bỏ thích cái page này huhu , nghiệp mà",Disgust,dume tao từ giờ sẽ bỏ thích cái page này huhu nghiệp mà
đi xe cao mà ý thức thấp quá !,Disgust,đi xe cao mà ý_thức thấp quá
mình đã về đến nhà an toàn hihi,Enjoyment,mình đã về đến nhà an_toàn hihi
lông chân mọc nhanh thế :)),Surprise,lông chân mọc nhanh thế icon_vui
quá nguy hiểm .,Fear,quá nguy_hiểm
ơ tao cũng học ông này hướng dẫn hay sao ấy :))))),Enjoyment,ơ tao cũng học ông này hướng_dẫn hay sao ấy icon_vui
và người đó đang ở nơi đâu về với em đi . đợi người rồi người sẽ đến chứ ?,Sadness,và người đó đang ở nơi đâu về với em đi đợi người rồi người sẽ đến chứ
bảo sao đi đâu ai cũng ghét =)),Disgust,bảo sao đi đâu ai cũng ghét
"đã gọi là "" mật "" mà nó lại công khai cho mày xem àk",Disgust,đã gọi là mật mà nó lại công_khai cho mày xem àk
hahaa ngọt vãiii :)),Enjoyment,hahaa ngọt vãi icon_vui
mơ chứ còn gì nữa 🙃,Other,mơ chứ còn gì nữa
per tìm được đối tượng nào để cầu hôn chưa :))),Enjoyment,per tìm được đối_tượng nào để cầu_hôn chưa icon_vui
dự là 30 mà 30 sợ già quá chả chó nào nó rước . năm nay đã 26 rồi mà vẫn chả ai thèm yêu 😔😔😔,Sadness,dự là 30 mà 30 sợ già quá chả chó nào nó rước năm nay đã 26 rồi mà vẫn chả ai thèm yêu icon_buon icon_buon icon_buon
nhìn em mà thương roi nói chuyện mắt,Sadness,nhìn em mà thương roi nói_chuyện mắt
em vợ tao đấy :)),Enjoyment,em vợ tao đấy icon_vui
"con bé xinh nhờ , khốn nạn là cái thằng edit video ý :)))",Enjoyment,con bé xinh nhờ khốn_nạn là cái thằng edit video ý icon_vui
1 lần chơi lớn xem thế giới có trầm trồ ??,Surprise,1 lần chơi lớn xem thế_giới có trầm_trồ
per phim này thấy trailer hấp dẫn ghê 😁,Enjoyment,per phim này thấy trailer hấp_dẫn ghê_icon_vui
ngồi nhìn nó ngủ cũng thấy dth vler đừng nói cười 😌,Enjoyment,ngồi nhìn nó ngủ cũng thấy dth vler đừng nói cười
cái này ghê vãi mày sẽ hiểu cảm giác khi nó lún xuống 😅😅,Fear,cái này ghê vãi mày sẽ hiểu cảm_giác khi nó lún xuống icon_vui icon_vui
không thấy tên phim thì hỏi . ở đấy mà hội người mụ cái đéo gì . đã mất công ghi tên phim thì ghi cho đàng hoàng vào . bất lịch sự vậy !,Disgust,không thấy tên phim thì hỏi ở đấy mà hội người mụ cái đéo gì đã mất_công ghi tên phim thì ghi cho đàng_hoàng vào bất lịch_sự vậy
hèn dì mấy nay đi học thấy bạn của crush nhìn mình cười,Enjoyment,hèn dì mấy nay đi học thấy bạn của crush nhìn mình cười
wow vừa vẽ đẹp lại còn biết sáng tạo :)),Surprise,wow vừa vẽ đẹp lại còn biết sáng_tạo icon_vui
cái này đi móc cống thốn lắm nè,Other,cái này đi móc cống thốn lắm nè
từ nay tôi quết định nuôi dưỡng con chim tôi tới già . và tôi mong được unesco công nhận kỳ quan thứ 8 của thế giới,Enjoyment,từ nay tôi quết định nuôi_dưỡng con chim tôi tới già và tôi mong được unesco công_nhận kỳ_quan thứ 8 của thế_giới
mình chỉ quan tâm cái quần bạn chồng mặc màu hường hình cô gái ????,Other,mình chỉ quan_tâm cái quần bạn chồng mặc màu hường hình cô gái
loại gái già mất dạy chách sao không dạy được con cháu .,Disgust,loại gái già mất_dạy chách sao không dạy được con_cháu
chộm chó đâu làm ăn như céc lúc cần thì chả thấy đâu,Disgust,chộm chó đâu làm_ăn như céc lúc cần thì chả thấy đâu
thông minh hơi muộn nhưng vẫn kịp thông minh !,Enjoyment,thông_minh hơi muộn nhưng vẫn kịp thông_minh
cay đắng và mặn :(,Sadness,cay_đắng và mặn icon_buon
cóc nào tao không có thích thầm đứa nào để đứng lại ngắm cái chỗ ngồi nhể 😗😗😗,Enjoyment,cóc nào tao không có thích thầm đứa nào để đứng lại ngắm cái chỗ ngồi nhể
nó sale còn 225k là được rồi :))) lời quá còn gì . mẹ mày per bình luận chi để nó nhận ra chi v 😂,Anger,nó sale còn 225k là được rồi icon_vui lời quá còn gì mẹ mày per bình_luận chi để nó nhận ra chi v icon_vui
"loại này nó vậy , y con chó nhà mình .. hjjjj",Disgust,loại này nó vậy y con chó nhà mình hj
đỉnh vậy luôn hả,Surprise,đỉnh vậy luôn hả
chẳng những hư xe mà còn bị phạt nặng nữa,Sadness,chẳng_những hư xe mà còn bị phạt nặng nữa
mẹ còn không trị được thì ai trị 😌,Other,mẹ còn không trị được thì ai trị
tớ có thấy con ngáo đấy nhưng không dám lại sờ huhu tt,Sadness,tớ có thấy con ngáo đấy nhưng không dám lại sờ huhu tt
nhờ đó mà tôi cảm thấy nhẹ nhõm và trở nên mạnh mẽ,Enjoyment,nhờ đó mà tôi cảm_thấy nhẹ_nhõm và trở_nên mạnh_mẽ
tao ấn tượng anh đầm hường ghê 😂,Enjoyment,tao ấn_tượng anh đầm hường ghê_icon_vui
đứa nào bắt cóc nhỏ này thấy khổ vãi,Other,đứa nào bắt_cóc nhỏ này thấy khổ vãi
đồng cảnh ngộ :(,Sadness,đồng cảnh_ngộ icon_buon
ngọt hơn cả người yêu haaaaa,Enjoyment,ngọt hơn cả người_yêu ha
thôi mấy bác bị dắt mũi rồi . nghe đến đoạn au mobile là biết nó quảng cáo game trá hình rồi . như con cặc,Disgust,thôi mấy bác bị dắt_mũi rồi nghe đến đoạn au mobile là biết nó quảng_cáo game trá_hình rồi như con cặc
đọc nhiều chuyện cổ tích vầy thấy yêu cuộc sống hẳn :)),Enjoyment,đọc nhiều chuyện cổ_tích vầy thấy yêu cuộc_sống hẳn icon_vui
bố mày lậy chúng mày đấy,Disgust,bố mày lậy chúng_mày đấy
mấy cái video của bọn này đóng hay vãi,Surprise,mấy cái video của bọn này đóng hay vãi
"ở nói chuyện ngoài hộ không khì thị về giới tính , họ cho được kết hôn . chứ họ không kì thị như ở việt nam mình hai người kia họ thật dũng cảm khi sống thật với giới tính của mình",Enjoyment,ở nói_chuyện ngoài hộ không khì thị về giới_tính họ cho được kết_hôn chứ họ không kì_thị như ở việt nam mình hai người kia họ thật dũng_cảm khi sống thật với giới_tính của mình
bà chủ tịch giả mang thai và cái kết,Other,bà chủ_tịch giả mang thai và cái kết
phạt 5 triệu ... pháp luật vn hay dữ,Disgust,phạt 5 triệu pháp_luật vn hay dữ
phải chi có người để giận mình nhỉ :(((,Sadness,phải chi có người để giận mình nhỉ icon_buon
"per cần thêm những trái dâu xinh xắn để ngăn chặn sự u ám này , huhu",Sadness,per cần thêm những trái dâu xinh_xắn để ngăn_chặn sự u_ám này huhu
lúc nhỏ bà hàng xóm của tao bị dí chạy tới mức bã phải nhảy xuống sông bã lội trốn mà tụi nó cũng nhảy theo với bã 🤣,Enjoyment,lúc nhỏ bà hàng_xóm của tao bị dí chạy tới mức bã phải nhảy xuống sông bã lội trốn mà tụi nó cũng nhảy theo với bã icon_vui
tao cũng có ghệ và tao cũng dị ứng mấy trường hợp mắc mệt giống vậy,Disgust,tao cũng có ghệ và tao cũng dị_ứng mấy trường_hợp mắc mệt giống_vậy
khổ thân em ý .,Sadness,khổ_thân em ý
không những hạnh phúc tao còn cứng nữa :)),Enjoyment,không_những hạnh_phúc tao còn cứng nữa icon_vui
"chỉ có bọn nông dân mới nghĩ ra mấy trò này , phải con cháu nhà tao thì tao đến từng nhà 1 bắt từng thằng ăn cứt",Anger,chỉ có bọn nông_dân mới nghĩ ra mấy trò này phải con_cháu nhà tao thì tao đến từng nhà 1 bắt từng thằng ăn cứt
kinh dị vãi 😖😖,Disgust,kinh_dị vãi
phải là người yêu tao thì sống chết tao cũng vả hết,Anger,phải là người_yêu tao thì sống_chết tao cũng vả hết
vậy nên phải lịch sự và thổ con mẹ nó lộ với cả đống người chúc mừng mày thành trò cười thiên hạ,Disgust,vậy nên phải lịch_sự và thổ con_mẹ nó lộ với cả đống người chúc_mừng mày thành trò_cười thiên_hạ
đkm lại diễn rồi pr cho game aumobile chứ gì tuổi lol qua mắt tao =)),Enjoyment,đkm lại diễn rồi pr cho game aumobile chứ gì tuổi lol qua mắt tao
"cà phê vần luôn cả với sa tế , thế là đủ vị đắng cay",Other,cà_phê vần luôn cả với sa_tế thế_là đủ vị đắng_cay
chuẩn luôn :3 độc vô tình bắt gặp thôi cơ mà giờ tao bị ăn bơ rồi 😭,Sadness,chuẩn luôn 3 độc vô_tình bắt_gặp thôi cơ_mà giờ tao bị ăn bơ rồi icon_buon
có ai luyện mới được như mình không dạ,Enjoyment,có ai luyện mới được như mình không dạ
còn thằng súc sinh này,Disgust,còn thằng súc_sinh này
"lớp 1 tao đã bị nằm sấp lên bàn , bị đánh 20 - 30 cây vì tội viết chữ không có tiến bộ mà có dám hó hé gì đâu . còn học sinh giờ sắp thành hiệu trưởng hết rồi",Disgust,lớp 1 tao đã bị nằm sấp lên bàn bị đánh 20 30 cây vì tội viết chữ không có tiến_bộ mà có dám hó_hé gì đâu còn học_sinh giờ sắp thành hiệu_trưởng hết rồi
hết hồn chim én,Fear,hết_hồn chim én
thật ư 😱😱😱,Surprise,thật ư icon_loso icon_loso icon_loso
cô ấy không yêu tôi,Sadness,cô ấy không yêu tôi
ừ công nhận == không có tiền mua,Sadness,ừ công_nhận không có tiền mua
"xã hội giờ nguy hiểm quá . có khi cái con mẹ kia mới là người có ý định bắt cóc trẻ con ấy chứ , hoặc chỉ một câu trêu đùa quái ác như thế cũng đủ mệt",Disgust,xã_hội giờ nguy_hiểm quá có khi cái con_mẹ kia mới là người có ý_định bắt_cóc trẻ_con ấy chứ hoặc chỉ một câu trêu đùa quái_ác như thế cũng đủ mệt
nó ăn chay mà,Other,nó ăn_chay mà
trò cười . :v,Enjoyment,trò_cười v
đáng yêu vậy,Enjoyment,đáng yêu_vậy
người ta dùng con kiến bống . loại có chất axit có vị chua . chứ đéo ai dùng loại kiến đen cứt trâu này .,Disgust,người_ta dùng con kiến bống loại có chất axit có vị chua chứ đéo ai dùng loại kiến_đen cứt_trâu này
"gặp tao là đéo nói nhìu , lùi xe ra rồ ga tông thẳng vào :))))",Anger,gặp tao là đéo nói nhiều lùi xe ra rồ ga tông thẳng vào icon_vui
phải chi quán đầu tư cái máy hút bụi thì đỡ cho anh ấy quá =))),Other,phải chi quán đầu_tư cái máy hút_bụi thì đỡ cho anh ấy quá
cũng dể thương đấy chứ,Enjoyment,cũng dể thương đấy chứ
thực ra ngoài mày nó còn quan tâm nhiều đứa nữa,Other,thực_ra ngoài mày nó còn quan_tâm nhiều đứa nữa
anh quay phim giọng hơi cute nhỉ 😂😂😂,Surprise,anh quay_phim giọng hơi cute nhỉ icon_vui icon_vui icon_vui
cảm ơn bố !,Enjoyment,cảm_ơn bố
nhìn đã thật,Enjoyment,nhìn đã thật
niềm vui của cđv việt nam đây mà,Enjoyment,niềm vui của cđv việt nam đây mà
tao thích vẽ . nhưng vẽ xấu từ đó chuyển hẳn sang mê chụp ảnh .,Enjoyment,tao thích vẽ nhưng vẽ xấu từ đó chuyển hẳn sang mê chụp ảnh
tạm biệt ông 😢,Sadness,tạm_biệt ông icon_buon
khoảnh khắc nhận ra đồng nghiệp mình is the best :)) nguyễn ngọc thái hiền,Enjoyment,khoảnh_khắc nhận ra đồng_nghiệp mình is the best icon_vui nguyễn ngọc thái hiền
tao cười tao ỉa =)))))) hâhhahhahahahaha,Enjoyment,tao cười tao ỉa hâhhahhahahahaha
nên là có sắp chết tao cũng đéo kể cho ai nghe :))),Other,nên là có sắp chết tao cũng đéo kể cho ai nghe icon_vui
tiền nhiều để làm gì ? để rồi lại chia ly,Sadness,tiền nhiều để làm gì để rồi lại chia_ly
"và nếu có 1 người yêu mà chơi với nhiều thằng con trai thì hãy cẩn thận , mày có thể bị cắm sừng khi nào không hay",Other,và nếu có 1 người_yêu mà chơi với nhiều thằng con_trai thì hãy cẩn_thận mày có_thể bị cắm_sừng khi nào không hay
thường thôi . hồi nhỏ tao nấu kiểu này hoài . nấu lun cái bếp nhà chú,Enjoyment,thường thôi hồi nhỏ tao nấu kiểu này hoài nấu lun cái bếp nhà chú
xỉu lên xỉu xuống :(,Sadness,xỉu lên xỉu xuống icon_buon
để anh dẫn em đi ăn nha :)),Enjoyment,để anh dẫn em đi ăn nha_icon_vui
tao đã khóc khi xem phim nay,Sadness,tao đã khóc khi xem phim nay
cây như cổ chân thì sao năng xuất . cại đủ tiền công không mà chia,Other,cây như cổ_chân thì sao năng xuất cại đủ tiền công không mà chia
per một thời của chậy em mình nè,Other,per một thời của chậy em mình nè
thiệt là dễ thương quá đi mất . 💕,Enjoyment,thiệt là dễ_thương quá đi mất
nhảy không lo nhảy còn quay quay,Disgust,nhảy không lo nhảy còn quay quay
giòi béo lắm :)),Enjoyment,giòi béo lắm icon_vui
"á đù , per ạ , chị em mềnh vừa làm thế",Surprise,á đù per ạ chị_em mềnh vừa làm thế
per trung thu đéo liên quan đến việc có gấu cho lắm bạn nhể .... nhưng mà lễ gì cũng thế thì đúng là bất hạnh mà huhu,Sadness,per trung_thu đéo liên_quan đến việc có gấu cho lắm bạn nhể nhưng mà lễ gì cũng thế_thì đúng là bất_hạnh mà huhu
per cản tao không tao chửi thề,Anger,per cản tao không tao chửi thề
quả drama khi nàng say giấc là minh chứng rõ ràng nhất cho ví dụ trên =))),Other,quả drama khi nàng say giấc là minh chứng rõ_ràng nhất cho ví_dụ trên
tao hiểu rất rõ cảm giác của em ấy ....,Sadness,tao hiểu rất rõ cảm_giác của em ấy
"tình đến , rồi tình cũng điii 🙂🙂🙂",Sadness,tình đến rồi tình cũng đi icon_vui icon_vui icon_vui
gớm không tưởng,Disgust,gớm không_tưởng
"phục nhất ông cưa móng tay mà không cần đeo bao tay và đeo khẩu trang , gặp tao là tao ói ngay từ khi thấy bộ móng này rồi .",Disgust,phục nhất ông cưa móng tay mà không cần đeo bao_tay và đeo khẩu_trang gặp tao là tao ói ngay từ khi thấy bộ móng này rồi
cảnh này gặp cũng nhiều rồi . dọn thấy mẹ luôn mà vẫn không sạch được . tức ghê . ức chế lắm . 1 lần thì không sao mà cả chục lần như vậy,Anger,cảnh này gặp cũng nhiều rồi dọn thấy mẹ luôn mà vẫn không sạch được tức ghê ức_chế lắm 1 lần thì không sao mà cả chục lần như_vậy
vô nhân đạo thật :(,Disgust,vô nhân_đạo thật icon_buon
"ngày em đến anh mất ngủ suốt mấy đêm vì vui sướng , ngày em nói dừng lại nước mắt anh rơi trên đường chạy về nhà",Sadness,ngày em đến anh mất_ngủ suốt mấy đêm vì vui_sướng ngày em nói dừng lại nước_mắt anh rơi trên đường chạy về nhà
có gì đâu bé vậy mới cool đó anh thích 😉😉😉,Enjoyment,có gì đâu bé vậy mới cool đó anh thích icon_vui icon_vui icon_vui
tuổi thơ không có gì đặc biệt cho đến khi năm lớp 12 . nhớ cả cuộc đời cậu bạn ngồi cạnh,Other,tuổi_thơ không có gì đặc_biệt cho đến khi năm lớp 12 nhớ cả cuộc_đời cậu bạn ngồi cạnh
tính giải trí cao vãi 🤣🤣,Enjoyment,tính giải_trí cao vãi icon_vui icon_vui
cơm từ thiện không tốn tiền nên không biết quí trọng ý thức còn thấp quá,Disgust,cơm từ_thiện không tốn tiền nên không biết quí_trọng ý_thức còn thấp quá
"cảm ơn cha mẹ đã cho mình hình hài này , xin được khôn ngoan để đừng làm đau người khác",Enjoyment,cảm_ơn cha_mẹ đã cho mình hình_hài này xin được khôn_ngoan để đừng làm đau người khác
hóa ra là vậy à =)),Surprise,hóa ra là vậy à
"tao cũng nghĩ là vậy , chứ ở đó mà mừng rồi nuôi đẻ . bố mày không thích ăn sừng , phắng 🤣",Anger,tao cũng nghĩ là vậy chứ ở đó mà mừng rồi nuôi đẻ bố mày không thích ăn sừng phắng icon_vui
có quá nhiều lựa chọn trong một tháng,Other,có quá nhiều lựa_chọn trong một tháng
nguyễn thị hồng phấn cũng may tao không thấy cặp nao hêtd,Sadness,nguyễn thị hồng phấn cũng may tao không thấy cặp nao hêtd
nói thẳng mẹ nó là con kia gato cho xem :))),Other,nói_thẳng mẹ nó là con kia gato cho xem icon_vui
"đi qua hết rồi mới nhận ra cấp 3 là thời tươi đẹp nhất của mình . ở đó có bố mẹ luôn đồng hành , có tình yêu học trò , có nghịch ngợm trốn học ... là quãng thời gian hồn nhiên vui vẻ nhất .",Enjoyment,đi qua hết rồi mới nhận ra cấp 3 là thời tươi đẹp nhất của mình ở đó có bố_mẹ luôn đồng_hành có tình_yêu học_trò có nghịch_ngợm trốn học là quãng thời_gian hồn_nhiên vui_vẻ nhất
bếp củi 😂😂😂,Enjoyment,bếp củi icon_vui icon_vui icon_vui
:(( tội bé,Sadness,icon_buon tội bé
ăn cho mập thây để chết phải đặt hòm riêng chứ bắt trộm hay cướp thì làm được gì .,Disgust,ăn cho mập thây để chết phải đặt hòm riêng chứ bắt trộm hay cướp thì làm được gì
"đéo biết ong rừng thật không nhưng đổ mà bắt em dọn thế à , xách mông xuống dọn đi .",Anger,đéo biết ong rừng thật không nhưng đổ mà bắt em dọn thế à xách mông xuống dọn đi
tuổi trẻ tài cao mà :)))))))),Enjoyment,tuổi_trẻ tài cao mà icon_vui
quay lip miệng chửi liên tục còn đăng mạng cho mọi người biết ... hài .,Disgust,quay lip miệng chửi liên_tục còn đăng mạng cho mọi người biết hài
sg chưa mưa đâu,Other,sg chưa mưa đâu
per cho vợ đi cầu này để giảm cân nhá 🤣🤣,Enjoyment,per cho vợ đi_cầu này để giảm cân nhá icon_vui icon_vui
tôi đoán rằng ông này đã lấy vợ trước khi lên mặt trăng,Other,tôi đoán rằng ông này đã lấy vợ trước khi lên mặt_trăng
chả hiểu sao có phẫn nộ :))),Disgust,chả hiểu sao có phẫn_nộ icon_vui
"nhìn cảnh 2 bố con hôn từ biệt , em bé cũng rướn mặt theo hôn bố mà chảy nước mắt , em bé như thế chắc không biết diễn , đúng là cảnh đẹp quá",Sadness,nhìn cảnh 2 bố con hôn từ_biệt em bé cũng rướn mặt theo hôn bố mà chảy nước_mắt em bé như thế chắc không biết diễn đúng là cảnh đẹp quá
per học hỏi nhé kkk,Other,per học_hỏi nhé k
cái đoạn nướng cháy pizza để phốt công nhận là chuyên nghiệp thật :),Enjoyment,cái đoạn nướng cháy pizza để phốt công_nhận là chuyên_nghiệp thật icon_vui
mỗi lần chạy xe ngang kv bình chánh là cảm thấy sợ,Fear,mỗi lần chạy xe ngang kv bình_chánh là cảm_thấy sợ
"ở trên mái sảnh nhà tao cũng có một con nhện mẹ tao bảo tao giết nó ( hờ hờ ) , còn bố tao bảo "" mày cứ đi qua là nó rơi giữa đầu """,Fear,ở trên mái sảnh nhà tao cũng có một con nhện mẹ tao bảo tao giết nó hờ hờ còn bố tao bảo mày cứ đi qua là nó rơi giữa đầu
2 năm xa nhà rồi tao đéo được đi ????. năm sau nhất định đi,Other,2 năm xa nhà rồi tao đéo được đi năm sau nhất_định đi
có những ngày làm tới đâu là sai tới đó :)) muốn tát vào mặt hết sức,Sadness,có những ngày làm tới đâu là sai tới đó icon_vui muốn tát vào mặt hết_sức
"per nhớ ngày tháng cta bên nhau ghê , giờ thì chả còn gì",Sadness,per nhớ ngày_tháng cta bên nhau ghê giờ thì chả còn gì
thành phần nào cũng có :)) ăn hiếp con gái :)) thua cả súc sinh,Disgust,thành_phần_nào cũng có icon_vui ăn_hiếp con_gái icon_vui thua cả súc_sinh
lò vi sóng đó hjhj,Enjoyment,lò vi_sóng đó hjhj
đàn bà ở nhà thế kia không sợ ngoại tình à ? tao đang lo vợ tao đây này,Fear,đàn_bà ở nhà_thế kia không sợ ngoại_tình à tao đang lo vợ tao đây này
không nỡ bỏ đi mấy thứ linh tinh thời đi học,Other,không nỡ bỏ đi mấy thứ linh_tinh thời đi học
chưa cho ba mẹ được gì . vậy có quyền gì mà đòi phàn nàn về những thứ ba mẹ đã rành rụng bao nhiêu năm để lại cho mình,Sadness,chưa cho ba mẹ được gì vậy có quyền gì mà đòi phàn_nàn về những thứ ba mẹ đã rành rụng bao_nhiêu năm để lại cho mình
per đợt này tao đi học full . nên để mấy hnua rảnh tao alo nha 😂😂,Other,per đợt này tao đi học full nên để mấy hnua rảnh tao alo nha icon_vui icon_vui
"từ nhỏ tới lớn đi học toàn ngồi chung bàn với nam , toàn phải đương đầu chiến đấu với vạch phấn chia đôi bàn ghế . 🤣🤣",Enjoyment,từ nhỏ tới lớn đi học toàn ngồi chung bàn với nam toàn phải đương_đầu chiến_đấu với vạch phấn chia đôi bàn ghế icon_vui icon_vui
mày là con bé gái bố mày là con lợn nhé . khi con nào còn mở mồm bảo chỉ theo bạn bỏ zai thì bị ăn vả thế đấy =))),Disgust,mày là con bé gái bố mày là con lợn nhé khi con nào còn mở mồm bảo chỉ theo bạn bỏ zai thì bị ăn vả thế đấy
cái thứ súc vật,Disgust,cái thứ súc_vật
"đúng rồi , vàng là phải vàng mới có giá trị , vàng trắng làm gì có giá trị 😥",Sadness,đúng rồi vàng là phải vàng mới có giá_trị vàng_trắng làm gì có giá_trị icon_loso
thế mới làm nên nghiệp lớn chứ,Enjoyment,thế mới làm_nên nghiệp lớn chứ
ảo tưởng là đây 😞,Disgust,ảo_tưởng là đây icon_buon
đúng bài của người việt thường dùng rồi,Other,đúng bài của người việt thường dùng rồi
họ đã cho ta có mặt ở trên cột đời này rồi còn gì bằng nữa chứ,Enjoyment,họ đã cho ta có_mặt ở trên cột đời này rồi còn gì bằng nữa chứ
cả tết được có 400k :(,Sadness,cả tết được có 400k icon_buon
bắt được rồi cho bọn này đi chết đi để chúng nó sốn rồi làm hại người khác,Anger,bắt được rồi cho bọn này đi chết đi để chúng_nó sốn rồi làm hại người khác
rất tiếc cho 1 bài quyền,Sadness,rất tiếc cho 1 bài quyền
wao đáng yêuc vậy chời ơiiii,Surprise,wao đáng yêuc vậy chời ơi
có đéo gì mà kì thích thì đi . xin lỗi hơi thô 😊,Disgust,có đéo gì mà kì thích thì đi xin_lỗi hơi thô icon_vui
đề kháng của tao với mọi loại thính rồi cơ 😂,Enjoyment,đề_kháng của tao với mọi loại thính rồi cơ icon_vui
ý anh là đụ em xong có con rồi ct á hả :vậy,Disgust,ý anh là đụ em xong có con rồi ct á hả vậy
vậy là xử xong rồi đó hả ? nhanh dữ,Surprise,vậy là xử xong rồi đó hả nhanh dữ
tao cũng muốn học vẽ lắm :( cơ mà không có điều kiện để đi học,Sadness,tao cũng muốn học vẽ lắm icon_buon cơ_mà không có điều_kiện để đi học
má nhay :)),Disgust,má nhay icon_vui
hiền thì hiền thật đấy cơ mà quá ngưỡng nhịn thì bùng phát thôi 🙂,Other,hiền thì hiền thật đấy cơ_mà quá ngưỡng nhịn thì bùng_phát thôi icon_vui
bất hạnh qué gì . trung thu thì liên quan mẹ gì đến việc có gấu . tào lao,Disgust,bất_hạnh qué gì trung_thu thì liên_quan mẹ gì đến việc có gấu tào_lao
sao lại ga lăng z được ta,Surprise,sao lại ga_lăng gì được ta
per chịu khó đọc trong này cũng được phết,Other,per chịu_khó đọc trong này cũng được phết
đây là một câu chuyện buồn 🙁,Sadness,đây là một câu_chuyện buồn
"bọn tàu copy kịch bản phương tây , chắc bữa sau lại có mấy video make in việt nam như vậy và kịch bản tàu haha",Enjoyment,bọn tàu copy kịch_bản phương tây chắc bữa sau lại có mấy video make in việt_nam như_vậy và kịch_bản tàu haha
"giờ nghĩ lại mới thấy vui thế , đến nay bạn bè lập gia đình cả rồi :(((",Sadness,giờ nghĩ_lại mới thấy vui_thế đến nay bạn_bè lập gia_đình cả rồi icon_buon
"có thể trường học không trọng dụng bác ý nên bác ý không muốn về , ý kiến riêng em",Other,có_thể trường_học không trọng_dụng bác ý nên bác ý không muốn về ý_kiến riêng em
chuyên mục chọc chó cực mạnh à nhầm mèo kk,Enjoyment,chuyên_mục chọc chó cực mạnh à nhầm mèo kk
giọng mình thì như tát vào mặt người nghe,Disgust,giọng mình thì như tát vào mặt người nghe
per tạo hóa thật đáng sợ :))))),Fear,per tạo_hóa thật đáng sợ icon_vui
hôm nay bạn đi làm . tiền đâu mà mua 😌,Sadness,hôm_nay bạn đi làm tiền đâu mà mua
"không được uống đã đành , ngồi dọn sấp mặt luôn , như con cáo và chùm nho xanh per",Sadness,không được uống đã_đành ngồi dọn sấp_mặt luôn như con cáo và chùm nho xanh per
sai còn không biết sửa còn thích giận lại . cút hộ,Anger,sai còn không biết sửa còn thích giận lại cút hộ
"đau lòng vãi . cứ tưởng là đùa . ai ngờ , bồ nhau thiệt . ơ . tớ có sừng không",Sadness,đau_lòng vãi cứ tưởng là đùa ai_ngờ bồ nhau thiệt ơ tớ có sừng không
vừa thấy thương vừa buồn cười vãi :))))))),Enjoyment,vừa thấy thương vừa buồn_cười vãi icon_vui
sở khanh như boss chịu liền .. đẹp trai quá trời ui,Enjoyment,sở khanh như boss chịu liền đẹp_trai quá trời ui
chính những người như thế họ rất cẩn trọng khi bật xi nhan đấy,Fear,chính những người như thế họ rất cẩn_trọng khi bật xi_nhan đấy
video này là để động viên mấy đứa chán đời và cuộc sống này rất nhạt ahihi,Disgust,video này là để động_viên mấy đứa chán đời và cuộc_sống này rất nhạt ahihi
chiều mưa hứa tự sẽ tự đi mua đôi giầy mới 😂,Enjoyment,chiều mưa hứa tự sẽ tự đi mua đôi giầy mới icon_vui
"cái khó ló cái khôn , yên tâm",Other,cái khó ló cái khôn yên_tâm
à thì ra là vậy,Surprise,à thì ra là vậy
ng anh em thiện lành đã rời việt nam . sayy goodbye 🌸,Other,người anh_em thiện lành đã rời việt_nam sayy goodbye
cần lắm những sẻ chia . cần lắm những thấu hiểu,Sadness,cần lắm những sẻ chia cần lắm những thấu_hiểu
người ta chỉ hỏi hàng tháng bạn kiếm được bao nhiêu tiền chứ không hỏi công việc của bạn có làm cho bạn mệt nhiều không,Other,người_ta chỉ hỏi hàng tháng bạn kiếm được bao_nhiêu tiền chứ không hỏi công_việc của bạn có làm cho bạn mệt nhiều không
khi em nói 2 chữ muốn dừng là nước mắt không bao giờ ngưng . . . đau,Sadness,khi em nói 2 chữ muốn dừng là nước_mắt không bao_giờ ngưng đau
ngưỡng mộ anh chị,Enjoyment,ngưỡng_mộ anh_chị
t còn được nghỉ 1 tuần :)))),Enjoyment,tao còn được nghỉ 1 tuần icon_vui
t cười đấy . thế tao thả haha nhé . mà dume đấy là cháu tao . thế bây giờ không có icon vừa khóc vừa cười à :]],Enjoyment,tao cười đấy thế tao thả haha nhé mà dume đấy là cháu tao thế bây_giờ không có icon vừa khóc vừa cười à
"lúc trước tao đi thực tập cũng có làm bên dọn phòng được 1 tháng . đm kinh khủng lắm tụi bay , rác xả thì đéo nói nha , bcs vứt ngay trên giường :) dume sao chơi xong đéo nhét vào mồm ăn mẹ đi cho rồi",Disgust,lúc trước tao đi thực_tập cũng có làm bên dọn phòng được 1 tháng chửi_thề kinh_khủng lắm tụi bay rác xả thì đéo nói nha bcs vứt ngay trên giường icon_vui dume sao chơi xong đéo nhét vào mồm ăn mẹ đi cho rồi
tao coi xong tao khóc .,Sadness,tao coi xong tao khóc
thà chia tay rồi ghét hận nhau còn hơn là đang lúc dang dở thì mất nhau 🙂,Sadness,thà chia_tay rồi ghét hận nhau còn hơn là đang lúc dang_dở thì mất nhau icon_vui
xem mà rơi nói chuyện mắt khi ăn luôn 😭😭😢,Sadness,xem mà rơi nói_chuyện mắt khi ăn luôn icon_buon icon_buon icon_buon
đồng nai mùa chim nướng yên xe kaka,Enjoyment,đồng nai mùa chim nướng yên xe kaka
con nhà người ta kbh làm bố mẹ mình thất vọng 😪,Other,con nhà người_ta kbh làm bố_mẹ mình thất_vọng
ờ công nhận đáng sợ vãi 😭,Fear,ờ công_nhận đáng sợ vãi icon_buon
khiếp quá đi tụi con ơi,Fear,khiếp quá đi tụi con ơi
có ai thấy tội ông cụ như tao không 😭,Sadness,có ai thấy tội ông cụ như tao không icon_buon
tao thề từ giờ đến cuối năm mà tao không lấy được vợ thì tao quyết định sag năm lấy 😊,Enjoyment,tao thề từ giờ đến cuối năm mà tao không lấy được vợ thì tao quyết_định sag năm lấy icon_vui
"per chị mày đánh lộn từ đầu làng đến cuối xóm thì cần chi bọn con trai , nhưng nhìn bọn nó dễ thương hén",Enjoyment,per chị mày đánh_lộn từ đầu làng đến cuối xóm thì cần chi bọn con_trai nhưng nhìn bọn nó dễ_thương hén
có thể cấp phép những phim bạo lực . kinh dị nước ngoài . nhưng động phim nhà có chút bạo lực và máu me là cấm vì không đúng thuần phong mỹ tục,Disgust,có_thể cấp phép những phim bạo_lực kinh_dị nước_ngoài nhưng động phim nhà có chút bạo_lực và máu_me là cấm vì không đúng thuần_phong mỹ_tục
hãm lol thật sự 😒,Anger,hãm lol thật_sự icon_chankhet
giống y bố tao 🤣 ngoa khủng khiếp nhưng mà nhà tao vui vãi_chưởng 🤣🤣. điểm danh nhà bố học giỏi văn nào 🤦🏻‍♀️,Enjoyment,giống y bố tao icon_vui ngoa khủng_khiếp nhưng mà nhà tao vui vãi_chưởng icon_vui icon_vui điểm_danh nhà bố học giỏi văn nào
anh nói vậy với em lần nửa đi 🙃,Other,anh nói vậy với em lần nửa đi
không hiểu sao xem đi xem lại bao nhiêu lần vẫn khóc được,Sadness,không hiểu sao xem đi xem_lại bao_nhiêu lần vẫn khóc được
ad hỏi thế này thì có khác gì giữa thịt lợn và thịt chó ăn món nào ? ad hỏi thế này là hơi coi thường chị em đó 🤨,Anger,ad hỏi thế này thì có khác gì giữa thịt lợn và thịt chó ăn món nào ad hỏi thế này là hơi coi_thường chị_em đó
cục súc thiệt :)))),Disgust,cục_súc thiệt icon_vui
đợi chắc sang kiếp sau luôn quá 😂,Other,đợi chắc sang kiếp sau luôn quá icon_vui
lấy ống hút mỗi đứa cắm xuống mà hút thôi :)),Enjoyment,lấy ống hút mỗi đứa cắm xuống mà hút thôi icon_vui
có ý định nhai hết hộp kẹo điểm danh đi 😌😌,Other,có ý_định nhai hết hộp kẹo điểm_danh đi
nam thần tự do,Other,nam thần tự_do
chúng ta mất 3s để nói yêu nhau vài 30p để phịch nhau phải không nào,Enjoyment,chúng_ta mất 3s để nói yêu nhau vài 30p để phịch nhau phải không nào
ông thầy cục súc vãi lol,Disgust,ông thầy cục_súc vãi lol
vâng em gặp anh rồi mà giờ đây em vẫn cô đơn đi lang thang tìm những thứ vô nghĩa lấp vào nỗi cô đơn ấy,Sadness,vâng em gặp anh rồi mà giờ_đây em vẫn cô_đơn đi lang_thang tìm những thứ vô_nghĩa lấp vào nỗi cô_đơn ấy
câu chuyện y ́ nghi ̃ anh qua ́,Enjoyment,câu_chuyện y ́ nghi ̃ anh qua ́
ngày xưa mìh cũng thế . dume thấy mấy ông đứng đầu đường nhòm nhòm cũng phải lượn qua cái :)),Enjoyment,ngày_xưa mìh cũng thế dume thấy mấy ông đứng đầu đường nhòm nhòm cũng phải lượn qua cái icon_vui
đúng là vàng trắng .. nhưng mà trắng tay :(((,Sadness,đúng là vàng_trắng nhưng mà trắng_tay icon_buon
"m ngon m giết tao luôn đi , má mày",Anger,mày ngon mày giết tao luôn đi má mày
lâu quá rồi mới nghe lại bài này . từ lúc ctay mối tình đầu :((,Sadness,lâu quá rồi mới nghe lại bài này từ lúc ctay mối tình đầu icon_buon
khổ tâm ghê =)),Sadness,khổ_tâm ghê
những điều đơn giản nhưng thật hạnh phúc 😘,Enjoyment,những điều đơn_giản nhưng thật hạnh_phúc icon_vui
cũng muốn đi xem lắm 😭,Sadness,cũng muốn đi xem lắm icon_buon
"kết hôn xong , anh thuê người giết cô để lấy tiền bảo hiểm 😌",Other,kết_hôn xong anh thuê người giết cô để lấy tiền bảo_hiểm_
gia đình ổn tình yêu không có thì cần gì động lực ... kaka,Enjoyment,gia_đình ổn tình_yêu không có thì cần gì động_lực kaka
anh tây này đáng yêu chết được cứ tiếng tuy hoà phú yên ma học đi nhá ☺️☺️,Enjoyment,anh tây này đáng yêu chết được cứ tiếng tuy hoà phú yên ma học đi nhá
con mèo cục xúc nhất năm :3,Disgust,con mèo cục xúc nhất năm 3
xem phim cười gần chết . mà thích cái bạn ma nữ hơn là na bong,Enjoyment,xem phim cười gần chết mà thích cái bạn ma nữ hơn là na bong
đằng này họ nghĩ tao muốn giết người rồi chửi tao bị thần kinh rồi cho trôi qua mọi chuyện,Sadness,đằng này họ nghĩ tao muốn giết người rồi chửi tao bị thần_kinh rồi cho trôi qua mọi chuyện
chờ mãi đéo thấy làm gì chán,Anger,chờ mãi đéo thấy làm gì chán
ngồi cười như dại =))),Enjoyment,ngồi cười như dại
"chó đẻ , khốn nạn vậy mà cũng đi rao giảng đạo đức , đi dạy người khác 😭😭😭😭",Anger,chó_đẻ khốn_nạn vậy_mà cũng đi rao_giảng đạo_đức đi dạy người khác icon_buon icon_buon icon_buon icon_buon
đm nhậu say gặp cái cầu lol này chắc tao nằm xuống mẹ cho rồi per,Fear,chửi_thề nhậu say gặp cái cầu lol này chắc tao nằm_xuống mẹ cho rồi per
"nắng nóng bỏ moẹ , dội chút cho mát thôi mà",Other,nắng_nóng bỏ moẹ dội chút cho mát thôi mà
phải biết thiên thời địa lợi nhân hòa 😐😐,Other,phải biết thiên_thời địa_lợi nhân hòa
per mẹ copy đây làm bố tưởng nay mày hiểu đời văn chương hơn,Disgust,per mẹ copy đây làm bố tưởng nay mày hiểu đời văn_chương hơn
thân thiện thôi mà cứ ảo tưởng được thích à ? :>>,Disgust,thân_thiện thôi mà cứ ảo_tưởng được thích à
bọn chưa tiến hoá hết này ... cặn bã,Disgust,bọn chưa tiến_hoá hết này cặn_bã
per mày này . nhưng mà lúc già sắp chết 😕,Sadness,per mày này nhưng mà lúc già sắp chết
vl :)) còn đút tay túi áo ??,Surprise,rất icon_vui còn đút tay túi áo
"thôi không níu giữ kí ức xa vời , và chẳng bao giờ thuộc về nơi em",Sadness,thôi không níu giữ kí_ức xa_vời và chẳng bao_giờ thuộc về nơi em
chúng mày bị điên à 😒,Disgust,chúng_mày bị điên à icon_chankhet
"có người cả đời ăn không hết lại có người thiếu ăn , thiếu mặc nhìn chán đời vãi",Sadness,có người cả đời ăn không hết lại có người thiếu ăn thiếu mặc nhìn chán đời vãi
đố ai định nghĩa được tình yêu . có khó gì đâu một buổi chiều . kề dao vào cổ yêu không hả . gật đầu lia lịa thế là yêu 🤣🤣🤣🤣🤣🤣,Enjoyment,đố ai định_nghĩa được tình_yêu có khó gì đâu một buổi chiều kề dao vào cổ yêu không hả gật đầu lia_lịa thế_là yêu icon_vui icon_vui icon_vui icon_vui icon_vui icon_vui
page bị hack rồi . video hay nhất mình từg xem,Enjoyment,page bị hack rồi video hay nhất mình từg xem
"mưa rồi , chỗ tao đang mưa",Other,mưa rồi chỗ tao đang mưa
per mày cũng có tình yêu từ nơi đây phải không ?,Other,per mày cũng có tình_yêu từ nơi đây phải không
nhìn kinh 😌,Disgust,nhìn kinh
nhìn lại nhớ một thời oanh liệt nay còn đâu 😴 đề bao năm vẫn như vậy . vẫn thích nhất là câu 4 hình học 😊,Enjoyment,nhìn lại nhớ một thời oanh_liệt nay còn đâu đề bao năm vẫn như_vậy vẫn thích nhất là câu 4 hình_học icon_vui
"mà hiệu quả bất ngờ quá , quá đỉnh .",Enjoyment,mà hiệu_quả bất_ngờ quá quá đỉnh
ủa rồi ra nắm xe tải kéo ra như kéo xe đồ chơi dị ba,Other,ủa rồi ra nắm xe_tải kéo ra như kéo xe đồ_chơi dị ba
từ bé đến giờ mình chưa bao giờ xếp được 1 cái rubic nào thế mà cu nhóc kia xếp xong trong vài giây ! xấu hổ quá,Sadness,từ bé đến giờ mình chưa bao_giờ xếp được 1 cái rubic nào thế_mà cu nhóc kia xếp xong trong vài giây xấu_hổ quá
quá kinh ngạc phá được mọi loại khóa luôn 😑😑😑,Surprise,quá kinh_ngạc phá được mọi loại khóa luôn
phòng gym nơi những thằng gay yêu nhau và thông đít nhau :v,Disgust,phòng gym nơi những thằng gay yêu nhau và thông đít nhau v
mười mấy năm nữa tao cũng sẽ đạt kỉ lục thôi 😂😂😂,Enjoyment,mười mấy năm nữa tao cũng sẽ đạt kỉ_lục thôi icon_vui icon_vui icon_vui
anh thích em rồi đấy 😂,Enjoyment,anh thích em rồi đấy icon_vui
thay đổi cái đau đầu luôn,Other,thay_đổi cái đau_đầu luôn
cũng chả biết tại sao luôn ...,Other,cũng chả biết tại_sao luôn
có cả chiêu của per trong đấu trường thú nè :))),Enjoyment,có cả chiêu của per trong đấu_trường thú nè icon_vui
đi chơi mẹ tao cũng không tha cho tao :) chửi tao làm mất buổi vui luôn á,Sadness,đi chơi mẹ tao cũng không tha cho tao icon_vui chửi tao làm mất buổi vui luôn á
nhớ lúc trước tao cũng có học quyền và múa tứ linh đao bay thẳng vào trán . :),Sadness,nhớ lúc trước tao cũng có_học quyền và múa tứ_linh đao bay thẳng vào trán icon_vui
per đúng là hồi tđ vẫn một rổ cười mỗi ngày ha =)))),Enjoyment,per đúng là hồi tđ vẫn một rổ cười mỗi ngày ha
số tiền ấy làm phước cho bao nhiêu người . đúng la dư thừa,Disgust,số tiền ấy làm_phước cho bao_nhiêu người đúng la dư_thừa
có đồng nghiệp đáng yêuc thì sếp có khó tánh mình vẫn cảm thấy vui rất nhiều . nhớ những ngày tháng đéo thèm tăng ca đi ăn bất chấp,Enjoyment,có đồng_nghiệp đáng yêuc thì sếp có khó tánh mình vẫn cảm_thấy vui rất nhiều nhớ những ngày_tháng đéo thèm tăng ca đi ăn bất_chấp
thế thì nó lại tốt quá,Enjoyment,thế_thì nó lại tốt quá
má tao coi mà chóng mặt ... cầu này rồi dành cho chân ngắn như tao chắc,Other,má tao coi mà chóng_mặt cầu này rồi dành cho chân ngắn như tao chắc
mặt dày lại ôm cứng ngắt cho chị . 😆,Enjoyment,mặt_dày lại ôm cứng ngắt cho chị icon_vui
per bếp lò xo huyền thoại của ngoại hay nấu nè,Enjoyment,per bếp lò_xo huyền_thoại của ngoại hay nấu nè
muốn được đi một lần 😆😆😆,Enjoyment,muốn được đi một lần icon_vui icon_vui icon_vui
bo ̣ n na ̀ y cho đi tu ̀ hê ́ tao,Anger,bo ̣ n na ̀ y cho đi_tu ̀ hê ́ tao
thì ra nó là như này à,Surprise,thì ra nó là như này à
đang họp nhớ gì không nhớ nhớ cái bếp,Other,đang họp nhớ gì không nhớ nhớ cái bếp
hay cực,Enjoyment,hay cực
dume tao vừa mất 2 phút nhãm nhất cuộc đời tao 😒😒😒,Anger,dume tao vừa mất 2 phút nhãm nhất cuộc_đời tao icon_chankhet icon_chankhet icon_chankhet
per hãy gặp nhau nói bằng mồm từ tỏ tình đến chia tay để không bị cap gửi cho hội chị em =)))))))),Disgust,per hãy gặp nhau nói bằng mồm từ tỏ_tình đến chia_tay để không bị cap gửi cho hội chị_em
có sáng tạo :)),Enjoyment,có sáng_tạo icon_vui
khi bạn sai mà không muốn đền thì cách tốt nhất nên dọa đối thủ thật mạnh vào @@,Other,khi bạn sai mà không muốn đền thì cách tốt nhất nên dọa đối_thủ thật mạnh vào
"tao thì đéo phân biệt đâu là gà đâu là vịt , đâu là nhãn đâu là vải . ????????",Other,tao thì đéo phân_biệt đâu là gà đâu là vịt đâu là nhãn đâu là vải
mắt 2 mí dễ thương quá,Enjoyment,mắt 2 mí dễ_thương quá
s mà nằm viện mà chị đẹp quá vậy,Surprise,sao mà nằm viện mà chị đẹp quá_vậy
huhu đéo muốn đi học đâu,Sadness,huhu đéo muốn đi học đâu
thực ra chủ nó cũng bẩn vãi :) vầy quá kinh dị rồi :),Fear,thực_ra chủ nó cũng bẩn vãi icon_vui vầy quá kinh_dị rồi icon_vui
hiểu lầm chút chút,Other,hiểu lầm chút chút
lại thanh niên quay phim khúc cuối ra hỏi chị ơi chị có sao không,Other,lại thanh_niên quay_phim khúc cuối ra hỏi chị ơi chị có sao không
hay à ngheng,Enjoyment,hay à ngheng
ngày ấy chỉ vì quá ngu ngơ mà để lạc mất .,Sadness,ngày ấy chỉ vì quá ngu_ngơ mà để lạc mất
"giỏi mà 😁, đúng là thằng tây duy nhất ở vn học tiếng việt mà giọng tuy hoà ( giỏi )🤩",Enjoyment,giỏi mà icon_vui đúng là thằng tây duy_nhất ở vn học tiếng việt mà giọng tuy hoà giỏi
t thua cả đứa con nít nữa ám ảnh vãi,Sadness,tao thua cả đứa con_nít nữa ám_ảnh vãi
eo hiểu người ta đỗ lòng đường vỉa hè thì rộng . chỉ lên nhắc người ta đỗ lùi xuống không ngã 3 thôi chứ đường của các bà đâu . có thế cũng đưa lên . ko ai bênh cái này đâu . ích kỉ nó vừa thôi,Anger,eo hiểu người_ta đỗ lòng_đường vỉa_hè thì rộng chỉ lên nhắc người_ta đỗ lùi xuống không ngã 3 thôi chứ đường của các bà đâu có thế cũng đưa lên không ai bênh cái này đâu ích_kỉ nó vừa thôi
per bảo này mày không được đi chơi đêm nhé,Other,per bảo này mày không được đi chơi đêm nhé
chủ như này lại chăm làm vãi =)),Enjoyment,chủ như này lại chăm làm vãi
"ngày đéo nào cũng đòi người yêu , sinh nhật bác hồ hay quốc khánh cũng đéo thấy tha 😕",Anger,ngày đéo nào cũng đòi người_yêu sinh_nhật bác hồ hay quốc_khánh cũng đéo thấy tha
móe . con nhện . cười đau cả ruột .,Enjoyment,móe con nhện cười đau cả ruột
coi mà hồi hộp vãi 😂😂😂... nghỉ tới khúc nó nhảy trượt rớt xún chắc bó chửi banh nóc ... v,Enjoyment,coi mà hồi_hộp vãi icon_vui icon_vui icon_vui nghỉ tới khúc nó nhảy trượt rớt xún chắc bó chửi banh nóc v
trai đẹp nó yêu nhâu hết rồi các chế ơi ... tranh thủ quơ được thằng nào quơ đi không thì hết đó kkkk,Enjoyment,trai đẹp nó yêu nhâu hết rồi các chế ơi tranh_thủ quơ được thằng nào quơ đi không thì hết đó k
dễ thương hết sức ??,Enjoyment,dễ_thương hết_sức
ô ông này vẫn còn làm video à :v,Surprise,ô ông này vẫn còn làm video à v
bố mẹ cho ta đx tồn tại trên cuộc đời này biết nhận thức thì tự đi lên từ đôi tay của mình nhé 😘,Enjoyment,bố_mẹ cho ta đx tồn_tại trên cuộc_đời này biết nhận_thức thì tự đi lên từ đôi tay của mình nhé icon_vui
anh chơi ác quá,Disgust,anh chơi ác quá
phần còn lại là nỗi nhớ và những lần thở dài :((,Sadness,phần còn lại là nỗi nhớ và những lần thở_dài icon_buon
chắc tao đấm chết mẹ nó quá 😠😠,Anger,chắc tao đấm chết mẹ nó quá icon_tucgian icon_tucgian
per mình đi xem phim này nha em ơi,Enjoyment,per mình đi xem phim này nha em ơi
từ ngày ra trường là chưa về,Other,từ ngày ra trường là chưa về
"mọe , chúng mày có thôi đi không ? :)",Anger,mọe chúng_mày có thôi đi không icon_vui
bố khỉ chó chứ kphai người -.-,Disgust,bố khỉ chó chứ kphai người
1 lũ hèn bỏ mẹ mấy đứa nó cũng thế,Disgust,1 lũ hèn bỏ_mẹ mấy đứa nó cũng thế
per thay vì đọc chuyện ma thì mày có thể coi hết video này :)),Other,per thay_vì đọc chuyện ma thì mày có_thể coi hết video này icon_vui
cay vãi lồn,Anger,cay vãi lồn
per wow 😂 cảnh bắt nhện kịch tính vãi,Surprise,per wow icon_vui cảnh bắt nhện kịch_tính vãi
per đáng sợ quá,Fear,per đáng sợ quá
"per lắp đi , chứ tốn tiền điện thoại lắm",Other,per lắp đi chứ tốn tiền điện_thoại lắm
viện nào nhìn đẹp thế,Surprise,viện nào nhìn đẹp_thế
định share cho mấy bạn trong list fr thêm động lực mà đọc bình luận xong đến tao còn thấy tụt mood 😌,Disgust,định share cho mấy bạn trong list fr thêm động_lực mà đọc bình_luận xong đến tao còn thấy tụt mood
làm nghề không có tâm 🙂,Disgust,làm nghề không có tâm icon_vui
"xong vài tháng sau thằng bạn chung lớp chửi mình chảnh , bố đời .",Disgust,xong vài tháng sau thằng bạn chung lớp chửi mình chảnh bố đời
việt nam học tây chỗ này đây trách gì giờ toàn cô trò rủ nhau vào nhà nghỉ,Disgust,việt nam học tây chỗ này đây trách gì giờ toàn cô trò rủ nhau vào nhà_nghỉ
giọng nghe hay quá,Surprise,giọng nghe hay quá
có tiền mua cả cây nhỉ,Surprise,có tiền mua cả cây nhỉ
những người nhập cho các chau ăn thịt bẩn đó họ có còn là con người nũa không ? vì tiền mà họ để lương tao bị cho cắm mất rồi . lũ khốn nạn,Anger,những người nhập cho các chau ăn thịt bẩn đó họ có còn là con_người nũa không vì tiền mà họ để lương tao bị cho cắm mất rồi lũ khốn_nạn
trước gầy giả gái xinh . giờ béo lên ông mặc cái váy như tra tấn cái váy .,Disgust,trước gầy giả gái xinh giờ béo lên ông mặc cái váy như tra_tấn cái váy
nghe lại mà nhớ những ngày tháng say đắm trong nỗi cô đơn,Sadness,nghe lại mà nhớ những ngày_tháng say_đắm trong nỗi cô_đơn
đáng yêu thế bà đẹp gê,Enjoyment,đáng yêu thế bà đẹp gê
nhìn đẹp quá đi mất,Enjoyment,nhìn đẹp quá đi mất
nhói lòng lớp tôi,Sadness,nhói lòng lớp tôi
khổ thân em nó . ??,Sadness,khổ_thân em nó
"sau khi kết hôn , anh sẽ thuê người giết cô để hưởng trọn tiền bảo hiểm 😌",Fear,sau khi kết_hôn anh sẽ thuê người giết cô để hưởng trọn tiền bảo_hiểm_
giá mà thằng lái xe ngồi trong xe oto trông xe thì tốt biết mấy !,Other,giá mà thằng lái_xe ngồi trong xe oto trông xe thì tốt biết_mấy
dẻo phết ... nhưng mà cái gì dẻo quá cũng không tốt ...😄,Other,dẻo phết nhưng mà cái gì dẻo quá cũng không tốt
"năm nào bố tao cũng đi , năm nào cũng về kể là đông quá cả tiếng mới nhích được 10m mà năm sau vẫn cứ đúng ngày bố tao lại đi vậy đó =))",Enjoyment,năm nào bố tao cũng đi năm nào cũng về kể là đông quá cả tiếng mới nhích được 10m mà năm sau vẫn cứ đúng ngày bố tao lại đi vậy đó
per câu chuyện này thú vị nhỉ ?,Enjoyment,per câu_chuyện này thú_vị nhỉ
"nó dựng lên nó quay đấy , nghe giọng thằng quay như giọng 2 con bede hôm bữa đánh nhau ở quán nước",Disgust,nó dựng lên nó quay đấy nghe giọng thằng quay như giọng 2 con bede hôm bữa đánh nhau ở quán nước
cưng hết phần thiên hạ,Enjoyment,cưng hết phần thiên_hạ
cười vui vãi,Enjoyment,cười vui vãi
có mà ngược lại ... thời thế thay đổi rồi,Other,có mà ngược_lại thời_thế thay_đổi rồi
tài sản thời bao cấp ...,Other,tài_sản thời bao_cấp
tưởng tượng như vừa lắp não thì lại rớt ... đại loại như vậy đó 🤣🤣🤣,Other,tưởng_tượng như vừa lắp não thì lại rớt đại_loại như vậy đó icon_vui icon_vui icon_vui
hay lắm chàng trai trẻ,Enjoyment,hay lắm chàng trai_trẻ
nhưng những người làm trong các ngành này không mấy ai có nhiều nhà to và nhiều đất đai,Other,nhưng những người_làm trong các ngành này không mấy ai có nhiều nhà to và nhiều đất_đai
ăn gì khôn thế,Surprise,ăn gì khôn_thế
tiên sư bố mày vỡ màn hình tao rồu,Anger,tiên_sư bố mày vỡ màn_hình tao rồu
áo xinh thế .. cho tớ mượn đi tiệc nhé !,Enjoyment,áo xinh thế cho tớ mượn đi tiệc nhé
per hả dạ ghê mày !,Enjoyment,per hả_dạ ghê mày
mày làm tao buồn đó per ??,Sadness,mày làm tao buồn đó per
ai cho xin bài nhạc helo đi :)),Other,ai cho xin bài nhạc helo đi icon_vui
giá như nơi nào cũng có 1 đội như vậy thì những người đi khuya xe hư đỡ khổ biết bao . thật là hành động đáng chia sẻ,Enjoyment,giá_như nơi nào cũng có 1 đội như_vậy thì những người đi khuya xe hư đỡ khổ biết_bao thật là hành_động đáng chia_sẻ
chuẩn bị kiểm tra hình huhu :((,Sadness,chuẩn_bị kiểm_tra hình huhu icon_buon
em vẫn nhớ cái bếp này kkk,Enjoyment,em vẫn nhớ cái bếp này k
bọn này phải cho nó thưởng thức dống như nó đã làm với cây bao nhiêu cây thì bấy nhiêu mũi,Anger,bọn này phải cho nó thưởng_thức dống như nó đã làm với cây bao_nhiêu cây thì bấy_nhiêu mũi
7 năm rồi . nhanh quá,Surprise,7 năm rồi nhanh quá
rụng tim 😭,Sadness,rụng tim icon_buon
admin đăng mà không nghi nguồn ở đâu ra đúng là ăn cắp bản quyền,Disgust,admin đăng mà không nghi nguồn ở đâu ra đúng là ăn_cắp bản_quyền
"nhìn là biết cái quả này fa lâu lắm rồi này , cũng may chưa đóng 🕸🕸🕸😂",Disgust,nhìn là biết cái quả này fa lâu lắm rồi này cũng may chưa đóng icon_vui
chưa chi đã để thua từ hình ảnh này . thua,Disgust,chưa chi đã để thua từ hình_ảnh này thua
một cái vẫy tay đầy luyến tiếc từ cuộc họp tới đất nước việt nam,Sadness,một cái vẫy tay đầy luyến_tiếc từ cuộc họp tới đất_nước việt_nam
cũng đừng nghĩ là những người ân cần nhẹ nhàng với mày là tốt . xã hội bây giờ không tin bố con thằng nào được,Other,cũng đừng nghĩ là những người ân_cần nhẹ_nhàng với mày là tốt xã_hội bây_giờ không tin bố con thằng nào được
mỉa mai cực mạnh =)),Enjoyment,mỉa_mai cực mạnh
chưa bao giờ bắn trúng 😬,Sadness,chưa bao_giờ bắn trúng
trừ chết ra thì mọi chuyện đều có thể giải quyết 💪,Other,trừ chết ra thì mọi chuyện đều có_thể giải_quyết
🙂 thanh xuân của em đã từng có khoảng time tươi đẹp,Enjoyment,icon_vui thanh_xuân của em đã từng có khoảng time tươi đẹp
"đánh bố mày như này xem , bố túm được 1 con bố xiên chết cụ mày",Anger,đánh bố mày như này xem bố túm được 1 con bố xiên chết cụ mày
mai tao cũng đi ship mới được . có bài này áp dụng luôn .,Enjoyment,mai tao cũng đi ship mới được có bài này áp_dụng luôn
vũ khí sinh học này mạnh thật !,Surprise,vũ_khí sinh_học này mạnh thật
"chồng biết không , hihi",Enjoyment,chồng biết không hihi
per vợ thích bếp ga mini hay loại bếp ga đôi nào 😂😂😂😂,Other,per vợ thích bếp ga mini hay loại bếp ga đôi nào icon_vui icon_vui icon_vui icon_vui
giả sử mà bị thằng nào bỏ túi cả lọ nó có chửi không nhỉ,Other,giả_sử mà bị thằng nào bỏ_túi cả lọ nó có chửi không nhỉ
"mỗi lần mẹ tao sai tao nhóm lửa , chắc tao nhóm hết 40 tờ giấy , và 1 tiếng sau mớii có lửa 😌",Other,mỗi lần mẹ tao sai tao nhóm lửa chắc tao nhóm hết 40 tờ giấy và 1 tiếng sau mớii có lửa
giờ mới biết =)),Enjoyment,giờ mới biết
per hôm nay tới lượt đứa nào nấu cơm,Other,per hôm_nay tới lượt đứa nào nấu cơm
dm kiện cho đi tù chết mẹ đi,Anger,dm kiện cho đi tù chết mẹ đi
mặt con ngáo còn hiền hơn con đứng trên cây cột,Disgust,mặt con ngáo còn hiền hơn con đứng trên cây cột
chả bù cho con ml này . đợi mãi không thấy nó về . hy vọng em không bị bọn xấu bắt lên dĩa là tốt rồi :(,Sadness,chả_bù cho con ml này đợi mãi không thấy nó về hy_vọng em không bị bọn xấu bắt lên dĩa là tốt rồi icon_buon
ng ta cuối cùng thì cũng được còn tôi thì never 😞,Sadness,người_ta cuối_cùng thì cũng được còn tôi thì never icon_buon
dễ thương vãi =))),Enjoyment,dễ_thương vãi
cô chủ nhiệm óc chó quá,Disgust,cô chủ_nhiệm óc chó quá
mấy thằng vô học,Disgust,mấy thằng vô_học
chuột nhìn thấy mèo sợ là đúng rồi =)),Enjoyment,chuột nhìn thấy mèo sợ là đúng rồi
hè về chỉ thích ăn cái này .,Enjoyment,hè về chỉ thích ăn cái này
per trời đựu cầu hôn nó phải thế . đã đẹp trai còn có não,Enjoyment,per trời đựu cầu_hôn nó phải thế đã đẹp_trai còn có não
qua câu chuyện vừa bịa ra tôi hi vọng các bạn sẽ có cái nhìn thoáng hơn về csgt việt nam 😂😂,Enjoyment,qua câu_chuyện vừa bịa ra tôi hi_vọng các bạn sẽ có cái nhìn thoáng hơn về csgt việt nam icon_vui icon_vui
chúng mày ngồi canh đó cho tao . có con muỗi nào hó hé là ăn liền ??,Other,chúng_mày ngồi canh đó cho tao có con muỗi nào hó_hé là ăn_liền
"thứ yêu nghiệt , nhỏ g vẫn sợ nó nhất sau mấy con lắm chân t . t",Fear,thứ yêu nghiệt nhỏ g vẫn sợ nó nhất sau mấy con lắm chân tao tao
quá ý nghĩa . mình trẻ mà chắc gì làm được vậy,Sadness,quá ý_nghĩa mình trẻ mà chắc gì làm được vậy
"thôi , bớt bớt đi không có ngày lại thiệt thân , nguyên 1 cái vỉa hè rộng thênh thang còn lắm chuyện , lúc nó đánh cho lại bảo bạo lực với nữ",Disgust,thôi bớt bớt đi không có ngày lại thiệt_thân nguyên 1 cái vỉa_hè rộng thênh_thang còn lắm_chuyện lúc nó đánh cho lại bảo bạo_lực với nữ
trời ơi . dễ thương quá luôn ❤️❤️,Enjoyment,trời_ơi dễ_thương quá luôn
cho hỏi cây cầu này ở đâu vậy ... ai biết chỉ dùm tôi cảm ơn ! 😂,Other,cho hỏi cây cầu này ở đâu_vậy ai biết chỉ dùm tôi cảm_ơn icon_vui
đcm ngôn tình vãiiii,Enjoyment,chửi_thề_ngôn tình vãi
rồi đất nước mình sẽ đi về đâu .:'(,Sadness,rồi đất_nước mình sẽ đi về đâu
thời buổi này là thằng con trai trước hết phải có khả năng kinh tế phải nuôi được bố mẹ rồi hãy tính đến chuyện kết hôn,Other,thời_buổi này là thằng con_trai trước_hết phải có khả_năng kinh_tế phải nuôi được bố_mẹ rồi hãy tính đến chuyện kết_hôn
"chịu hay không không quan trọng , quan trọng là không có ai lấy",Sadness,chịu hay không không quan_trọng quan_trọng là không có ai lấy
"có hay không là ở nơi ta , đời không thú vị nhưng ta lại thấy thú vị khi được sống ở đời",Other,có hay không là ở nơi ta đời không thú_vị nhưng ta lại thấy thú_vị khi được sống ở đời
ngoài những bài chia tay vì lí do vớ vẩn ra thì neu cũng có những bài đăng đọc rồi còn nhớ mãi .,Sadness,ngoài những bài chia_tay vì lí_do vớ_vẩn ra thì neu cũng có những bài đăng đọc rồi còn nhớ mãi
dm . nó xấu cả tính lẫn nết bố đẻ . nó còn không chịu . được thằng nào bốc nó đi cái,Disgust,dm nó xấu cả tính lẫn nết bố đẻ nó còn không chịu được thằng nào bốc nó đi cái
không thuộc kịch bản chuẩn mẹ rồi,Other,không thuộc kịch_bản chuẩn mẹ rồi
khi đời quá mệt mỏi . đi tìm 1 chút drama,Other,khi đời quá mệt_mỏi đi tìm 1 chút drama
chỉ là nóng quá tắm cho mát thôi mà,Other,chỉ là nóng quá tắm cho mát thôi mà
cho em xin tên facebook của c trong video để khi buồn em có thứ mua vui ạ . cám ơn mọi người,Enjoyment,cho em xin tên facebook của c trong video để khi buồn em có thứ mua_vui ạ cám_ơn mọi người
per bị chữi thì ráng nghe mà vui đi nghe . cứ như nghe hát miễn phí 🤣🤣 còn bị chữi là còn hạnh phúc . nguoi ngoài ngọt ngào nhưng chắc gì đã thật lòng đâu,Enjoyment,per bị chữi thì ráng nghe mà vui đi nghe cứ như nghe hát miễn_phí icon_vui icon_vui còn bị chữi là còn hạnh_phúc nguoi ngoài ngọt_ngào nhưng chắc gì đã thật lòng đâu
trời ơi ai nuôi chó mà để nó tội thế kia . đéo có trách nhiệm,Disgust,trời ơi ai nuôi chó mà để nó tội thế kia đéo có trách_nhiệm
"yêu nhau lắm cắn nhau đau , tao thấy dòng chảy tiền kiếp của 2 đứa mày là vậy",Disgust,yêu nhau lắm cắn nhau đau tao thấy dòng_chảy tiền_kiếp của 2 đứa mày là vậy
"mày đấy , đừng làm tao đau đầu thêm",Disgust,mày đấy đừng làm tao đau_đầu thêm
thật không thể tin được,Surprise,thật không_thể tin được
có đứa nào vừa xem vừa sờ tai mình không ? sợ vãi :<<<,Fear,có đứa nào vừa xem vừa sờ tai mình không sợ vãi icon_buon
truyện thật đây này . đang đi bình thường qua đoạn cầu giấy anh csgt thổi lại “ gạt chân chống lên em . anh nhắc nhỉ thôi . đi đi “ 😂 hú hồn,Enjoyment,truyện thật đây này đang đi bình_thường qua đoạn cầu giấy anh csgt thổi lại gạt chân chống lên em anh nhắc nhỉ thôi đi đi icon_vui hú_hồn
nhìn như nó muốn dẫn nhỏ đó đi đâu ấy,Other,nhìn như nó muốn dẫn nhỏ đó đi đâu ấy
ổng đang chán ai tán yêuc luôn 😂😂,Enjoyment,ổng đang chán ai tán yêuc luôn icon_vui icon_vui
camry nhập thường cán bộ . mà cán bộ anh em hiểu rồi,Disgust,camry nhập thường cán_bộ mà cán_bộ anh_em hiểu rồi
"các chuỵ của iemm hoang sury lưu cẩm ly vui quá cơ , ghét nhau lắm có yêu thương gì đâu 😆😁😁😁",Enjoyment,các chuỵ của iemm hoang sury lưu cẩm_ly vui quá cơ ghét nhau lắm có yêu_thương gì đâu icon_vui icon_vui icon_vui icon_vui
"cưng vậy trời , anh cho em xin ảnh nha ạ",Enjoyment,cưng_vậy trời anh cho em xin ảnh nha ạ
"bà này đéo gặp mình nhỉ , đọ luôn",Other,bà này đéo gặp mình nhỉ đọ luôn
"tao nghĩ chắc do kiếp trước mình tu chưa thành tâm nên kiếp này cuộc đời tao như 1 trò đùa , tạo hóa ghẻ lạnh . chán đời :)))))",Sadness,tao nghĩ chắc do kiếp trước mình tu chưa thành_tâm nên kiếp này cuộc_đời tao như 1 trò_đùa tạo_hóa ghẻ_lạnh chán đời icon_vui
biết đâu nó không thích bạn mà chỉ tiếp cận bạn vì đã lỡ yêu thằng bạn thân của bạn,Disgust,biết_đâu nó không thích bạn mà chỉ tiếp_cận bạn vì đã lỡ yêu thằng bạn thân của bạn
thông minh :v,Enjoyment,thông_minh v
bọn này không phải là người . cho đi tù hết . chỉ sợ nó có tiền nó bịt miệng thôi,Anger,bọn này không phải là người cho đi tù hết chỉ sợ nó có tiền nó bịt miệng thôi
"ôi đời vẫn là chịu không nỗi đời mà , chán",Sadness,ôi đời vẫn là chịu không nỗi đời mà chán
là crush ông nào thì chạy ra bế vào nhà dễ dàng có người yêu :),Enjoyment,là crush ông nào thì chạy ra bế vào nhà dễ_dàng có người_yêu icon_vui
per thế lol nào lần nào đến fucklong uống cũng gặp ex - đồng nghiệp đứng cửa chào tụt mút đéo muốn uống nữa :),Anger,per thế lol nào lần nào đến fucklong uống cũng gặp ex đồng_nghiệp đứng cửa chào tụt mút đéo muốn uống nữa icon_vui
"nên nhớ chẳng có cơn giận nào chẳng bùng nỗ , chỉ là nó đang bị nén lại .",Other,nên nhớ chẳng có cơn giận nào chẳng bùng nỗ chỉ là nó đang bị nén lại
"bạn này không biết cách dọn phòng rồi , phải áp dụng hóa học vào đây nhé , mút sẽ bị tan chảy khi tẩm xăng vào , cho nên bạn cần phải đổ xăng vào mút , việc tiếp theo là ta cần 1 ngọn lửa",Disgust,bạn này không biết cách dọn phòng rồi phải áp_dụng hóa học vào đây nhé mút sẽ bị tan chảy khi tẩm xăng vào cho nên bạn cần phải đổ xăng vào mút việc tiếp_theo là ta cần 1 ngọn lửa
người yêu tao bỏ tao rồi :(,Sadness,người_yêu tao bỏ tao rồi icon_buon
giờ còn lo học sánh vai với cường quốc 5 châu ai lại đi cưới chồng bây giờ :)))),Enjoyment,giờ còn lo học sánh_vai với cường_quốc 5 châu ai lại đi cưới chồng bây_giờ icon_vui
đâu phải ai muốn thích tao cũng được đâu,Enjoyment,đâu phải ai muốn thích tao cũng được đâu
hạnh phúc thật :)),Enjoyment,hạnh_phúc thật icon_vui
bọn này lại muốn nổi rồi !,Other,bọn này lại muốn nổi rồi
ờ thì 1 con ngựa ăn cả tàu bỏ cỏ vì con ngựa nó ăn hết cỏ rồi 😂😂😂,Other,ờ thì 1 con ngựa ăn cả tàu bỏ cỏ vì con ngựa nó ăn hết cỏ rồi icon_vui icon_vui icon_vui
nó hiền thôi chứ nó hung lại đấm cho không trượt phát lào . 🤣,Other,nó hiền thôi chứ nó hung lại đấm cho không trượt phát lào icon_vui
ủa chuyển biến bất ngờ vậy,Surprise,ủa chuyển_biến bất_ngờ_vậy
"quỳ rồi chết ông chết bà chúng mày à ? tao hồi xưa đi học còn ăn cây như cơm bữa , véo tai mỗi ngày ? dume học thì ngu phá thì giỏi bắt quỳ là nhẹ rồi ở đó mà gáy con cặc",Anger,quỳ rồi chết ông chết bà chúng_mày à tao hồi xưa đi học còn ăn cây như cơm_bữa véo tai mỗi ngày dume học thì ngu phá thì giỏi bắt quỳ là nhẹ rồi ở đó mà gáy con cặc
dume đáng yêu vãi để tao vào chăm mày,Other,dume đáng yêu vãi để tao vào chăm mày
nghe tiếng ăn tợp tợp ám ảnh quá,Disgust,nghe tiếng ăn tợp tợp ám_ảnh quá
thử im lặng xem như nào,Other,thử im_lặng xem như nào
thôi mình nói đùa đấy :(,Sadness,thôi mình nói đùa đấy icon_buon
ít bị trầm cảm với vui vẻ đâu không thấu chứ ế sấp mặt vì không giống gái là có à,Disgust,ít bị trầm_cảm với vui_vẻ đâu không thấu chứ ế sấp_mặt vì không giống gái là có à
bạn này yêu bố nhiều lắm mới vui vì bị bố mắng . chứ ai đời bị la mắng mà kể lại cho người khác nghe mà vui đến thế,Enjoyment,bạn này yêu bố nhiều lắm mới vui vì bị bố mắng chứ ai_đời bị la mắng mà kể lại cho người khác nghe mà vui đến thế
"hôm bữa 2 bình siro dâu thấy tiếc , nay bình mật ong còn tiếc hơn",Sadness,hôm bữa 2 bình siro dâu thấy tiếc nay bình mật_ong còn tiếc hơn
không làm gì cũng thành fan cứng là sao ?,Surprise,không làm gì cũng thành fan cứng là sao
đoạn nộp bài kiểm tra mới tức cười ông thầy :)),Enjoyment,đoạn nộp bài kiểm_tra mới tức_cười ông thầy icon_vui
"má , 1 ngày tao ho 3 4 lần . tao có nên dừng ho lại không mày",Other,má 1 ngày tao ho 3 4 lần tao có nên dừng ho lại không mày
có ai xem xong không sợ với không giật mình như tao không @@,Enjoyment,có ai xem xong không sợ với không giật_mình như tao không
per wow,Surprise,per wow
anh ơi đấm nó một cái cho em nhé sống mất dậy đéo tả được,Disgust,anh ơi đấm nó một cái cho em nhé sống mất dậy đéo tả được
gần có tiền để mua,Other,gần có tiền để mua
dễ thở hơn so với đề văn sáng nay 😂😂😂,Enjoyment,dễ_thở hơn so với đề văn sáng nay icon_vui icon_vui icon_vui
tao đã làm theo video này và kết quả là .... thôi cán bộ kêu tao quét dọn rồi quét xong tao kể tiếp,Other,tao đã làm theo video này và kết_quả là thôi cán_bộ kêu tao quét_dọn rồi quét xong tao kể tiếp
""" tụi mình tuy không yêu nhau hai lần , nhưng nếu có cơ hội ... anh chắc chắn vẫn tặng em đoá hồng đẹp nhất """,Enjoyment,tụi mình tuy không yêu nhau hai lần nhưng nếu có cơ_hội anh chắc_chắn vẫn tặng em đoá hồng đẹp nhất
ko phải để xé giấy ak ?,Surprise,không phải để xé giấy à
chúc mừng,Enjoyment,chúc_mừng
1 thời gắn bó với nó . nhớ lại ngày xưa cực khổ,Sadness,1 thời gắn_bó với nó nhớ lại ngày_xưa cực_khổ
xem ra giá cả và chất lượng mà không oke thì không ổn ...,Other,xem_ra giá_cả và chất_lượng mà không oke thì không ổn
ước gì ba còn sống để làm điều đó với má . nhớ ba ❤️,Sadness,ước gì ba còn sống để làm điều đó với má nhớ ba
có chuyện gì thê bố . bố đừng làm con sợ :((,Fear,có chuyện gì thê bố bố đừng làm con sợ icon_buon
lêu lêu mày :)) đồ con chó không có mẹ ẳm :)),Disgust,lêu lêu mày icon_vui đồ con chó không có mẹ ẳm icon_vui
đang tìm ra 1 điểm sai nào đó nhưng có lẽ không có :),Other,đang tìm ra 1 điểm sai nào đó nhưng có_lẽ không có icon_vui
bộ phim đáng xem đó mấy man,Enjoyment,bộ phim đáng xem đó mấy man
per quan trọng là phải có hội nói sấu sếp :v,Other,per quan_trọng là phải có hội nói sấu sếp v
bà nuốt quả chuối tao cười tao ẻ,Enjoyment,bà nuốt quả chuối tao cười tao ẻ
😭😭😭 sinh lão bệnh tử hẹn gặp kiếp sau,Sadness,icon_buon icon_buon icon_buon sinh lão bệnh tử hẹn gặp kiếp sau
tao đa khóc khi xem phim này 😭😭😭😭😭,Sadness,tao đa khóc khi xem phim này icon_buon icon_buon icon_buon icon_buon icon_buon
"con mong bác dù nghèo nhưng sống luôn luôn vv , chúc bác 1 đời bình an",Enjoyment,con mong bác dù nghèo nhưng sống luôn_luôn vv chúc bác 1 đời bình_an
thương nhau còn chả hết dỗi nhau làm chi 😂,Enjoyment,thương nhau còn chả hết dỗi nhau làm_chi icon_vui
đéo bao giờ luôn :),Disgust,đéo bao_giờ luôn icon_vui
"câu này lên "" nhanh như chớp "" được nờ 🤣",Enjoyment,câu này lên nhanh như chớp được nờ icon_vui
ý thức của thằng lái xe đấy kém quá cho lên nó phải chả giá bằng tiền mặt thôi . không có gì phải chách ai cả .,Disgust,ý_thức của thằng lái_xe đấy kém quá cho lên nó phải chả giá bằng tiền_mặt thôi không có gì phải chách ai cả
yêu quá đi mất . tuổi thơ của mình toàn nện mấy thằng con trai . trong lớp mình toàn làm xếp nên chẳng được giúp đỡ,Sadness,yêu quá đi mất tuổi_thơ của mình toàn nện mấy thằng con_trai trong lớp mình toàn làm xếp nên chẳng được giúp_đỡ
ngứa mắt lắm à nhen,Anger,ngứa_mắt lắm à nhen
phìm này rất rất hay đôi với ai sống hướng nội !,Enjoyment,phìm này rất rất hay đôi với ai sống hướng_nội
e vừa bị điện cao thế giật hôm 17 chạp . bh nhìn cái ông này mà sợ .,Fear,e vừa bị điện cao_thế giật hôm 17 chạp bây_giờ nhìn cái ông này mà sợ
đây là kiểu tự tay bóp dái nè,Other,đây là kiểu tự tay bóp dái nè
tận cùng của tan vỡ ah có biết là gì không ?,Sadness,tận_cùng của tan_vỡ à có biết là gì không
gặp tao thì tao khinh,Disgust,gặp tao thì tao khinh
"năm ngoái lấy ghế ra ngồi rồi , năm nay lấy xe chạy ra đường để nhìn cho rõ",Other,năm_ngoái lấy ghế ra ngồi rồi năm nay lấy xe chạy ra đường để nhìn cho rõ
quan trọng vẫn là cái phải đẹp trai . rồi mới sau đó nữa ... lạ gì các bà,Other,quan_trọng vẫn là cái phải đẹp_trai rồi mới sau đó nữa lạ gì các bà
"per hay đó bro , trừ điểm bro chưa bao ăn :)) - 10",Sadness,per hay đó bro trừ điểm bro chưa bao ăn icon_vui 10
mất trật tự thôi có cần phải z không bắt đứng là được rồi cùng lắm là mời phụ huynh vô nói trao đổi có cần phải bắt quỳ trước lớp z không như z khác nào chà đạp lòng tự trọng của nó .,Anger,mất trật_tự thôi có cần phải gì không bắt đứng là được rồi cùng lắm là mời phụ_huynh vô nói trao_đổi có cần phải bắt quỳ trước lớp gì không như gì khác_nào chà_đạp lòng tự_trọng của nó
moá hồi hợp chờ main thắng ai dè thua bởi cái mông huhu,Sadness,moá hồi hợp chờ main thắng ai dè thua bởi cái mông huhu
mình hiền mà lúc cáu là chỉ im lặng không nói gì thì là sao ta 🤔,Other,mình hiền mà lúc cáu là chỉ im_lặng không nói gì thì là sao ta
toàn để báo nó giật tít không thèm đọc cả bài rồi giãy nảy lên như đỉa phải vôi,Disgust,toàn để báo nó giật tít không thèm đọc cả bài rồi giãy_nảy lên như đỉa phải vôi
buồn vì mình không giúp được gì cho ai . nhìn những người khác khổ hơn mình mà thấy thương họ,Sadness,buồn vì mình không giúp được gì cho ai nhìn những người khác khổ hơn mình mà thấy thương họ
per muốn nói gì phải ngó trước ngó sau không chi mất đầu như chơi 😂😂,Other,per muốn nói gì phải ngó trước ngó sau không chi mất đầu như_chơi icon_vui icon_vui
"câu chốt .... "" chuyện cổ tích per "".... thôi tao quỳ ...",Disgust,câu chốt chuyện cổ_tích per thôi tao quỳ
"chán đời các thanh niên , dơ nhục chứ hay ho đéo gì",Disgust,chán đời các thanh_niên dơ nhục chứ hay_ho đéo gì
"nhìn 1 hồi thấy quen quen , ai ngờ đúng thật :)))))))",Surprise,nhìn 1 hồi thấy quen quen ai_ngờ đúng thật icon_vui
"những chuyện trọng đại trong đời ... ta cứ nghe lời vợ khuyên , và làm ngược lại ắt thành công ????",Enjoyment,những chuyện trọng_đại trong đời ta cứ nghe lời vợ khuyên và làm ngược_lại ắt thành_công
lại cho lên chơi với các cụ 😌😌😌,Other,lại cho lên chơi với các cụ
không muốn yêu ai cả,Fear,không muốn yêu ai cả
bộ cuối nhìn đau lòng thật :(,Sadness,bộ cuối nhìn đau_lòng thật icon_buon
động lực của phan con gái,Enjoyment,động_lực của phan con_gái
đẹp không,Other,đẹp không
ý nghĩa và đáng suy ngẫm thật,Enjoyment,ý_nghĩa và đáng suy_ngẫm thật
chó đã biết chê cứt,Disgust,chó đã biết chê cứt
sợ vãi linh hồn 😞,Fear,sợ vãi linh_hồn icon_buon
đi đâu cũng ngó ngang ngó dọc để được nhìn thấy crush 😂 ngóng nó đến mức cổ dài ra hẳn mấy cái 😂,Enjoyment,đi đâu cũng ngó ngang ngó dọc để được nhìn thấy crush icon_vui ngóng nó đến mức cổ dài ra hẳn mấy cái icon_vui
đúng vậy dù có mệt mà đồng nghiệp nhiệt tình vui vẻ là cùng muốn đi hoài,Enjoyment,đúng vậy dù có mệt mà đồng_nghiệp nhiệt_tình vui_vẻ là cùng muốn đi hoài
cái ông aamir khan đóng phim nao cũng hay và ý nghia het,Enjoyment,cái ông aamir khan đóng phim nao cũng hay và ý nghia het
rồi chưng ngắn như tao sao nhảy qua 😿,Sadness,rồi chưng ngắn như tao sao nhảy qua icon_buon
"rốt cục sao chúng nó mò về tận nhà bạn nhỉ , kinh vãi",Disgust,rốt cục sao chúng_nó mò về tận nhà bạn nhỉ kinh vãi
vỉa hè rộng thênh thang mà nhỉ,Other,vỉa_hè rộng thênh_thang mà nhỉ
bếp dầu ngày xưa thật ý nghĩa,Enjoyment,bếp dầu ngày_xưa thật ý_nghĩa
lâu rất lâu mới gặp được lần rồi liết mắt nhìn cái :)))) chưa thấy nó cười,Sadness,lâu rất lâu mới gặp được lần rồi liết mắt nhìn cái icon_vui chưa thấy nó cười
giận lại là cách giải quyết nhanh nhất . để khẳng định là mình luôn đúng 😃,Enjoyment,giận lại là cách giải_quyết nhanh nhất để khẳng_định là mình luôn đúng
nhìn ghét nhỉ :)),Disgust,nhìn ghét nhỉ icon_vui
tao chả nhớ ngày tháng năm sinh của mẹ tao và ngược lại :((,Sadness,tao chả nhớ ngày_tháng năm sinh của mẹ tao và ngược_lại icon_buon
em ấy còn cười được chứng tỏ em rất mạnh mẽ,Enjoyment,em ấy còn cười được chứng_tỏ em rất mạnh_mẽ
lấy rơm nấu cơm và cái kết,Other,lấy rơm nấu cơm và cái kết
có án rồi đừng làm trò . anh hùng rồi lại quay lại trại đấy :))),Disgust,có án rồi đừng làm_trò anh_hùng rồi lại quay lại trại đấy icon_vui
hư hỏg cả thế hệ,Disgust,hư hỏg cả thế_hệ
cảm ơn . anh .,Enjoyment,cảm_ơn anh
mất tiền khôn cũng đáng mà .,Enjoyment,mất tiền khôn cũng đáng mà
"thương vãi , yêu vãi 😍😍😍 tao cũng thèm có em",Enjoyment,thương vãi yêu vãi icon_vui icon_vui icon_vui tao cũng thèm có em
per nơi tình yêu bắt đầu kìa bao nhiêu,Other,per nơi tình_yêu bắt_đầu kìa bao_nhiêu
đúng cát bà rồiii ~,Enjoyment,đúng cát bà rồi
"có ai nhìn thấy giun đang bò trong ảnh không , sợ vãi",Fear,có ai nhìn thấy giun đang bò trong ảnh không sợ vãi
tao đau lòng quá,Sadness,tao đau_lòng quá
ồ ra thế . tớ sẽ lưu ý :)) mong sẽ có cơ hội sờ nó . nhìn như cục bông í uwu,Surprise,ồ ra thế tớ sẽ lưu_ý icon_vui mong sẽ có cơ_hội sờ nó nhìn như cục bông í uwu
xem giải trí thật,Enjoyment,xem giải_trí thật
giờ mới hiểu tại sao lúc đầu nhà hàng không cho đặt chỗ ..... má nó li hôn 3 lần rồi lần nào cũng phải giảm giá 30 % nó ly hôn thêm vài lần nữa chắc sập bà nó tiệm,Enjoyment,giờ mới hiểu tại_sao lúc đầu nhà_hàng không cho đặt chỗ má nó li_hôn 3 lần rồi lần nào cũng phải giảm_giá 30 nó ly_hôn thêm vài lần nữa chắc sập bà nó tiệm
đã ngu lại con tỏ ra nguy hiểm .,Disgust,đã ngu lại con tỏ ra nguy_hiểm
giống tao . nhưng cô ấy có hiểu đâu,Sadness,giống tao nhưng cô ấy có hiểu đâu
uất quá anh ấy cũng phản ứng cãi lại . hì hì đáng yêu quá,Enjoyment,uất quá anh ấy cũng phản_ứng cãi lại hì hì đáng yêu quá
nhà tao có nhưng nó rỉ sét hết rồi :((,Sadness,nhà tao có nhưng nó rỉ sét hết rồi icon_buon
người mất dậy thật thì không bao giờ cảm thấy mình mất dậy . và người mất dạy thì cứ địt mẹ người khác và nói người khác là người mất dạy . tôi nhầm hành tinh chuẩn mẹ rồi .,Anger,người mất dậy thật thì không bao_giờ cảm_thấy mình mất dậy và người mất_dạy thì cứ địt_mẹ người khác và nói người khác là người mất_dạy tôi nhầm hành_tinh chuẩn mẹ rồi
hồi bé bị ghiền mùi này :)))),Enjoyment,hồi bé bị ghiền mùi này icon_vui
lạy ông nào nghĩ ra kịch này !!!,Enjoyment,lạy ông nào nghĩ ra kịch này
thấy tội nó ghê ????,Sadness,thấy tội nó ghê
"thiệt là cao minh , hahaaa",Enjoyment,thiệt là cao minh haha
tao chơi với con trai nhiều nên tao mất lòng tin vào con trai rồi,Other,tao chơi với con_trai nhiều nên tao mất_lòng tin vào con_trai rồi
tốt nhất là phải sử phạt thật nặng thì các trường hợp như vậy mới không tiếp tục xảy ra,Other,tốt nhất là phải sử phạt thật nặng thì các trường_hợp như_vậy mới không tiếp_tục xảy ra
dĩa bay . trả lại để tôi về,Other,dĩa bay trả lại để tôi về
"per cố gắng lên nha anh , mọi điều tốt đep đang chờ anh 💓💓",Enjoyment,per cố_gắng lên nha anh mọi điều tốt đep đang chờ anh
per 2 ly trà sữa bạn làm rơi mà chưa thấy bồi thường lại mình 😞,Sadness,per 2 ly trà sữa bạn làm rơi mà chưa thấy bồi_thường lại mình icon_buon
ỏ đáng yêu =))),Enjoyment,ỏ đáng yêu
hết hồn . sợ quá nhỉ . nhạt !,Disgust,hết_hồn sợ quá nhỉ nhạt
chắc phát khóc mất 😭,Sadness,chắc phát khóc mất icon_buon
những người thương tôi không phải buồn vì tôi mà là tự hào vì tôi,Enjoyment,những người_thương tôi không phải buồn vì tôi mà là tự_hào vì tôi
"10 triệu có lẻ quá ít so với số tiền mà bọn nầy được thê để phá hoại cả một nền chăn nuôi gia súc nói riêng , cả một nền kinh tế nói chung ,,,,",Disgust,10 triệu có lẻ quá ít so với số tiền mà bọn nầy được thê để phá_hoại cả một nền chăn_nuôi gia_súc nói_riêng cả một nền kinh_tế nói_chung
cười ỉa thánh nào làm video này,Enjoyment,cười ỉa thánh nào làm video này
bài này quen quen,Other,bài này quen quen
rất nguy hiểm,Fear,rất nguy_hiểm
nhìn quả mặt của nó thì tao công nhận thất tình thật đáng thương ?,Sadness,nhìn quả mặt của nó thì tao công_nhận thất_tình thật đáng thương
tội quá . thương em,Sadness,tội quá thương em
mập mà xinh nó sẽ khác mập và xấu - _ -,Disgust,mập mà xinh nó sẽ khác mập và xấu _
đồng nghiệp là ai kệ mẹ nó quan trọng lương bao nhiêu,Other,đồng_nghiệp là ai kệ mẹ nó quan_trọng lương bao_nhiêu
mỗi mùa trung thu đến nhìn người ta mua bánh tặng nhau mình lại thấy chạnh lòng ! 😞,Sadness,mỗi mùa trung_thu đến nhìn người_ta mua bánh tặng nhau mình lại thấy chạnh_lòng icon_buon
khác xưa thật mà,Other,khác xưa thật mà
khá quá nhể :))),Enjoyment,khá quá nhể icon_vui
"t thề mỗi lần dọn phòng sn này thì banh kem , pháo kim tuyến . đủ các thứ . khóc mà bụt nó đéo lên",Sadness,tao thề mỗi lần dọn phòng sn này thì banh kem pháo kim_tuyến đủ các thứ khóc mà bụt nó đéo lên
toàn tặng đồ gây sát thương thế kia khả năng bị phản damage là rất cao,Fear,toàn tặng đồ gây sát_thương thế kia khả_năng bị phản_damage là rất cao
"bỏ qua mấy dòg chữ , nhìn khuôn mặt con bé không thể nhịn cười per :))",Enjoyment,bỏ_qua mấy dòg chữ nhìn khuôn_mặt con bé không_thể nhịn cười per icon_vui
"bọn này đóng điện cho nó đi luôn , giữ làm gì cho chật đất",Anger,bọn này đóng điện cho nó đi luôn giữ làm gì cho chật đất
tui còn chưa biết sì phố là gì . ổng biết luôn á trời,Surprise,tui còn chưa biết sì phố là gì ổng biết luôn á trời
hàng cổ rồi anh ơi,Other,hàng cổ rồi anh ơi
a cũng ở trong đây à,Surprise,a cũng ở trong đây à
đổi cả cuộc đời giống người tàn tật để được cái video này .,Disgust,đổi cả cuộc_đời giống người tàn_tật để được cái video này
yêu quá hóa điên 🤣,Enjoyment,yêu quá_hóa điên icon_vui
"per tao đã khuyên mày rồi mà không nghe , làm màu chi mà tặng hộp quà cho bự để người ta dọn cực khổ đến nỗi đăng lên mxh kìa 😩",Disgust,per tao đã khuyên mày rồi mà không nghe làm màu chi mà tặng hộp quà cho bự để người_ta dọn cực_khổ đến_nỗi đăng lên mxh kìa
"chọn thằng nào không quan trọng , vì đằng nào cũng không có thằng nào nó thích em đâu mà ảo tưởng =))",Disgust,chọn thằng nào không quan_trọng vì đằng nào cũng không có thằng nào nó thích em đâu mà ảo_tưởng
buổi tối vui vẻ và ấm áp nhé đại kỷ nguyên ! tương tác cho hằng khỏi trôi bài nhé !,Enjoyment,buổi tối vui_vẻ và ấm_áp nhé đại kỷ_nguyên tương_tác cho hằng khỏi trôi bài nhé
tụi nhỏ dễ thương quá,Enjoyment,tụi nhỏ dễ_thương quá
vậy mình xin chúc đk n năm tới không còn cô đơn nữa nha kkkkklk,Enjoyment,vậy mình xin chúc được n năm tới không còn cô_đơn nữa nha_klk
toàn mấy con bán hàng online đăng để cau view thôi phạt nặng vào,Disgust,toàn mấy con bán hàng online đăng để cau view thôi phạt nặng vào
ngày hôm ấy tuyệt đẹp nhưng lại đượm một nỗi buồn ngày mai thôi chg được gặp thầy cô bb lũ chúng tôi khép cánh cửa ấy lại nhìn lại toàn bộ khung cảnh ôi thân thương biết mấy cảnh vật quen thuộc sẽ không được trông thấy nữa,Sadness,ngày hôm ấy tuyệt đẹp nhưng lại đượm một nỗi buồn ngày_mai thôi chg được gặp thầy cô bb lũ chúng_tôi khép cánh cửa ấy lại nhìn lại toàn_bộ khung_cảnh ôi thân_thương biết_mấy cảnh_vật quen_thuộc sẽ không được trông thấy nữa
nhỏ mà mất nết,Disgust,nhỏ mà mất_nết
200 triệu này lấy từ nguồn ngân sách nào để bồi thường ? hay cứ lấy từ từng đồng tiền thuế của người dân để sửa sai lầm cho 1 cá nhân hay một đơn vị tư pháp ?,Disgust,200 triệu này lấy từ nguồn ngân_sách nào để bồi_thường hay cứ lấy từ từng đồng_tiền thuế của người dân để sửa_sai_lầm cho 1 cá_nhân hay một đơn_vị tư_pháp
thằng này bị điên chuẩn mẹ rồi,Disgust,thằng này bị điên chuẩn mẹ rồi
đúng là nói thì dễ hành động không bao giờ làm được ))),Sadness,đúng là nói thì dễ hành_động không bao_giờ làm được
nhà nước pháp luật việt nam lên tiếng hộ em nó cái,Other,nhà_nước pháp_luật việt nam lên_tiếng hộ em nó cái
theo tao thì mày nên chọn thằg nhiều tiền . đến năm cuối thì mày quay lại chọn với thằg nhiều tiền học bổg . m hỏi vậy là mày được lựa chọn mà . đấy là cách tốt nhất cho người hám tiền như mày,Other,theo tao thì mày nên chọn thằg nhiều tiền đến năm cuối thì mày quay lại chọn với thằg nhiều tiền học bổg mày hỏi vậy là mày được lựa_chọn mà đấy là cách tốt nhất cho người hám tiền như mày
nghe nói 2020 hơn 4tr đàn ông sẽ ế vợ . mình chỉ việc chờ thêm 1 năm nữa thôi là đăng tin tuyển chồng 😂😂,Enjoyment,nghe nói 2020 hơn 4tr đàn_ông sẽ ế vợ mình chỉ việc chờ thêm 1 năm nữa thôi là đăng tin tuyển chồng icon_vui icon_vui
đại học vui lắm cậu :)) weeee,Enjoyment,đại_học vui lắm cậu icon_vui we
"chú em còn non quá , kêu thu ngân đánh thêm phần phụ thu dọn vệ sinh 200k , không đưa thì kêu bảo vệ không cho lấy xe , đó quy định hầu hết các quán karaok , trường hợp phụ thu là mang đồ ăn ngoài vào , ói trong phòng , và đỗ bia nước ngọt , xả rát kiểu như trong video",Disgust,chú em còn non quá kêu thu_ngân đánh thêm phần_phụ_thu_dọn vệ_sinh 200k không đưa thì kêu bảo_vệ không cho lấy xe đó quy_định hầu_hết các quán karaok trường_hợp phụ_thu là mang đồ ăn ngoài vào ói trong phòng và đỗ bia nước_ngọt xả rát kiểu như trong video
k cần biết nội dung ... nhìn mặt con bé thoy muốn cưới về cho con trai mình ngay rồi 😂😂,Enjoyment,không cần biết nội_dung nhìn mặt con bé thoy muốn cưới về cho con_trai mình ngay rồi icon_vui icon_vui
ngày bé nấu hoài không chín . tức rủ mấy đứa ra đốt cả đống rơm nhà hàng xóm,Enjoyment,ngày bé nấu hoài không chín tức rủ mấy đứa ra đốt cả đống rơm nhà hàng_xóm
"crush đi nhậu rồi say , rồi bị thịt ... hic hic",Sadness,crush đi nhậu rồi say rồi bị_thịt hic hic
"trong tất cả các con , con mèo là mất dạy nhất …",Disgust,trong tất_cả các con con mèo là mất_dạy nhất
"cây hoa sữa thì nói cây hoa sữa đi , tình yêu tình báo gì ra ngửi mùi chắc mất mẹ tình yêu luôn",Disgust,cây hoa sữa thì nói cây hoa sữa đi tình_yêu tình_báo gì ra ngửi mùi chắc mất mẹ tình_yêu luôn
thương thương con =)) yêu ghê cơ ý cái mẹt hờn dỗi,Enjoyment,thương thương con yêu ghê cơ ý cái mẹt hờn_dỗi
"cái thế giới loạn hết rồi , loạn thật rồi , trả tao cái đĩa bay",Disgust,cái thế_giới loạn hết rồi loạn thật rồi trả tao cái đĩa_bay
quê ở huyện kế bên mà chưa 1 lần đi =)))),Enjoyment,quê ở huyện kế bên mà chưa 1 lần đi
hãy cười thật tươi để cho cuộc sống của bạn trở nên thật tuyệt vời 😁,Enjoyment,hãy cười thật tươi để cho cuộc_sống của bạn trở_nên thật tuyệt_vời icon_vui
tuyển ngay về làm nghiên cứu viên cao cấp cho các hãng khóa :d,Enjoyment,tuyển ngay về làm nghiên_cứu_viên cao_cấp cho các hãng khóa d
"tao cứ nhìn xong nghĩ , tay nào cầm bút là tay phải ,",Other,tao cứ nhìn xong nghĩ tay nào cầm bút là tay phải
"nó sẽ ra cái ốp , lo gì thiếu đồ chơi",Other,nó sẽ ra cái ốp lo gì thiếu đồ_chơi
"ờ đúng rồi , có thể chỉ là đang lợi dụng mày viết content free xong thích là sửa thôi hihi",Disgust,ờ đúng rồi có_thể chỉ là đang lợi_dụng mày viết content free xong thích là sửa thôi hihi
con bé cưng gì đâu . vk ơi anh muốn có cục bảo bối như vậy per,Enjoyment,con bé cưng gì đâu vk ơi anh muốn có cục bảo_bối như vậy per
cưng quá trời luôn,Enjoyment,cưng quá trời luôn
a triệu mua quả báo thì quá rẻ mạt 😞 tiếc là luật có vậy 😏,Disgust,a triệu mua quả_báo thì quá rẻ_mạt icon_buon tiếc là luật có vậy
cực kì bản lĩnh lẫn liều lĩnh,Enjoyment,cực_kì bản_lĩnh lẫn liều_lĩnh
aeon tâm lý thế :)) mày . n vào mua que kem tránh nóng,Enjoyment,aeon tâm_lý thế icon_vui mày n vào mua que kem tránh nóng
người ta đỗ dưới lòng đường chứ đỗ vào nhà chị đâu mà van hóa gì . chủ thớt mới là người ấu trĩ lạc hậu nhé,Disgust,người_ta đỗ dưới lòng_đường chứ đỗ vào nhà chị đâu mà van_hóa gì chủ thớt mới là người ấu_trĩ lạc_hậu nhé
chị lỡ mất 1 nhịp tim vì cưng đấy ❤️❤️❤️,Enjoyment,chị lỡ mất 1 nhịp tim vì cưng đấy
:)) đéo hiểu sao mấy phim truyền hình của ấn xl vãi mà phim như thế nào thì lại qá hay,Enjoyment,icon_vui đéo hiểu sao mấy phim truyền_hình của ấn xl vãi mà phim như thế_nào thì lại qá hay
per chán quá,Sadness,per chán quá
nghe thấm câu vàng trắng nhưng thực tế là trắng tay thôi nghe mà buồn,Sadness,nghe thấm câu vàng_trắng nhưng thực_tế là trắng_tay thôi nghe mà buồn
thoa kem chống nắng như người ...,Other,thoa kem chống nắng như người
per đấy móng tay dài nhất thế giới đấy,Surprise,per đấy móng tay dài nhất thế_giới đấy
đằng nào mà chẳng thịt chẳng qua sớm hay muộn thôi,Other,đằng nào mà chẳng thịt chẳng_qua sớm hay muộn thôi
trên thì một kiểu dưới thì kiểu khác,Other,trên thì một kiểu dưới thì kiểu khác
"nhạc buồn quá . bài này là bài "" chia tay trong chiều hoàng hôn nắng úa màu "" - justin bieber cho bạn nào chưa biết nhé . :'(",Sadness,nhạc buồn quá bài này là bài chia_tay trong chiều hoàng_hôn nắng úa màu justin bieber cho bạn nào chưa biết nhé
per đây . cô gái bán hàng thú vị đây . phải xem cho hết,Enjoyment,per đây cô gái bán hàng thú_vị đây phải xem cho hết
dẫu hiên ngang giữa đất trời gặp con vợ đểu thì đời cũng xong,Sadness,dẫu hiên_ngang giữa đất trời gặp con vợ đểu thì đời cũng xong
"cmt buồn cười vll , nhớ mình cừng có kinh nghiệm chạy ngỗng :)))",Enjoyment,bình_luận buồn_cười vll nhớ mình cừng có kinh_nghiệm chạy ngỗng icon_vui
"lớn lên rồi ta sẽ tự hiểu .. "" tại sao ngày đó cha mẹ thế này thế kia với ta "" ...",Other,lớn lên rồi ta sẽ tự hiểu tại_sao ngày đó cha_mẹ thế này thế kia với ta
hình như câu này quen quen ý le tuyet nguyen nhỉ,Other,hình_như câu này quen quen ý le tuyet nguyen nhỉ
nó ăn cà rốt chứ nó ăn cái gì mà liếc quễ mều mặp 😡😡😡,Anger,nó ăn cà_rốt chứ nó ăn cái gì mà liếc quễ mều mặp icon_tucgian icon_tucgian icon_tucgian
quả này cũng chất lắm,Enjoyment,quả này cũng chất lắm
hồi bé bị ngỗng dí hoài =)) sợ vãi,Fear,hồi bé bị ngỗng dí hoài sợ vãi
tao ngồi tao khóc 1 buổi ☹️,Sadness,tao ngồi tao khóc 1 buổi
crush của tao đi làm rồi . hihee . sáng mai mới về cơ 🤣🤣,Enjoyment,crush của tao đi làm rồi hihee sáng_mai mới về cơ icon_vui icon_vui
khoảnh khắc mày nhận ra mày còn đéo bằng 1 thằg nhóc còn trong bụng mẹ :((,Sadness,khoảnh_khắc mày nhận ra mày còn đéo bằng 1 thằg nhóc còn trong bụng mẹ icon_buon
chúng mày cứ ra phim boom tấn cho nhiều vào,Other,chúng_mày cứ ra phim boom tấn cho nhiều vào
cao quá cũng khổ chứ sung sướng đéo gì 😓,Sadness,cao quá cũng khổ chứ sung_sướng đéo gì
ý thức quá kém .,Disgust,ý_thức quá kém
bẩn bựa vlon 😤,Disgust,bẩn bựa vlon icon_chankhet
một con cá chép đang bơi trong hồ mà đã tính chuyện đánh bại những con rồng vẫy vùng 5 châu !,Disgust,một con cá_chép đang bơi trong hồ mà đã tính_chuyện đánh_bại những con rồng vẫy_vùng 5 châu
ai cũng nói tao đẹp troai . hiền lành nhưng chưa biết lúc tao lên cơn 😂😂😁,Enjoyment,ai cũng nói tao đẹp troai hiền_lành nhưng chưa biết lúc tao lên_cơn icon_vui icon_vui icon_vui
điên,Disgust,điên
chủ tịch đi nặn mụn ở tai và cái kết khóc thét,Sadness,chủ_tịch đi nặn mụn ở tai và cái kết khóc thét
hành vi của người bố có phần nào ảnh hưởng đến đứa con . cô bé cười . không phải vì cô bé mạnh mẽ . mà là cô bé đã bất cần,Other,hành_vi của người bố có phần_nào ảnh_hưởng đến đứa con cô bé cười không phải vì cô bé mạnh_mẽ mà là cô bé đã bất_cần
xem phát khóc mẹ luôn 😭😭😭,Sadness,xem phát khóc mẹ luôn icon_buon icon_buon icon_buon
per nhìn nó gớm những vẫn khoái coi . thú vui biến thái dễ sợ,Enjoyment,per nhìn nó gớm những vẫn khoái coi thú_vui biến_thái dễ sợ
mèo nhà tao gửi 10 ngày về ăn tết lên nó thành mèo hàng xóm này ( nhà hàng xóm bán cá ) :((,Sadness,mèo nhà tao gửi 10 ngày về ăn tết lên nó thành mèo hàng_xóm này nhà hàng_xóm bán cá icon_buon
"còn những người bình thường rất dữ , thật ra họ hiền lắm , nội tâm lắm",Other,còn những người bình_thường rất dữ thật_ra họ hiền lắm nội_tâm lắm
giống như thổi khí vào bong bóng đến một lúc nào đó thì nó phát nổ,Other,giống như thổi khí vào bong_bóng đến một lúc_nào đó thì nó phát_nổ
ha ha ....,Enjoyment,ha_ha
nhìn giống mấy đặc vụ của cia . sợ thế :)),Fear,nhìn giống mấy đặc_vụ của cia sợ thế icon_vui
tao đang thă ́ c mă ́ c ta ̣ i sao thă ̀ người da đen no ́ quen được con nho ̉ da tră ́ người ngon va ̃ i thê ́ nhy ̃. 😑😑😑,Other,tao đang thă ́ c mă ́ c ta ̣ i sao thă ̀ người da đen no ́ quen được con nho ̉ da tră ́ người ngon va ̃ i thê ́ nhy ̃
thế giới giờ đáng sợ quá rồi 😌😌 tâm phải tịnh không là tiêu nha mấy ông 😢,Fear,thế_giới giờ đáng sợ quá rồi tâm phải tịnh không là tiêu nha mấy ông icon_buon
"vietcombank phục vụ tệ , phí cao , mang mác nhà nước nên vậy .",Disgust,vietcombank phục_vụ tệ phí cao mang mác nhà_nước nên vậy
bất ngờ vãi =)),Surprise,bất_ngờ vãi
bữa cơm trưa nay tăm tối như cái ava của tao vầy :((((((,Sadness,bữa cơm trưa nay tăm_tối như cái ava của tao_vầy icon_buon
hội những con pug láo lếuuuuuu,Disgust,hội những con pug láo_lếu
dè nghị khởi tố luôn những người biết mà che dấu,Anger,dè nghị khởi_tố luôn những người biết mà che dấu
per mày đang nghĩ đến ai,Other,per mày đang nghĩ đến ai
bà già đau khổ,Sadness,bà_già đau_khổ
"không phù hợp thổ nhưỡng , khí hậu . vậy mà vẫn tung hô , dải ngân để làm khổ dân . quả bóng trách nhiệm chẳng thuộc về ai cả . 😢😢",Sadness,không phù_hợp thổ_nhưỡng khí_hậu vậy_mà vẫn tung_hô dải ngân để làm khổ dân quả bóng trách_nhiệm chẳng thuộc về ai cả icon_buon icon_buon
đúng là cái thứ vô học,Disgust,đúng là cái thứ vô_học
nhiều lúc em di từ từ chưa kịp đỗ đã có n ra bảo không được đỗ ở đây chán qúa,Sadness,nhiều lúc em di từ từ chưa kịp đỗ đã có n ra bảo không được đỗ ở đây chán qúa
chỉ cần thích cái là muốn rụng tim,Enjoyment,chỉ cần thích cái là muốn rụng tim
vui tính tí cũng khó cơ,Sadness,vui_tính tí cũng khó_cơ
chỉ còn lại tro tàn,Sadness,chỉ còn lại tro_tàn
lỗi tại thằng quay phim . cắt không đúng lúc,Disgust,lỗi tại thằng quay_phim cắt không đúng lúc
kkk ... bếp dầu một thời ta hay nấu đây nè,Enjoyment,k bếp dầu một thời ta hay nấu đây nè
đag đi học mà gặp cảnh này :)) chắc chạy về cúp học luôn,Fear,đag đi học mà gặp cảnh này icon_vui chắc chạy về cúp học luôn
anh con mẹ mày :))),Anger,anh con_mẹ mày icon_vui
ngạc nhiên đấy,Surprise,ngạc_nhiên đấy
xã hội giờ càng ít nói như tao thì càng ngoan hiền,Other,xã_hội giờ càng ít nói như tao thì càng ngoan hiền
nhìn mặt con bé kiểu . ơ cái gì vậy,Other,nhìn mặt con bé kiểu ơ cái gì vậy
hư cấu 😌,Disgust,hư_cấu
bộ phim ấn độ duy nhất xem được lol,Enjoyment,bộ phim ấn độ duy_nhất xem được lol
vậy mới biến thành người nhện được,Other,vậy mới biến thành người nhện được
per đã hiểu sao hè năm ngoái có quả lịch học vãi chưa =)),Enjoyment,per đã hiểu sao hè năm_ngoái có quả lịch học vãi chưa
rõ ràng vẫn là một người mà cắt tóc xong nhìn đáng yêu vãi :v,Enjoyment,rõ_ràng vẫn là một người mà cắt tóc xong nhìn đáng yêu vãi v
đm lúc tao học đến chương đó nguyên tiết bà cô toàn chia sẻ kinh nghiệm chuyện tới tháng 🙂 đéo thú vị được như vầy :vv,Disgust,chửi_thề lúc tao học đến chương đó nguyên tiết bà_cô toàn chia_sẻ kinh_nghiệm chuyện tới tháng icon_vui đéo thú_vị được như_vầy vv
vật chất quyết định ý thức,Other,vật_chất quyết_định ý_thức
per đã hiểu tại sao thằng bạn mình đam mê gym .. thì ra đây là nơi nó được sống thật với giới tính của mình ..🤣🤣🤣,Enjoyment,per đã hiểu tại_sao thằng bạn mình đam_mê gym thì ra đây là nơi nó được sống thật với giới_tính của mình icon_vui icon_vui icon_vui
họ vui là được rồi :))),Enjoyment,họ vui là được rồi icon_vui
đáng yêu phết nhể,Enjoyment,đáng yêu phết nhể
có móng tay dài cũng khổ,Sadness,có móng tay dài cũng khổ
"cậu ấy tán tôi , tôi từ chối . thế là từ đó chúng tôi đéo làm bạn được nữa !!!",Sadness,cậu ấy tán tôi tôi từ_chối thế_là từ đó chúng_tôi đéo làm_bạn được nữa
per nhìn đẹp thiệt mày,Enjoyment,per nhìn đẹp thiệt mày
mùa mưa đến sớm rồi huhu,Sadness,mùa mưa đến sớm rồi huhu
có mà đầy người như vậy ý ... ăn vô máu họ rồi,Disgust,có mà đầy người như vậy ý ăn vô máu họ rồi
tình hình này tháng sau cũng đi tập gym mất,Other,tình_hình này tháng sau cũng đi tập gym mất
nhiều khi chỉ ước gì mấy đứa bá dơ này có thể chết thay cho chị nữ sinh giao gà thì hay biết mấy ...,Other,nhiều khi chỉ ước gì mấy đứa bá dơ này có_thể chết thay cho chị nữ_sinh giao gà thì hay biết_mấy
bởi vậy không nên bình luận trên facebook làm gì . nhìu đứa nó nhây cãi lộn mệt người .,Disgust,bởi_vậy không nên bình_luận trên facebook làm gì nhiều đứa nó nhây cãi_lộn mệt người
giờ anh gù lấy đâu ra chỗ ở :'(,Sadness,giờ anh gù lấy đâu ra chỗ ở
"chúc mày mau khỏi nhá , team thích ăn thịt gà như tao ??",Other,chúc mày mau khỏi nhá team thích ăn thịt gà như tao
tiếc là 23 cái xuân rồi chưa gặp được em . có ai giống tôi không,Sadness,tiếc là 23 cái xuân rồi chưa gặp được em có ai giống tôi không
gặp được em nhưng sẽ chỉ quan tâm và bảo vệ em từ xa,Sadness,gặp được em nhưng sẽ chỉ quan_tâm và bảo_vệ em từ xa
bộ phim việt lần đầu xem thấy hay cảnh quay đẹp !!,Enjoyment,bộ phim việt lần đầu xem thấy hay cảnh quay đẹp
"ngày chia tay , chúng tôi đã ôm nhau khóc",Sadness,ngày chia_tay chúng_tôi đã ôm nhau khóc
thật đúng đắn khi đã follow page này !,Enjoyment,thật đúng_đắn khi đã follow page này
đm mẹ bạn thân,Disgust,chửi_thề mẹ bạn thân
chưa nhớ vụ công viên nước hồ tây à :)) mấy con chó đực nứng dái,Disgust,chưa nhớ vụ công_viên nước hồ tây à icon_vui mấy con chó đực nứng dái
"đọc bình luận không thấy ai khen cute dễ thương đáng yêu này nọ nữa nhỉ :))))) một ngày đẹp trời bạn ra ngõ đứng hít không khí , con mèo sẽ kệ mẹ bạn , con chó vẫn sẽ đi đái bậy , nhưng con một lằn này thì đéo , nó phi con mẹ nó ra dí chạy như một con điên",Anger,đọc bình_luận không thấy ai khen cute dễ_thương đáng yêu này_nọ nữa nhỉ icon_vui một ngày đẹp trời bạn ra ngõ đứng hít không_khí con mèo sẽ kệ mẹ bạn con chó vẫn sẽ đi đái bậy nhưng con_một lằn này thì đéo nó phi con_mẹ nó ra dí chạy như một con điên
21 năm chưa crush ai thì có gọi là ế thâm niêm không hả các bác,Sadness,21 năm chưa crush ai thì có gọi là ế thâm niêm không hả các bác
ơ thế chưa ai dẫn ngài trump đi ăn bún đậu mắm tôm hả ?,Other,ơ thế chưa ai dẫn ngài trump đi ăn bún đậu mắm_tôm hả
trích mà như vầy rồi . sao dám coi phim đây 😢,Fear,trích mà như_vầy rồi sao dám coi phim đây icon_buon
cô ấy hết thương tao rồi,Sadness,cô ấy hết thương tao rồi
"dăm ba cái thể hiện tình cảm này ngày xưa tao đầy , nhưng từ ngày cưới xong đi qua đường chắc chồng tao rơi mất não nên chưa thấy lặp lại bao giờ . 😌",Sadness,dăm_ba cái thể_hiện tình_cảm này ngày_xưa tao đầy nhưng từ ngày cưới xong đi qua đường chắc chồng tao rơi mất não nên chưa thấy lặp lại bao_giờ
wow không thê tin được bô mong tay day thât kinh,Surprise,wow không thê tin được bô mong tay day thât kinh
"nhìn này thần sắc thế kia thì đeo sao đâu , yên tâm đi không được hốc hôm nay thì hôm sau hốc lo cái đéo gì chứ",Other,nhìn này thần_sắc thế kia thì đeo sao đâu yên_tâm đi không được hốc hôm_nay thì hôm sau hốc lo cái đéo gì chứ
có cái lol chuột nó sợ,Disgust,có cái lol chuột nó sợ
có đến hàng trăm năm sau đi nữa thì trẻ trâu vẫn luôn tồn tại theo thời gian 😀,Disgust,có đến hàng trăm năm sau đi_nữa thì trẻ trâu vẫn luôn tồn_tại theo thời_gian icon_vui
đụ mẹ cười ỉa ????????,Enjoyment,đụ_mẹ cười ỉa
xem xong thấy buồn quá,Sadness,xem xong thấy buồn quá
diễn vãi,Disgust,diễn vãi
"bị ngỗng mổ sợ vãi_chưởng , hồi bé tao đã không sang nhà b tao cả tuần trời vì nhà nó mới nuôi ngỗng mà bình thường tao toàn ăn chùa cơm nhà nó thiếu điều làm con nuôi nhà nó nữa thôi :))) nhắc lại mới thấy sợ vãi",Fear,bị ngỗng mổ sợ vãi_chưởng hồi bé tao đã không sang nhà b tao cả tuần trời vì nhà nó mới nuôi ngỗng mà bình_thường tao toàn ăn chùa cơm nhà nó thiếu_điều làm con_nuôi nhà nó nữa thôi icon_vui nhắc lại mới thấy sợ vãi
cho chết,Anger,cho chết
per sao chủ đề gái mê tiền dạo này hot nhỉ :))),Surprise,per sao chủ_đề gái mê tiền dạo này hot nhỉ icon_vui
"ra đi là lựa chọn đúng , ở lại incheon để gánh team làm gì cho mệt ra lại bị tiếng xấu .",Enjoyment,ra đi là lựa_chọn đúng ở lại incheon để gánh team làm gì cho mệt ra lại bị tiếng xấu
người trái đất thật đáng sợ mà - _ -,Fear,người trái_đất thật đáng sợ mà _
"per tải thử cái này cho cún đi chị , hay phết này",Enjoyment,per tải thử cái này cho cún đi chị hay phết này
phải cho chúng nó vào tù hết 1 lượt cho chúng nó ăn chính thực phẩm chúng nó bán đi cho nó nhớ,Anger,phải cho chúng_nó vào tù hết 1 lượt cho chúng_nó ăn chính thực_phẩm chúng_nó bán đi cho nó nhớ
trông rợn vãi :)),Fear,trông rợn vãi icon_vui
"rồi , chợt mình tỉnh giấc :) mơ đủ rồi đó",Other,rồi chợt mình tỉnh_giấc icon_vui mơ đủ rồi đó
thấy chưa ... ổng lấy váy cưới của vợ kìa . t nói đâu có sai . :v,Disgust,thấy chưa ổng lấy váy cưới của vợ kìa tao nói đâu có sai v
vãi linh hồn .,Fear,vãi linh_hồn
per hồi nhỏ chuyên gia đi ngang nhà hàng xóm là bị nguyên bầy ngỗng nó dí nó rượt chạy khóc la um xùm .. giờ còn ám ảnh 😭,Fear,per hồi nhỏ chuyên_gia đi ngang nhà hàng_xóm là bị nguyên bầy ngỗng nó dí nó rượt chạy khóc la um xùm giờ còn ám_ảnh icon_buon
chủ thớt sấp mặt rồi,Sadness,chủ thớt sấp_mặt rồi
thế giới này thật đáng sợ ai chả đĩa bay cho tao về hành tinh tao đi,Fear,thế_giới này thật đáng sợ ai chả đĩa_bay cho tao về hành_tinh tao đi
per nhịn ăn để đi,Other,per nhịn ăn để đi
mình còn để ảnh bạn ấy trong thẻ học sinh xong bị thấy cơ,Enjoyment,mình còn để ảnh bạn ấy trong thẻ học_sinh xong bị thấy cơ
thằng lồn nào chế ra cái này tao nghĩ nó hơi bị thiêu muối đấy nhạt vãi lol ra,Disgust,thằng lồn nào chế ra cái này tao nghĩ nó hơi bị thiêu muối đấy nhạt vãi lol ra
bộ cứ thân là ở với nhau đuợc à ?? sai lầm vãi,Disgust,bộ cứ thân là ở với nhau đuợc à sai_lầm vãi
nói tóm lại mau axít đậm đặc bỏ vào thùng nhựa để kế bên cho nó thấy chắc là ổn nhớ đừng làm chuyện dại nhá,Anger,nói tóm_lại mau axít đậm_đặc bỏ vào thùng nhựa để kế bên cho nó thấy chắc là ổn nhớ đừng làm chuyện dại nhá
thôi xong . chia buồn cùng quý quốc,Sadness,thôi xong chia buồn cùng quý quốc
nhà tạp hoá đấy hả ... :)))),Other,nhà tạp_hoá đấy hả icon_vui
"đúng vô cùng , không cần biết làm mệt việc nhiều lương thấp ra sao , làm ở 1 nơi đồng nghiệp như những ngừoi chị trong gia đình , đi làm mà cảm giác thoải mái vui vẻ như ở nhà . nơi có thể ở 9 tiếng 1 ngày",Enjoyment,đúng vô_cùng không cần biết làm mệt việc nhiều lương thấp ra sao làm ở 1 nơi đồng_nghiệp như những ngừoi chị trong gia_đình đi làm mà cảm_giác thoải_mái vui_vẻ như ở nhà nơi có_thể ở 9 tiếng 1 ngày
nó bể 1 phát lúng tới cổ dume tởn tới già,Fear,nó bể 1 phát lúng tới cổ dume tởn tới già
per coi phim này chắc chết luôn trong rạp 😂,Fear,per coi phim này chắc chết luôn trong rạp icon_vui
sống chậm lại và yêu thương nhiều hơn các bạn ạ,Other,sống chậm lại và yêu_thương nhiều hơn các bạn ạ
đi chơi lụm được tờ 2k rách mua băng keo 5k dán lại tờ 2k 🤔,Enjoyment,đi chơi lụm được tờ 2k rách mua băng_keo 5k dán lại tờ 2k
tao coi tao sợ nó lọt quá bây,Fear,tao coi tao sợ nó lọt quá bây
uổng phí công sức bao người !,Anger,uổng_phí công_sức bao người
tao sợ ma nên không dám coi lun,Fear,tao sợ ma nên không dám coi lun
"ủi ui , mời người ta đến nhà ăn tiệc , lại đãi mỗi càrôt là thế nào , lần sau bà mời tiệc thì mày tự biết rồi đấy",Disgust,ủi ui mời người_ta đến nhà_ăn tiệc lại đãi mỗi càrôt là thế_nào lần sau bà mời tiệc thì mày tự biết rồi đấy
per ý nghĩa giống phim không ???,Surprise,per ý_nghĩa giống phim không
cuộc đời bạn đáng giá bao nhiêu tiền,Other,cuộc_đời bạn đáng_giá bao_nhiêu tiền
nhìn bên dưới cầu bẩn đéo chịu được . lỡ té xuống nước thì tha hồ mà tắm và hưởng thụ sự trong sạch đến mắc ói của nước và rác thải .,Disgust,nhìn bên dưới cầu bẩn đéo chịu được lỡ té xuống_nước thì tha_hồ mà tắm và hưởng_thụ sự trong_sạch đến mắc ói của nước và rác_thải
"thường thì người thuận tay trái sẽ bị bệnh này :v , riêng tao thuận vả 2 tay nên chả sao",Enjoyment,thường thì người thuận tay_trái sẽ bị bệnh này v riêng tao thuận vả 2 tay nên chả sao
cố tỏ ra nguy hiểm vãi 😂,Disgust,cố tỏ ra nguy_hiểm_vãi icon_vui
"ôi dume giật nảy mình , tí thì rơi điện thoại",Fear,ôi dume giật nảy mình tí thì rơi điện_thoại
tụt quần nó ra cho nó chén :))),Enjoyment,tụt quần nó ra cho nó chén icon_vui
một cách bán hàng nta gọi là đẳng cấp,Enjoyment,một_cách bán hàng nta gọi là đẳng_cấp
yêu quá đi mất nhìn cưng khủng khiếp ??,Enjoyment,yêu quá đi mất nhìn cưng khủng_khiếp
sao chúng nó dã man thế nhỉ,Surprise,sao chúng_nó dã_man thế nhỉ
cầu cho chú luôn mạnh khoẻ ạ 😢,Sadness,cầu cho chú luôn mạnh_khoẻ ạ icon_buon
ăn bớt của trẻ vậy mà bị khiển trách thì lần sau còn làm tiếp và mạnh hơn nữa đúng lả luật của việt nam không có chức quyền ăn trộm ổ bánh mì phải đi tù còn có chức ăn 150trieu thì bị khiển trách thôi,Anger,ăn_bớt của trẻ vậy_mà bị khiển_trách thì lần sau còn làm tiếp và mạnh hơn nữa đúng lả luật của việt nam không có chức_quyền ăn_trộm ổ bánh_mì phải đi tù còn có chức ăn 150trieu thì bị khiển_trách thôi
thích cái đầm nào mua cho bận ngủ cho mát nè :))) per,Other,thích cái đầm nào mua cho bận ngủ cho mát nè icon_vui per
ôi đàn bà là những niềm đau 🤣,Disgust,ôi đàn_bà là những niềm đau icon_vui
tao thề . nhìn bạn ấy xong tao muốn rụng mấy quả trứng luôn 😓,Fear,tao thề nhìn bạn ấy xong tao muốn rụng mấy quả trứng luôn
"ôi những con người dễ bị ám ảnh với quá khứ , ôm nhau cái nào",Enjoyment,ôi những con_người dễ bị ám_ảnh với quá_khứ ôm nhau cái nào
sợ con này lắm :((,Fear,sợ con này lắm icon_buon
"tháng 10 đến rồi , nghe bài này quá chuẩn",Other,tháng 10 đến rồi nghe bài này quá chuẩn
mở máy lên .. rồii lại đặt xuống ... cả ngày nay tôi đều như vậy để chờ anh nhắn chúc tôi .. giờ này chắc anh quên ngày này thật rồi .. cô đơn quá mức rồi đấy 😭😭,Sadness,mở máy lên rồii lại đặt xuống cả ngày_nay tôi đều như_vậy để chờ anh nhắn chúc tôi giờ này chắc anh quên ngày này thật rồi cô_đơn quá mức rồi đấy icon_buon icon_buon
chủ tịch giả vờ cầm cây củi mục múa vỏ và cái kết !,Surprise,chủ_tịch giả_vờ cầm cây củi mục múa vỏ và cái kết
cười ỉa phút 1 : 11,Enjoyment,cười ỉa phút 1 11
bài nhạc hay khi nó đúng tâm trạng ... nhạc hay !!!!!,Enjoyment,bài nhạc hay khi nó đúng tâm_trạng nhạc hay
tao nói thiệc cả đời tao chưa gặp con đỉ gia cầm nào sân si bằng con ngỗng . đỉ chó . :),Disgust,tao nói thiệc cả đời tao chưa gặp con đỉ gia_cầm nào sân si bằng con ngỗng đỉ chó icon_vui
per mày phải thấy may mắn khi cuộc đời mày được gặp tao :))),Enjoyment,per mày phải thấy may_mắn khi cuộc_đời mày được gặp tao icon_vui
nguyên nhân là gì vậy ??,Other,nguyên_nhân là gì vậy
còn tao vẫn nhớ ngày nhỏ cứ nghỉ học chủ nhật đi quét lá tre về nấu cơm,Enjoyment,còn tao vẫn nhớ ngày nhỏ cứ nghỉ học chủ_nhật đi quét lá tre về nấu cơm
còn mềnh thì ra quán mua bim bim đều chỉ để nhì em mà cười,Enjoyment,còn mềnh thì ra quán mua bim bim đều chỉ để nhì em mà cười
""" tim anh em lấy em chơi , quả báo đến sớm em ơi ...""",Other,tim anh_em lấy em chơi quả_báo đến sớm em ơi
per facebook cứ để tao phải xem được những cái lãng mạn là sao cay vãi :)),Anger,per facebook cứ để tao phải xem được những cái lãng_mạn là sao cay vãi icon_vui
đúng là không thể chấp nhận được,Anger,đúng là không_thể chấp_nhận được
thêm đường hay cho thêm bánh gato về tẩm bổ :),Sadness,thêm đường hay cho thêm bánh gato về tẩm_bổ icon_vui
nhớ cái váy với bộ tóc chấm bi đen trắng của anh huy ghê,Other,nhớ cái váy với bộ tóc chấm bi đen trắng của anh huy ghê
list này không có liệt kê công việc của dân chứng khoán sao ?,Surprise,list này không có liệt_kê công_việc của dân chứng_khoán sao
đó là của bạn thôi bạn hài lòng với nó thì đâu có gì để nghĩ ngợi đâu,Other,đó là của bạn thôi bạn hài_lòng với nó thì đâu có gì để nghĩ_ngợi đâu
đcm anh da đen fake,Disgust,chửi_thề anh da đen fake
dễ thương ghê ! làm mình nhớ các cậu bạn cùng lớp hồi học cấp 2 quá !,Enjoyment,dễ_thương ghê làm mình nhớ các cậu bạn cùng lớp hồi học cấp 2 quá
đáng yêu như em tao ý . cứ mỗi lần nó quyết định ngủ ở đâu là nó lại đấu tranh tư tưởng 🤣🤣,Enjoyment,đáng yêu như em tao ý cứ mỗi lần nó quyết_định ngủ ở đâu là nó lại đấu_tranh tư_tưởng icon_vui icon_vui
cái này chỉ sướng mấy anh đèo mấy em ngực bự đi đường này nẩy tâng tâng,Enjoyment,cái này chỉ sướng mấy anh đèo mấy em ngực bự đi đường này nẩy tâng_tâng
per rất là thực tế nhé chú .,Other,per rất là thực_tế nhé chú
tội cho chàng trai ấy,Sadness,tội cho chàng trai ấy
gì cũng được chứ yêu 1 người vô tâm thì đéo 🙂,Disgust,gì cũng được chứ yêu 1 người vô_tâm thì đéo icon_vui
cầu này chỉ dành cho những ai chân dài thì đúng hơn 🙂,Other,cầu này chỉ dành cho những ai chân dài thì đúng hơn icon_vui
nhây qua ́ nhaaaa 😂😆,Enjoyment,nhây qua ́ nha icon_vui icon_vui
nghe có trà sữa là thích rồi,Enjoyment,nghe có trà sữa là thích rồi
xinh quá !,Enjoyment,xinh quá
nhiều lúc tủi thân vãi_chưởng huhu,Sadness,nhiều lúc tủi_thân vãi_chưởng huhu
và đương nhiên sẽ có ngày cô ấy sốc vì giới tính thật của cô ấy !!!,Sadness,và đương_nhiên sẽ có ngày cô ấy sốc vì giới_tính thật của cô ấy
coi mệt vãi - _ -,Disgust,coi mệt vãi _
per nhện mượn hố xí tỏ tình đó thì sao nàooooo,Other,per nhện mượn hố_xí tỏ_tình đó thì sao nào
hahahaha . thâm nữa . mà thiệt chỉ có trong cổ tích nhé,Enjoyment,hahahaha thâm nữa mà thiệt chỉ có trong cổ_tích nhé
quá sàm,Disgust,quá sàm
dùng cây sắt rùi làm lại đi . mình mún xem típ :3,Enjoyment,dùng cây sắt rồi làm lại đi mình mún xem típ 3
vcb làm việc kiểu hách dịch thì có :v,Disgust,vcb làm_việc kiểu hách_dịch thì có v
:v trời giờ mới biết thế giới có dạng hợp thể vầy đấy :v,Enjoyment,v trời giờ mới biết thế_giới có dạng hợp thể vầy đấy v
chấm cho tôi lên top đi mà :v,Other,chấm cho tôi lên top đi mà v
"toàn anh đẹp trai . đau tim , tan nát cõi lòng của tao ... a ................................ a",Enjoyment,toàn anh đẹp_trai đau tim tan_nát cõi_lòng của tao a a
per đồng nghiệp không tốt ta có thể bị chửi và ăn đòn từ sáng đến tối 🙄,Fear,per đồng_nghiệp không tốt ta có_thể bị chửi và ăn đòn từ sáng đến tối icon_chankhet
câu chuyện của mày làm tao buồn quá,Sadness,câu_chuyện của mày làm tao buồn quá
tận cùng của nỗi đau :(,Sadness,tận_cùng của nỗi đau icon_buon
khi tao cảm nắng một ai đó xin thượng đế cũng tát tao một cái như cách sóng xô vào cát cho tao tỉnh con mẹ nó ngộ 😂,Other,khi tao cảm_nắng một ai đó xin thượng_đế cũng tát tao một cái như cách sóng xô vào cát cho tao tỉnh con_mẹ nó ngộ icon_vui
gu của tôi trời ơi . tiếc mới có chồng với đứa con thôi . huhu,Sadness,gu của tôi trời_ơi tiếc mới có chồng với đứa con thôi huhu
"xe đỗ ngay giữa cửa hàng và cửa nhà bạn luôn , khách lên và xuống không được thoải mái và hơn nữa là vào hát karaoke thì theo bạn sẽ là mấy tiếng mới ra ?",Anger,xe đỗ ngay giữa cửa_hàng và cửa_nhà bạn luôn khách lên và xuống không được thoải_mái và hơn nữa là vào hát karaoke thì theo bạn sẽ là mấy tiếng mới ra
kéo quần lên rồi nói chuyện tiếp ... kém sang,Disgust,kéo quần lên rồi nói_chuyện tiếp kém sang
"nếu không xin lỗi em tao , tao hứa cắt tiết từng đứa ... nhưng tao kô giết 🙄. học hành cái lồn gì bọn này .",Anger,nếu không xin_lỗi em tao tao hứa cắt_tiết từng đứa nhưng tao kô giết icon_chankhet học_hành cái lồn gì bọn này
nhân văn ? thế nhân văn ở đâu cho những em học thật thi thật ?,Disgust,nhân_văn thế nhân_văn ở đâu cho những em học thật thi thật
thật đáng khâm phục các bạn ... chúc các bạn gặp nhiều may mắn trong cuộc sống ...,Enjoyment,thật đáng khâm_phục các bạn chúc các bạn gặp nhiều may_mắn trong cuộc_sống
đm main mới hay quá đi,Enjoyment,chửi_thề main mới hay quá đi
per địt mẹ mày rep ib cho tao,Disgust,per địt_mẹ mày rep nhắn_tin cho tao
hú hồn,Fear,hú_hồn
m nói chuyện cũng cute ngoan ngoãn cơ chứ tao toàn okay anh =))),Enjoyment,mày nói_chuyện cũng cute ngoan_ngoãn cơ chứ tao toàn okay anh
kẻ ô điểm lời phê :((,Sadness,kẻ ô điểm lời phê icon_buon
bọn dân trí thấp tưởng thế là hay .,Disgust,bọn dân_trí thấp tưởng thế_là hay
mắt còn xanh như bé không anh ??,Other,mắt còn xanh như bé không anh
coi mần cái mặt kìa trời 🤣,Other,coi mần cái mặt kìa trời icon_vui
hỏi họ xem đã cho ai được tý gì chưa mà thiếu ý thức vậy ?,Disgust,hỏi họ xem đã cho ai được tý gì chưa mà thiếu ý_thức vậy
hhaahhaah ! t đã may mắn như thế 😂,Enjoyment,hhaahhaah tao đã may_mắn như thế icon_vui
"lạy mấy ba mấy má , con người ta đã làm video giải trí cho mấy ba mấy má coi rồi , dume mở miệng ra là bảo người ta sân si , vô duyên vửa thôi",Disgust,lạy mấy ba mấy má con người_ta đã làm video giải_trí cho mấy ba mấy má coi rồi dume mở_miệng ra là bảo người_ta sân si vô_duyên vửa thôi
em tao thì cứ xác định bố thịt từng đứa 🙂🙂🙂🙂🙂 bố mẹ bênh thì thịt cả bố mẹ luôn sợ máu lồn 🙂🙂🙂🙂🙂🙂,Anger,em tao thì cứ xác_định bố thịt từng đứa icon_vui icon_vui icon_vui icon_vui icon_vui bố_mẹ bênh thì thịt cả bố_mẹ luôn sợ máu lồn icon_vui icon_vui icon_vui icon_vui icon_vui icon_vui
ko biết ai phối ra cái giống ngáo vô địch này nữa,Surprise,không biết ai phối ra cái giống ngáo vô_địch này nữa
mẹ thằng này nói tiếng việt tốt thật lại còn nói được cả giọng phú yên nữa chứ,Enjoyment,mẹ thằng này nói tiếng việt tốt thật lại còn nói được cả giọng phú yên nữa chứ
sợ thì vkl,Fear,sợ thì rất
clm đêm rồi tha cho tao 🙂 tao đéo muốn chạy xuống dưới nhà hoặc là nhịn đến sáng mai đâu 🙂 con gì thì con kệ mẹ 🙂 đừng nhắc đến nhện 🙂,Fear,clm đêm rồi tha cho tao icon_vui tao đéo muốn chạy xuống dưới nhà hoặc là nhịn đến sáng_mai đâu icon_vui con gì thì con kệ mẹ icon_vui đừng nhắc đến nhện icon_vui
"đỗ ở đường cấm đỗ và đỗ gần ngã ba là sai hoàn toàn rồi vẫn có người vào bênh . em là chủ thớt thì em cứ để họ đỗ thoải mái rồi gọi phường tới làm việc thôi , cần gì phải nói nhiều",Anger,đỗ ở đường cấm đỗ và đỗ gần ngã ba là sai hoàn_toàn rồi vẫn có người vào bênh em là chủ thớt thì em cứ để họ đỗ thoải_mái rồi gọi phường tới làm_việc thôi cần gì phải nói nhiều
may quá lớp tao không phải thế :)),Enjoyment,may quá lớp tao không phải thế icon_vui
"võ nghệ cao siêu đến mấy cũng phụ thuộc vào hung khí , em biết được điều này lên không bao giờ em học võ mà tự xắm cho mình khẩu hoa cải !",Enjoyment,võ_nghệ cao_siêu đến mấy cũng phụ_thuộc vào hung_khí em biết được điều này lên không bao_giờ em học võ mà tự xắm cho mình khẩu hoa cải
phải chi lúc mà thằng per bị bảo câm mồm thì đập bàn đứng lên quát “ bên tao cả một đội quân ” 🤔,Other,phải chi lúc mà thằng per bị bảo câm mồm thì đập bàn đứng lên quát bên tao cả một đội quân
chúng tôi gọi đây nà chất :v,Enjoyment,chúng_tôi gọi đây nà chất v
"per nuôi móng đi anh , mai mốt cắt đem vô triển lãm",Other,per nuôi móng đi anh mai_mốt cắt đem vô triển_lãm
"kể mà mình cũng được tỏ tình lãng mạn kiểu này . ôi , ngủ thôi . muộn rồi :3",Other,kể mà mình cũng được tỏ_tình lãng_mạn kiểu này ôi ngủ thôi muộn rồi 3
nếu người dân mà làm thế này thì phải truy cứu trách nhiệm hình sự,Other,nếu người dân mà làm thế này thì phải truy_cứu trách_nhiệm hình_sự
nhìn thấy ghê à,Disgust,nhìn thấy ghê à
ông bà xinh quá 🧐🧐,Enjoyment,ông_bà xinh quá
"tao cũng là người cuối cùng ra khỏi căn phòng ấy , ngắm nghía lần cuối rồi rời đi , khép lại 3 năm đẹp nhất của đời người . tao không khóc nhưng trong lòng rối bời , muốn ôm hết all vào mình .",Sadness,tao cũng là người cuối_cùng ra khỏi căn phòng ấy ngắm_nghía lần cuối rồi rời đi khép lại 3 năm đẹp nhất của đời người tao không khóc nhưng trong lòng rối_bời muốn ôm hết all vào mình
nhìn khó chịu vãi,Disgust,nhìn khó_chịu vãi
hmm hãy tưởng tượng nó là một chú gián xink xắm xoè cánh thiên thần bay đến ... 😞,Enjoyment,hmm hãy tưởng_tượng nó là một chú gián xink xắm xoè cánh thiên_thần bay đến icon_buon
xin phép phẫn nộ,Anger,xin phép phẫn_nộ
per thể loại tao thích nè nhưng mày đi coi với tao nha không tao khóc thét rạp,Fear,per thể_loại tao thích nè nhưng mày đi coi với tao nha không tao khóc thét rạp
thế cuối cùng có chống được chuột không,Other,thế cuối_cùng có chống được chuột không
đám tụi tao đi chơi xưa nay đều dọn sạch đồ mình kêu hoặc xếp lại gọn một chút cho người ta đỡ dọn .. cái này là sự ý thức thôi …,Enjoyment,đám tụi tao đi chơi xưa_nay đều dọn sạch đồ mình kêu hoặc xếp lại gọn một_chút cho người_ta đỡ dọn cái này là sự ý_thức thôi
"per vong đòi ít thế nhờ , phải 2 tỷ rồi cho trả góp chứ",Disgust,per vong đòi ít thế nhờ phải 2 tỷ rồi cho trả_góp chứ
cái video đầu làm hết hồn per per,Fear,cái video đầu làm hết_hồn per per
phim hay vãi ấy xem lâu lắm rồi,Enjoyment,phim hay vãi ấy xem lâu lắm rồi
chồng tao mà nói thế tao lại vả vỡ con mẹ nó mồm :)),Anger,chồng tao mà nói thế tao lại vả vỡ con_mẹ nó mồm icon_vui
thật đáng sợ,Fear,thật đáng sợ
per đem rác về nhà vứt luôn haha,Enjoyment,per đem rác về nhà vứt luôn haha
thế mà cũng 5 năm rồi . ❤️,Enjoyment,thế_mà cũng 5 năm rồi
bếp dầu này hiện đại rồi,Other,bếp dầu này hiện_đại rồi
chẳng hiểu sao tao cười sặc sụa,Enjoyment,chẳng hiểu sao tao cười sặc_sụa
ngày nào cũng vậy . có bỏ lỡ ngày nào đâu mà 🤣🤣,Other,ngày nào cũng vậy có bỏ lỡ ngày nào đâu mà icon_vui icon_vui
chỉ cần chọn đúng người đúng thời điểm thôi,Other,chỉ cần chọn đúng người đúng thời_điểm thôi
kết thúc 3 năm cấp 3 là khoảng tg đẹp nhất nhưng nó cho ta nhiều kỷ niệm đầy tiếc nuối 🤔,Sadness,kết_thúc 3 năm cấp 3 là khoảng tg đẹp nhất nhưng nó cho ta nhiều kỷ_niệm đầy tiếc_nuối
bán vé số tháng kiếm 100tr nha . nghe ông lol nao trong quốc hội nói vậy .,Disgust,bán vé_số tháng kiếm 100tr nha nghe ông lol nao trong quốc_hội nói vậy
trông tội vãi,Sadness,trông tội vãi
"tưởng chỉ có trong phim thôi chứ , nay chơi vậy luôn à",Surprise,tưởng chỉ có trong phim thôi chứ nay chơi vậy luôn à
tao mới mọc răng khôn huhu,Sadness,tao mới mọc răng_khôn huhu
cái này là ở đâu vậy ?,Other,cái này là ở đâu_vậy
học xong lớp 12 tao chỉ mong 1 đều đừng bao giờ có họp lớp :))),Other,học xong lớp 12 tao chỉ mong 1 đều đừng bao_giờ có họp lớp icon_vui
"cứ đem lửa than , nước chay , sau đó cắt ngay ra ăn chấm muối là ngon , vẽ chuyện kiến với chả ong .",Disgust,cứ đem lửa than nước chay sau đó cắt ngay ra ăn chấm muối là ngon vẽ_chuyện kiến với chả ong
nhìn dáng đi mà nhớ ông nội 😞,Sadness,nhìn dáng đi mà nhớ ông nội icon_buon
để 1 ngày là khó chịu rồi,Anger,để 1 ngày là khó_chịu rồi
được đấy tao thích,Enjoyment,được đấy tao thích
"lừa đảo có quy mô đủ để truy tố hình sự rồi nhé , 5 triệu liệu có đủ sức cho chúng sợ không ?! hay là chúng mày lại bị cái chùa ba vàng mua hết nhân tính rồi ?",Disgust,lừa_đảo có quy_mô đủ để truy_tố hình_sự rồi nhé 5 triệu liệu có đủ sức cho chúng sợ không hay_là chúng_mày lại bị cái chùa ba vàng mua hết nhân_tính rồi
chúc đại kỷ nguyên có một buổi tối ấm áp nha ❤️,Enjoyment,chúc đại kỷ_nguyên có một buổi tối ấm_áp nha
trồi ôi bài hát đỉnh caooooo,Enjoyment,trồi ôi bài hát đỉnh_cao
"từ không tật nguyền , trở thành tật nguyền để nuôi mấy cái không đáng :))))",Disgust,từ không tật_nguyền trở_thành tật_nguyền để nuôi mấy cái không đáng icon_vui
lần đầu gặp anh cũng là phòng gym =)))),Enjoyment,lần đầu gặp anh cũng là phòng gym
tìm đối tác 😔,Enjoyment,tìm đối_tác icon_buon
công ty nào làm như vậy mọi người nghĩ làm hết cho nó khỏi phải vậy ...,Other,công_ty nào làm như vậy mọi người nghĩ làm hết cho nó khỏi phải vậy
tình chỉ đẹp khi còn dang dở lấy nhau rồi nham nhỉ lắm ai ơi ...,Sadness,tình chỉ đẹp khi còn dang_dở lấy nhau rồi nham nhỉ lắm ai ơi
hết buồn cũng phải có tiền mới hết được :)),Enjoyment,hết buồn cũng phải có tiền mới hết được icon_vui
mẹ chồng cay nghiệt =))))),Disgust,mẹ chồng cay_nghiệt
ê có khi nào đọc bài này xong buồn cười quá cười toác hàm có khi nào đi bệnh viện không các cụ :v,Enjoyment,ê có khi nào đọc bài này xong buồn_cười quá cười toác hàm có khi nào đi bệnh_viện không các cụ v
"tao thì trông nó truyền điện chết mẹ đi , loại này sống nguy hiểm cho xã hội",Disgust,tao thì trông nó truyền điện chết mẹ đi loại này sống nguy_hiểm cho xã_hội
đm hú hồn,Fear,chửi_thề hú_hồn
song rồi em để lại anh một cái sừng 10 phân là ít,Disgust,song rồi em để lại anh một cái sừng 10 phân là ít
thanh xuân rồi cũng sẽ qua có những người trong ta mãi chẳng thể xoá nhoà !,Sadness,thanh_xuân rồi cũng sẽ qua có những người trong ta mãi chẳng_thể xoá_nhoà
câu được chục con heo vàng chả được cái gì,Sadness,câu được chục con heo vàng chả được cái gì
muối mặn vãi,Other,muối mặn vãi
có biết bao người có mảnh đời như vậy !,Sadness,có biết_bao người có mảnh đời như vậy
đú quan trọng bởi người tao yêu củng không đi chơi valungtung thế là tao vui rồi :)),Enjoyment,đú quan_trọng bởi người tao yêu củng không đi chơi valungtung thế_là tao vui rồi icon_vui
tanh bành cuộc đời rồi,Sadness,tanh_bành cuộc_đời rồi
óc chó đi dậy đời,Disgust,óc chó đi dậy đời
per chị đã kịp đi chỗ này chưa ?,Other,per chị đã kịp đi chỗ này chưa
"per thấy chế thủ sẵn hộp mặt nạ rồi thì phải . tim em mong manh lắm , đừng để em hoạng sợ nhá chị ??",Fear,per thấy chế thủ sẵn hộp mặt_nạ rồi thì phải tim em mong_manh lắm đừng để em hoạng sợ nhá chị
bảo dân trí thấp lại tự ái,Disgust,bảo dân_trí thấp lại tự_ái
không biết thật không nhỉ =)),Enjoyment,không biết thật không nhỉ
per tao mãi mãi bị con này ám ảnh từ bé đến giờ . thứ gì mà đéo thể yêu thương nỗi . nghe tiếng nó kêu là tao bỏ chạy trăm mét 😒,Fear,per tao mãi_mãi bị con này ám_ảnh từ bé đến giờ thứ gì mà đéo thể yêu_thương nỗi nghe tiếng nó kêu là tao bỏ chạy trăm mét icon_chankhet
khách nào nhỏ nhen vậy ...,Disgust,khách nào nhỏ_nhen vậy
66 năm trời luôn đấy,Other,66 năm trời luôn đấy
tự bỏ tiền ra trồng tự cạo mủ cho chắc củ,Other,tự bỏ tiền ra trồng tự cạo mủ cho chắc củ
ông nội này chất đấy,Surprise,ông nội này chất đấy
"hí hí . tiến sĩ cừu , thạc sĩ cừu ... chẹp chẹp 😃",Enjoyment,hí hí tiến_sĩ cừu thạc_sĩ cừu chẹp chẹp
lấy vợ xong béo quá rồi . hình như ai cũng v à 🙃,Sadness,lấy vợ xong béo quá rồi hình_như_ai cũng v à
per ơi nhột nhẹ kkkkk,Enjoyment,per ơi nhột nhẹ k
muốn tạo ra niềm tin đôi khi bạn cần sự dối trá 😉,Enjoyment,muốn tạo ra niềm tin đôi_khi bạn cần sự dối_trá icon_vui
cổ tích thôi nhé . tao mới bị hỏi vì rẽ không xi nhan . và anh chỉ nhẹ nhàng phán 1 câu : ‘’ 2 triệu đưa đây không thôi mai cầm 3 triệu lên đồn nhận xe nhé ’’ anh thật là dễ thương 🙂,Enjoyment,cổ_tích thôi nhé tao mới bị hỏi vì rẽ không xi_nhan và anh chỉ nhẹ_nhàng phán 1 câu 2 triệu đưa đây không thôi mai cầm 3 triệu lên đồn nhận xe nhé anh thật là dễ_thương icon_vui
sợ xanh mắt mèo,Fear,sợ xanh_mắt mèo
"khi bạn làm con b sẽ khóc , nhưng khi bạn đã làm cha mẹ bạn sẽ thấy đau lòng .",Sadness,khi bạn làm con b sẽ khóc nhưng khi bạn đã làm cha_mẹ bạn sẽ thấy đau_lòng
bộ phim hay ý nghĩa nhất từng xem,Enjoyment,bộ phim hay ý_nghĩa nhất từng xem
cả 2 kẻ này đều đáng sợ !,Fear,cả 2 kẻ này đều đáng sợ
mai đấu giá thử cai lap cua mình chứa toàn tài liệu tiếng nhật 😂😂,Enjoyment,mai đấu_giá thử cai lap cua mình chứa toàn tài_liệu tiếng nhật icon_vui icon_vui
trời đánh tránh miếng ăn,Other,trời_đánh tránh miếng ăn
hoan hô . công nhân đâu phải trẻ mầm non,Enjoyment,hoan_hô công_nhân đâu phải trẻ mầm_non
tao . dân đaklak nhưng lần đầu tiên nghe chuyện này ....,Surprise,tao dân đaklak nhưng lần đầu_tiên nghe chuyện này
cảm giác tóc sau gáy bắt đầu dựng lên :))),Fear,cảm_giác tóc sau gáy bắt_đầu dựng lên icon_vui
mấy má đang có kinh rồi mặc áo đầm nhảy qua thì nhuộm đỏ 1 dòng sông cmnl 😳,Fear,mấy má đang có kinh rồi mặc áo_đầm nhảy qua thì nhuộm đỏ 1 dòng sông cmnl icon_ngacnhien
chưa được đi pháp mà huhu,Sadness,chưa được đi pháp mà huhu
là nhìn người ta đi cạnh 1 cô gái mà bất lực không thể làm gì ngoài việc ngồi nhìn và mỉm cười,Sadness,là nhìn người_ta đi cạnh 1 cô gái mà bất_lực không_thể làm gì ngoài việc ngồi nhìn và mỉm cười
giờ còn thể loại dâm ô nam sinh mới ghê :))),Disgust,giờ còn thể_loại dâm_ô nam sinh mới ghê icon_vui
tao bắt đầu sợ nó ròi đấy :)) ám ảnh vãi,Fear,tao bắt_đầu sợ nó ròi đấy icon_vui ám_ảnh vãi
thế đéo nào ma không bị phóng điện nhỉ,Surprise,thế đéo nào ma không bị phóng_điện nhỉ
hk động chạm nó cũng dí sấp mặt luôn rồi . dm . 😌,Anger,hk động_chạm nó cũng dí sấp_mặt luôn rồi dm
5 triệu nhằm nhò gì so với 1 khoá lễ của bả ? sao không cho hành nghề vĩnh viễn luôn đi . chỉ cấm ở ba vàng thì lại lộng hành ở chỗ khác thôi .,Anger,5 triệu nhằm nhò gì so với 1 khoá lễ của bả sao không cho hành_nghề vĩnh_viễn luôn đi chỉ cấm ở ba vàng thì lại lộng_hành ở chỗ khác thôi
bá đạo vậy chơi sao lại 🤣,Fear,bá đạo vậy chơi sao lại icon_vui
khổ thân con mèo :((,Sadness,khổ_thân con mèo icon_buon
nó chụp màn hình là còn tốt chán . có đứa nó còn đéo thèm đọc tn ấy .,Other,nó chụp màn_hình là còn tốt chán có đứa nó còn đéo thèm đọc tn ấy
tôi cắn bất chấp =)))))))) chắc là tôi yêu tụi nó cuồng si rồi,Enjoyment,tôi cắn bất_chấp chắc là tôi yêu tụi nó cuồng_si rồi
bà này khác gì lũ đa cấp đi lừa đảo đâu sao không cho vô tù,Anger,bà này khác gì lũ đa_cấp đi lừa_đảo đâu sao không cho vô tù
rồi tôi sẽ hết được uống nước ở đây nữa :((,Sadness,rồi tôi sẽ hết được uống nước ở đây nữa icon_buon
per nhìn na ná chữ mày =))),Surprise,per nhìn na_ná chữ mày
buồn thay cho lớp tao,Sadness,buồn thay cho lớp tao
chúc 2 you hạnh phúc ❤,Enjoyment,chúc 2 you hạnh_phúc
có vẻ như cái gì nước ngoài cũng to hơn nước ta 🙂,Surprise,có vẻ như cái gì nước_ngoài cũng to hơn nước ta icon_vui
why ???? ai đã cướp boss 6 múi của tao vậy 😭😭😭😭,Sadness,why ai đã cướp boss 6 múi của tao vậy icon_buon icon_buon icon_buon icon_buon
đồng nghiệp nhắng nhít nhất hệ mặt trời =))),Enjoyment,đồng_nghiệp nhắng_nhít nhất hệ mặt_trời
"tao tự hỏi sao đứa quay phim nó lại quay đúng lúc thế , chắc chắn nó dự là sẽ nát con xe đó nhưng không nói :))",Other,tao tự hỏi sao đứa quay_phim nó lại quay đúng lúc thế chắc_chắn nó dự là sẽ nát con xe đó nhưng không nói icon_vui
tại trà sữa làm tao mập chứ tao có muốn đâu :(,Sadness,tại trà sữa làm tao mập chứ tao có muốn đâu icon_buon
có nhìu người bỏ vài đồng ra nhưg chỉ thích hành hạ người khác .,Disgust,có nhiều người bỏ vài đồng ra nhưg chỉ thích hành_hạ người khác
nếu để ý kĩ thì lái tàu có thể bước xuống và kéo đường ray qua một bên rồi cho tàu bẻ tay lái một chút là cứu được cái xe . tiếc cái xe quá,Sadness,nếu để_ý kĩ thì lái tàu có_thể bước xuống và kéo đường_ray qua một bên rồi cho tàu bẻ tay_lái một_chút là cứu được cái xe tiếc cái xe quá
thay đổi chóng mặt,Other,thay_đổi chóng_mặt
an toàn cho mình chứ cho ai đâu mà cứ thích kiểu trốn tránh ấy nhỉ ..,Other,an_toàn cho mình chứ cho ai đâu mà cứ thích kiểu trốn_tránh ấy nhỉ
bên aeon hay thật đấy =))))),Enjoyment,bên aeon hay thật đấy
và rồi cô ấy sẽ mãi mãi không có người yêu =((,Sadness,và rồi cô ấy sẽ mãi_mãi không có người_yêu
cảm giác thanh thản vãi,Enjoyment,cảm_giác thanh_thản vãi
"mấy anh làm video đầu tư ghê , nội dung diễn xuất hay",Enjoyment,mấy anh làm video đầu_tư ghê nội_dung diễn_xuất hay
chắc chưa biết đến trụ đèn đỏ nằm ngay chân cầu :),Other,chắc chưa biết đến trụ đèn_đỏ nằm ngay chân cầu icon_vui
khi nào người con gái ấy xuất hiện đúng lúc trong cuộc đời của tôi đây,Other,khi nào người con_gái ấy xuất_hiện đúng lúc trong cuộc_đời của tôi đây
đây là bạn tao . =)),Enjoyment,đây là bạn tao
ko bằng con 🐕,Other,không bằng con
đọc xong nước mắt ứa ra,Sadness,đọc xong nước_mắt ứa ra
"căm thù , uất đến tận họng mà không biết phải làm gì ??? càng xem càng thấy đau lòng mặc dù không phải con mình . 1 xh thối nát , đồng tiền làm lu mờ nhân tính con người .",Anger,căm_thù uất đến tận họng mà không biết phải làm gì càng xem càng thấy đau_lòng mặc_dù không phải con mình 1 xh thối_nát đồng_tiền làm lu_mờ nhân_tính con_người
"ỏoo , nó cười xong kiểu cả không gian ngập nắng , thế giới thu bé lại chỉ có hai đứa , rồi tim cứ đập thình thịch , nghĩ thoii mà cũng thích , hì :>",Enjoyment,ỏoo nó cười xong kiểu cả không_gian ngập nắng thế_giới thu bé lại chỉ có hai đứa rồi tim cứ đập thình_thịch nghĩ thoii mà cũng thích hì
chúc mày mau khoẻ nhá chủ thớt ạ =)),Enjoyment,chúc mày mau khoẻ nhá chủ thớt ạ
hàng xóm và họ hàng là 2 đối tượng hãm chưa từng có,Disgust,hàng_xóm và họ_hàng là 2 đối_tượng hãm chưa từng có
trời ơi cái đoạn này em khóc tu tu luôn 😪.. trong khoảnh khắc rời xa một ai đó mãi mãi cơn đau thấu ngực trái huhu,Sadness,trời ơi cái đoạn này em khóc tu tu luôn trong khoảnh_khắc rời xa một ai đó mãi_mãi cơn đau thấu ngực trái huhu
ngang trái quá ạ !,Disgust,ngang_trái quá ạ
per mai mốt không xem hết video đừng vô phán,Disgust,per mai_mốt không xem hết video đừng vô phán
có cái ảnh tỉ năm trước cứ đăng đăng con cặc . đéo thấy nhàm à . nghĩ thôi thấy bất hạnh vãi .,Anger,có cái ảnh tỉ năm trước cứ đăng đăng con cặc đéo thấy nhàm à nghĩ thôi thấy bất_hạnh vãi
"sao vẫn còn người tốt trong xã hội này , đáng khâm phục",Enjoyment,sao vẫn còn người tốt trong xã_hội này đáng khâm_phục
nhận khách tàu nhanh ai muốn không nè,Other,nhận khách tàu_nhanh ai muốn không nè
tao sẽ lấy hết tất cả các nick clone tao có phẫn nộ cái vid này 🙂,Anger,tao sẽ lấy hết tất_cả các nick clone tao có phẫn_nộ cái vid này icon_vui
cười thấy đáng yêu ^^,Enjoyment,cười thấy đáng yêu icon_vui
giun xào đĩa luộc là ngon ngay 😂😂😂,Enjoyment,giun xào đĩa luộc là ngon ngay icon_vui icon_vui icon_vui
e quê bg mà mùa vải còn không có vải mà ăn @@@,Sadness,e quê bg mà mùa vải còn không có vải mà ăn
muốn ói,Disgust,muốn ói
per tôi đợi ngày nhận thiệp cưới của ông,Enjoyment,per tôi đợi ngày nhận thiệp cưới của ông
đen thôi đỏ vẫn thế,Other,đen thôi đỏ vẫn thế
ha ha chịu không nổi luôn !,Enjoyment,ha_ha chịu không nổi luôn
per hãy cảm ơn tao đi hâhah,Enjoyment,per hãy cảm_ơn tao đi hâhah
phim này là người cha zombie yêu thương con nè . xúc động quá 😢😢,Sadness,phim này là người cha zombie yêu_thương con nè xúc_động quá icon_buon icon_buon
"đi chơi gặp 3 con mất dậy này vừa bị dí vừa bị cạp đít đau không chịu được sau phải nhảy lên cây để trốn , giờ gặp là sợ 😭😭",Fear,đi chơi gặp 3 con mất dậy này vừa bị dí vừa bị cạp đít đau không chịu được sau phải nhảy lên cây để trốn giờ gặp là sợ icon_buon icon_buon
thật ra cách quét hạt xốp rất dễ mà có thể các bạn chưa biết . đó là . tẩm xăng những chỗ có xốp và đốt 😂,Enjoyment,thật_ra cách quét hạt xốp rất dễ mà có_thể các bạn chưa biết đó là tẩm xăng những chỗ có xốp và đốt icon_vui
đúng là xa thơm gần thối . người tuyệt vời ngay trước mắt mà không thấy,Disgust,đúng là xa thơm gần thối người tuyệt_vời ngay trước_mắt mà không thấy
per võ công thâm hậu quá,Surprise,per võ_công thâm hậu quá
lúc bé mình rất sợ,Fear,lúc bé mình rất sợ
thề cưng thiệc sự =)),Enjoyment,thề cưng thiệc sự
tao tưởng nó té cái đùng chứ . làm ngồi chờ mãi mỏi cả mắt,Sadness,tao tưởng nó té cái đùng chứ làm ngồi chờ mãi mỏi cả mắt
loại cửa đó :))) cái khung sắt cứng không tả nổi . đen lắm bung cả cửa ra thôi .,Other,loại cửa đó icon_vui cái khung sắt cứng không tả nổi đen lắm bung cả cửa ra thôi
chắc phải đi một chuyến thôi :3,Other,chắc phải đi một chuyến thôi 3
sao có thể ngây thơ đến vậy được nhỉ,Surprise,sao có_thể ngây_thơ đến vậy được nhỉ
per chuyện cổ tích nè ! haha !,Enjoyment,per chuyện cổ_tích nè haha
địt mẹ . và ở việt nam chúng tôi gọi đó là lũ óc chó bán phá giá đó,Anger,địt_mẹ và ở việt_nam chúng_tôi gọi đó là lũ óc chó bán phá_giá đó
mối nguy hại đó,Fear,mối nguy_hại đó
t chỉ ngồi nhà và ngắm cảnh tắc đường thôi,Other,tao chỉ ngồi nhà và ngắm cảnh tắc đường thôi
mình có xài rồi nè hồi lúc đi làm xí nghiêp gọi là lò xô đổ dầu xài,Other,mình có xài rồi nè hồi lúc đi làm xí nghiêp gọi là lò xô đổ dầu xài
không biết phải mình lúa không . chứ mỗi lần đi du lịch trước khi trả phòng là mình phải dọn sạch sẽ . cứ nghĩ nhận phòng sao thì trả phòng vậy . bị anh chồng la hoài là vậy,Sadness,không biết phải mình lúa không chứ mỗi lần đi du_lịch trước khi trả phòng là mình phải dọn sạch_sẽ cứ nghĩ nhận phòng sao thì trả phòng vậy bị anh chồng la hoài là vậy
em đang ở đâu mà mấy năm rồi chưa thấy xuất hiện :),Sadness,em đang ở đâu mà mấy năm rồi chưa thấy xuất_hiện icon_vui
vì tao xấu và chúng nó chỉ thích gái đẹp,Sadness,vì tao xấu và chúng_nó chỉ thích gái đẹp
"chó chứ không phải người , rất mong pháp luật anh minh",Anger,chó chứ không phải người rất mong pháp_luật anh_minh
t xem phim này cứ thích bà ma nhập vào thôi chứ bình thường yếu đúi nhạt tao không thích,Disgust,tao xem phim này cứ thích bà ma_nhập vào thôi chứ bình_thường yếu đúi nhạt tao không thích
cay đắng cuộc đời 😞 một chút vị mặn của mồ hôi nước mắt,Sadness,cay_đắng cuộc_đời icon_buon một_chút vị mặn của mồ_hôi nước_mắt
"theo mình thì không nên vì định kiến xã hội quá khắc nghiệt , họ sẽ bị tổn thương và nghĩ quẩn",Fear,theo mình thì không nên vì định_kiến xã_hội quá khắc_nghiệt họ sẽ bị tổn_thương và nghĩ quẩn
đáng yêuc vãi anh ơi,Enjoyment,đáng yêuc vãi anh ơi
tao tưởng tới đoạn per tuyên bố hôn nụ hôn chia tay chứ … ai ngờ kết quả lại khác bây,Surprise,tao tưởng tới đoạn per tuyên_bố hôn nụ hôn chia_tay chứ ai_ngờ kết_quả lại khác bây
per :)) chắc giống cảm nhận của ông lái oto hôm qua,Enjoyment,per icon_vui chắc giống cảm_nhận của ông lái oto hôm_qua
"ước gì mèo nhà mình cũng có thể về nhà như vậy , mất ẻm được 2 năm rồi :(((",Sadness,ước gì mèo nhà mình cũng có_thể về nhà như_vậy mất ẻm được 2 năm rồi icon_buon
bà ngày xưa đẹp quá ❤️,Enjoyment,bà ngày_xưa đẹp quá
chỉ có mấy thằng ấn ngáo ngơ vừa bẩn trông chẳng giá gì . đúng là lớp 1 trượt môn đạo đức vì tội không ju jin vệ sinh thân thể,Disgust,chỉ có mấy thằng ấn ngáo ngơ vừa bẩn trông chẳng giá gì đúng là lớp 1 trượt môn đạo_đức vì tội không ju jin vệ_sinh thân_thể
cái quần gì vậy đmmmmm đang tủi thân xem cái lol này nữa,Anger,cái quần gì vậy đm đang tủi_thân xem cái lol này nữa
khổ người lao động thôi,Sadness,khổ người lao_động thôi
thiếu hình ăn gà rán rồi,Sadness,thiếu hình ăn gà rán rồi
boss hổng có 6 múi hả :( buồn dị,Sadness,boss không có 6 múi hả icon_buon buồn dị
phải tự cho mình đau lòng nhất thì mới bỏ được,Sadness,phải tự cho mình đau_lòng nhất thì mới bỏ được
"quay quay cái lồn , thấy bị bắt nạt thì ra nói một câu bảo vệ người ta , có khi tối về lại có người nằm ôm . cứ cầm điện thoại pin với chả không pin",Anger,quay quay cái lồn thấy bị bắt_nạt thì ra nói một câu bảo_vệ người_ta có_khi tối về lại có người nằm ôm cứ cầm điện_thoại pin với chả không pin
yêu sắp 2 năm rồi mà không biết người yêu kể chuyện cho nghe là gì 😢 đòi mấy lần toàn kêu không bình thường xịu xịu,Sadness,yêu sắp 2 năm rồi mà không biết người_yêu kể chuyện cho nghe là gì icon_buon đòi mấy lần toàn kêu không bình_thường xịu xịu
hi vọng câu chuyện admin vừa bịa ra giúp các bạn có thêm niềm tin trong cuộc sống 😂.,Enjoyment,hi_vọng câu_chuyện admin vừa bịa ra giúp các bạn có thêm niềm tin trong cuộc_sống icon_vui
nhiều lúc buồn đến nỗi coi những vid thế này . đéo thể cười nỗi .,Sadness,nhiều lúc buồn đến_nỗi coi những vid thế này đéo thể cười nỗi
"đồng nghiệp tốt , chị em tốt đi làm như đi chơi :)) chứ làm cùng với mấy con mlz đáng sợ lắm :))",Fear,đồng_nghiệp tốt chị_em tốt đi làm như đi chơi icon_vui chứ làm cùng với mấy con mlz đáng sợ lắm icon_vui
đây là cách các chàng trai thu hút sự chú ý của các cô gái hả ?,Surprise,đây là cách các chàng trai thu_hút sự chú_ý của các cô gái hả
chủ vô tâm có chó mà nuôi vất năn vất lóc không tắm rửa để bẩn thì trả có giận có ve,Disgust,chủ vô_tâm có chó mà nuôi vất năn vất lóc không tắm_rửa để bẩn thì trả có giận có ve
tránh xa tao ra,Disgust,tránh xa tao ra
"đừng bao giờ sợ trở thành chính mình , bạn hãy nhớ bản gốc luôn có giá trị hơn bản sao",Other,đừng bao_giờ sợ trở_thành chính mình bạn hãy nhớ bản_gốc luôn có giá_trị hơn bản_sao
"và cô gái ăn cái bánh vài năm vẫn chưa xong ,",Other,và cô gái ăn cái bánh vài năm vẫn chưa xong
họp lớp cấp 2 đi được 2 lần . cấp 3 năm trước năm nay thôi nhưng đéo 🙂,Disgust,họp lớp cấp 2 đi được 2 lần cấp 3 năm trước năm nay thôi nhưng đéo icon_vui
yêu thế nhè 😍😍😍 có em gái chắc cũng vui lắm,Enjoyment,yêu thế nhè icon_vui icon_vui icon_vui có em_gái chắc cũng vui lắm
viết tên anh trên cát cho sóng đập nát cái matlon anh :)),Enjoyment,viết tên anh trên cát cho sóng đập nát cái matlon anh icon_vui
cái lò tao ghét nhất,Disgust,cái lò tao ghét nhất
per mày mà bị như thế này chắc mày phải nhảy ra ngoài vũ trụ luôn nhỉ,Other,per mày mà bị như thế này chắc mày phải nhảy ra ngoài vũ_trụ luôn nhỉ
các b học sinh đáng yêu quá,Enjoyment,các b học_sinh đáng yêu quá
con người chứ có phải con cặc đâu mà để nói hoài,Anger,con_người chứ có phải con cặc đâu mà để nói hoài
"tuổi thơ mình toàn đi đánh nhau với bọn con trai , có thằng ắt ơ nào chịu nhường nhịn con gái đâu",Other,tuổi_thơ mình toàn đi đánh nhau với bọn con_trai có thằng ắt ơ nào chịu nhường_nhịn con_gái đâu
"ủa tao tưởng trái bòn bon chứ ,",Surprise,ủa tao tưởng trái bòn_bon chứ
vì tiền mà làm đau làm khổ người khác như thế này sao 😔,Sadness,vì tiền mà làm đau làm khổ người khác như thế này sao icon_buon
sao giống phim good doctor của hàn vậy ?? cũng bệnh tự kỉ và có khả năng nhìn được 3d !,Enjoyment,sao giống phim good doctor của hàn_vậy cũng bệnh tự kỉ và có khả_năng nhìn được 3d
kệ cha nó,Disgust,kệ cha nó
ngày xưa tao cũng viết nhưng bị chị gái đọc trộm từ đó dẹp mẹ nhật ký luôn,Other,ngày_xưa tao cũng viết nhưng bị chị_gái đọc trộm từ đó dẹp mẹ nhật_ký luôn
mai xem lại phim nay . phim rất hay .,Enjoyment,mai xem_lại phim nay phim rất hay
lm ngày có trăm ngàn thôi mà dọn lòi lol vãi vả cức haizx thật,Anger,lm ngày có trăm ngàn thôi mà dọn lòi lol vãi vả cức haizx thật
ông này đẹp vãi,Enjoyment,ông này đẹp vãi
tuổi trẻ tài cao :)),Enjoyment,tuổi_trẻ tài cao icon_vui
"chỉ cần đó là việc mình thích , không làm phiền ai là được",Other,chỉ cần đó là việc mình thích không làm_phiền ai là được
"mình thấy cũng bình thường 🤔 ny mình ủ hũ mắm tôm , mắm tép nếu tiếp tục không rửa chắc hơn 30 năm nữa là đạt kỉ lục thế giới “ ủ mắm tôm ” 60 năm mất 🤦🏻‍♂️",Disgust,mình thấy cũng bình_thường ny mình ủ hũ mắm_tôm mắm_tép nếu tiếp_tục không rửa chắc hơn 30 năm nữa là đạt kỉ_lục thế_giới ủ mắm_tôm 60 năm mất
"em ơi , hết rồi 😔 hết rồi , chẳng còn chi nữa đâu em ...",Sadness,em ơi hết rồi icon_buon hết rồi chẳng còn chi nữa đâu em
có ai thấy tởm nhưng vẫn coi hết video như tao không 😌😌,Disgust,có ai thấy tởm nhưng vẫn coi hết video như tao không
đúng chất trẻ trâu,Disgust,đúng chất trẻ trâu
nó lợi dụng ở 1 khía cạnh nào đó mà thôi,Disgust,nó lợi_dụng ở 1 khía_cạnh nào đó mà thôi
cuối cùng là hai mình ăn được ngủ được :))) đứa nào cũng lên vài kí,Enjoyment,cuối_cùng là hai mình ăn được ngủ được icon_vui đứa nào cũng lên vài kí
cả người nhà người yêu cũng không đồng ý :((,Sadness,cả người_nhà người_yêu cũng không đồng_ý icon_buon
tao xem mà cứ sợ nó ngã vãi 🙂,Fear,tao xem mà cứ sợ nó ngã vãi icon_vui
"crush một ai đó là điều không bao giờ có rồi , vì mình vừa béo , vừa xấu gái , vừa vv and vv . auto nhục 😞😞😞",Sadness,crush một ai đó là điều không bao_giờ có rồi vì mình vừa béo vừa xấu gái vừa vv and vv auto nhục icon_buon icon_buon icon_buon
per bố ơi bảo con rể làm thế đii :>,Other,per bố ơi bảo con rể làm thế đii
hôm nay thật tệ :((,Sadness,hôm_nay thật tệ icon_buon
chết mẹ mày đi ;))) không làm được thì nghỉ nhé . kiếm đồng tiền của bố dễ à kkkk,Disgust,chết mẹ mày đi không làm được thì nghỉ nhé kiếm đồng_tiền của bố dễ à k
ông này tài quá,Surprise,ông này tài quá
per . ủa sao giống răng anh vậy,Surprise,per ủa sao giống răng anh vậy
7 thằng này không phải con người chúng mày ạ,Disgust,7 thằng này không phải con_người chúng_mày ạ
kinh tởm,Disgust,kinh_tởm
tag vô cho xem mấy đứa xấu tánh thôi chứ ghệ anh tánh cực kỳ dt,Enjoyment,tag vô cho xem mấy đứa xấu tánh thôi chứ ghệ anh tánh cực_kỳ dt
per nguy hiểm vãi,Fear,per nguy_hiểm_vãi
tao thích bài này lắm luôn ý,Enjoyment,tao thích bài này lắm luôn ý
"chấp nhận đau khổ , để đổi lấy hạnh phúc , mà tìm mãi hạnh phúc không đến thế mới đau em .",Sadness,chấp_nhận đau_khổ để đổi lấy hạnh_phúc mà tìm mãi hạnh_phúc không đến thế mới đau em
tuổi thơ của tao toàn chơi với lũ cướp đồ ăn của tao với trêu tao cả ngày thôi chứ làm gì gặp được mấy soái như vậy đâu .,Disgust,tuổi_thơ của tao toàn chơi với lũ cướp đồ ăn của tao với trêu tao cả ngày thôi chứ làm gì gặp được mấy soái như vậy đâu
mai anh gọi tôi dậy đi :)),Other,mai anh gọi tôi dậy đi icon_vui
per vậy cug nghĩ ra được haha,Enjoyment,per vậy cug nghĩ ra được haha
đố ai định nghĩa được tình yêu . có khó gì đâu một buổi chiều . nó chiếm hồn ta bằng nắng hạ . bằng mây nhè nhẹ gío hiu hiu 👏,Enjoyment,đố ai định_nghĩa được tình_yêu có khó gì đâu một buổi chiều nó chiếm hồn ta bằng nắng hạ bằng mây nhè_nhẹ gío hiu_hiu
nhiệt tình + ngu dốt = phá hoại . toàn óc đi xem bđ,Disgust,nhiệt_tình ngu_dốt phá_hoại toàn óc đi xem bđ
"ông sống trên vũ trụ , vợ ông sống ở trái đất , ông cao thêm 5cm là chuyện bthg 😂",Enjoyment,ông sống trên vũ_trụ vợ ông sống ở trái_đất ông cao thêm 5cm là chuyện bthg icon_vui
"đồng chí thịt vợ tương lai của em thì nhẹ nhẹ đấy , không là phải cứ giã như gạo là không được đâu 😡😡",Other,đồng_chí thịt vợ tương_lai của em thì nhẹ nhẹ đấy không là phải cứ giã như gạo là không được đâu icon_tucgian icon_tucgian
nhạc hay chứ lời xàm .. vậy cũng rần rần,Disgust,nhạc hay chứ lời xàm vậy cũng rần_rần
khóc lóc rồi năm sau họp lớp đéo ai đi :)),Other,khóc_lóc rồi năm sau họp lớp đéo ai đi icon_vui
"per mất dậy vãi , lớn lên nó sẽ biết nó làm như này trên tv là không hay",Anger,per mất dậy vãi lớn lên nó sẽ biết nó làm như này trên tv là không hay
ta và nàng cùng quên .,Other,ta và nàng cùng quên
em không muốn chúng ta già đi chút nào . điều đó đồng nghĩa với việc cta sắp xa nhau 😔# n,Sadness,em không muốn chúng_ta già đi chút nào điều đó đồng_nghĩa với việc cta sắp xa nhau icon_buon n
"cấp tao tao toàn gặp mấy thằng trời đánh , per với per , hai đứa mày có đọc được thì nhớ là tao vẫn ghim hai đứa mày vì hay trêu tao , còn một thằng tên per nữa , dume bị nó bắt nạt cho khóc suốt 😡",Disgust,cấp tao tao toàn gặp mấy thằng trời_đánh per với per hai đứa mày có đọc được thì nhớ là tao vẫn ghim hai đứa mày vì hay trêu tao còn một thằng tên per nữa dume bị nó bắt_nạt cho khóc suốt icon_tucgian
vỉa hè to thế vẫn còn muốn ăn cả ồ hố nữa hả =)),Enjoyment,vỉa_hè to thế vẫn còn muốn ăn cả ồ hố nữa hả
đến đoạn chúng nó ctay con mẹ nó luôn :)),Other,đến đoạn chúng_nó ctay con_mẹ nó luôn icon_vui
nhớ thời sinh viên 😃,Enjoyment,nhớ thời sinh_viên
"vui thôi đừng vui quá , làm ai cũng ngại",Other,vui thôi đừng vui quá làm ai cũng ngại
đéo biết ! vợ tôi đéo cho nữa !,Anger,đéo biết vợ tôi đéo cho nữa
lạng sơn đang nắng mà,Other,lạng sơn đang nắng mà
"thiện tai , thế giới này khi nào mới được yên bình",Fear,thiện tai thế_giới này khi nào mới được yên_bình
mới tết xong . tặng cặp bánh chưng là ưng nhất :)),Enjoyment,mới tết xong tặng cặp bánh_chưng là ưng nhất icon_vui
giờ thì chả dám nhìn nữa hic :((,Sadness,giờ thì chả dám nhìn nữa hic icon_buon
tào lao ròi đóa,Disgust,tào_lao ròi đóa
đến câu nào có đáp số quen thì khoanh :)),Enjoyment,đến câu nào có đáp_số quen thì khoanh icon_vui
lở có sự cố vì đó so với kỷ luật vây có bằng không,Other,lở có sự_cố vì đó so với kỷ_luật vây có bằng_không
"nta nói đừng có nhìn mặt mà bắt hình dong nhg mà thực sự nhìn bả , tôi thấy cứ đanh đá , mưu mô , xảo quyệt kiểu gì ý , cảm thấy đây là con người không có hậu",Disgust,nta nói đừng có nhìn mặt mà bắt hình dong nhg mà thực_sự nhìn bả tôi thấy cứ đanh_đá mưu_mô xảo_quyệt kiểu gì ý cảm thấy đây là con_người không có_hậu
đỉ lol đè chết mẹ đi . hát cái lol,Anger,đỉ lol đè chết mẹ đi hát cái lol
công tình yêu làm ăn kiểu lồn gì vậy .,Anger,công tình_yêu làm_ăn kiểu lồn gì vậy
tưởng thế nào 🤣,Other,tưởng thế_nào icon_vui
vcb thu phí dịch vụ cao có khác . lương nv cũng hơn chỗ khác :)),Enjoyment,vcb thu phí dịch_vụ cao có khác lương nv cũng hơn chỗ khác icon_vui
đoạn 3 móc cái dt nhanh vliz,Surprise,đoạn 3 móc cái dt nhanh vliz
thì đã sao ? miếng cơm nghề nghiệp người ta . nếu như không thích quay thì lên đòi ban tổ chức ấy hoặc đừng có mà chơi bóng chứ đâu ra cái kiểu bố đời ấy,Disgust,thì đã sao miếng cơm nghề_nghiệp người_ta nếu như không thích quay thì lên đòi ban tổ_chức ấy hoặc đừng có mà chơi bóng chứ đâu ra cái kiểu bố đời ấy
nguy hiểm thật ... suýt nữa tao ảo tưởng con mẹ nó luôn rồi ..,Fear,nguy_hiểm thật suýt_nữa tao ảo_tưởng con_mẹ nó luôn rồi
"bố đã làm gì mày đâu , con chó này =))",Anger,bố đã làm gì mày đâu con chó này
"cùng cười cùng khóc cùng vượt qua khó khăn , đau khổ nhưng cuối cùng lại là con số 0 :)",Sadness,cùng cười cùng khóc cùng vượt qua khó_khăn đau_khổ nhưng cuối_cùng lại là con_số 0 icon_vui
điều quan trọng ở đây là mày cần sạc điện thoại kìa,Other,điều quan_trọng ở đây là mày cần sạc điện_thoại_kìa
t không phải con sến súa . ko cần quá cầu kì lãng mạn . cầu hôn tao thế này là tao đổ rồi per,Enjoyment,tao không phải con sến súa không cần quá cầu_kì lãng_mạn cầu_hôn tao thế này là tao đổ rồi per
giết người quá rồi giờ phải đi tù chứ :))),Other,giết người quá rồi giờ phải đi tù chứ icon_vui
con mèo đág yêuc quá 🤣,Enjoyment,con mèo đág yêuc quá icon_vui
bị đánh bại bằng đòn mông . nổi ô nhục đến chết cũng không hết nổi,Disgust,bị đánh_bại bằng đòn mông nổi ô_nhục đến chết cũng không hết nổi
quả dạ vâng kia ngọt vãi ngọt . đéo bù khách của tao toàn được,Disgust,quả dạ vâng kia ngọt vãi ngọt đéo bù khách của tao toàn được
tôi nói với các ông nhé . dắt bộ qua chốt cũng chưa chắc ngon ăn per,Other,tôi nói với các ông nhé dắt bộ qua chốt cũng chưa chắc ngon_ăn per
đúng các anh 2 nghĩ ra nhiều kiểu quá,Enjoyment,đúng các anh 2 nghĩ ra nhiều kiểu quá
đã hói lại còn mắt thâm,Disgust,đã hói lại còn mắt thâm
thế nên tao với mày không thể làm người yêu nhau được,Sadness,thế nên tao với mày không_thể làm người_yêu nhau được
mèo người ta đi lạc về nó còn nhớ chủ chủ còn được đụng nó còn mèo nhà tao đi tán trai có mấy tháng về nhà thấy chủ như thấy ma 😌😌,Sadness,mèo người_ta đi lạc về nó còn nhớ chủ chủ còn được đụng nó còn mèo nhà tao đi tán trai có mấy tháng về nhà thấy chủ như thấy ma
ngày xưa cũng như này trong lúc mối quan hệ bắt đầu nhạt :) haiz,Sadness,ngày_xưa cũng như này trong lúc mối quan_hệ bắt_đầu nhạt icon_vui haiz
"per đây là thằng con trai vừa đẹp còn có não , mong per học hỏi ! xin cảm ơn",Enjoyment,per đây là thằng con_trai vừa đẹp còn có não mong per học_hỏi xin cảm_ơn
"ngày xưa , ngoài thú vui chọc chó dí , còn chọc cho ngỗg rượt . cách giảm cân hịu quả nhất cho mấy đứa lười 😂. nhớ lại vui thật , đúg là thời sửu nhi .",Enjoyment,ngày_xưa ngoài thú_vui chọc chó dí còn chọc cho ngỗg rượt cách giảm cân hịu quả nhất cho mấy đứa lười icon_vui nhớ lại vui thật đúg là thời sửu nhi
mình toàn làm ba mẹ buồn,Sadness,mình toàn làm ba mẹ buồn
thèm được bố chửi 1 lần 🤤🤤,Enjoyment,thèm được bố chửi 1 lần
thằng quay đáng bị đạp cho lăn con cụ ra mới biết sợ =)) cứ tưởng thế là vui 🙂 súc vật,Anger,thằng quay đáng bị đạp cho lăn con cụ ra mới biết sợ cứ tưởng thế_là vui icon_vui súc_vật
nuôi gì mà không có tâm gì v nè,Disgust,nuôi gì mà không có tâm gì v nè
tốt nhất không đi đâu cả nhé ..,Other,tốt nhất không đi đâu cả nhé
bé giỏi toán quá nên cô giáo mất dạy luôn,Other,bé giỏi toán quá nên cô_giáo mất_dạy luôn
couple cuối . yêu chết đi được,Enjoyment,couple cuối yêu chết đi được
cai nay do co roi . ai con ban nua không,Other,cai nay do co roi ai con ban nua không
đây là 1 câu chuyện buồn,Sadness,đây là 1 câu_chuyện buồn
đã từng được ăn ké vài bữa 😝,Enjoyment,đã từng được ăn ké vài bữa icon_vui
cưng nhỉ,Enjoyment,cưng nhỉ
"per này , thích thì xem cho đã con mắt đi 🙁 đáng sợ quá mà",Fear,per này thích thì xem cho đã con mắt đi đáng sợ quá mà
cũng thơm mà . kì thị quá à .,Enjoyment,cũng thơm mà kì_thị quá à
nếu ai cũng có ý thức tốt đẹp thì đất nước này còn gì để nói . đâu có ai hoàn toàn hoàn hảo đâu bạn . dù là moi tần lớp,Enjoyment,nếu ai cũng có ý_thức tốt_đẹp thì đất_nước này còn gì để nói đâu có ai hoàn_toàn hoàn_hảo đâu bạn dù là moi tần lớp
"thương quá . giờ con đi học ở lại cả ngày thì hên xui thôi chứ biết làm sao , không ăn thịt heo thì ăn gì . mong sao có lệnh tạm dừng ăn thịt heo trong thời gian này cho các trường mầm non thì hay biết mấy .",Sadness,thương quá giờ con đi học ở lại cả ngày thì hên xui thôi chứ biết làm_sao không ăn thịt heo thì ăn gì mong sao có lệnh tạm dừng ăn thịt heo trong thời_gian này cho các trường mầm_non thì hay biết_mấy
nhìn qua ảnh thôi cũng thích =)),Enjoyment,nhìn qua ảnh thôi cũng thích
nhà thì như cái chuồng lợn còn bày đặt đắp mặt !,Disgust,nhà thì như cái chuồng lợn còn bày_đặt đắp mặt
"tôi xin nhắc lại , đây là một câu chuyện buồn",Sadness,tôi xin nhắc lại đây là một câu_chuyện buồn
nên công bố để răn đe,Other,nên công_bố để răn_đe
"dù thế nào thì anh tôi luôn bất hạnh , ai khóc cho anh khấc tôi đây 😢",Sadness,dù thế_nào thì anh tôi luôn bất_hạnh ai khóc cho anh khấc tôi đây icon_buon
"đang làm nhiệm vụ mà cứ léo nhéo thế nhỉ , để cho cán bộ gọi về cho chỉ huy đi",Disgust,đang làm nhiệm_vụ mà cứ léo_nhéo thế nhỉ để cho cán_bộ gọi về cho chỉ_huy đi
nấu cơm như vậy xong đi lên nhà xem hoạt hình .. đến lúc hết phim xuống để xới cơm thì .... khét lẹt,Sadness,nấu cơm như vậy xong đi lên nhà xem hoạt_hình đến lúc hết phim xuống để xới cơm thì khét_lẹt
có ai không sợ nhưng giật mình như tao không :) dumehuhonchimen,Enjoyment,có ai không sợ nhưng giật_mình như tao không icon_vui dumehuhonchimen
"đêm hôm coi lại , cười mún rụg rún",Enjoyment,đêm hôm coi lại cười mún rụg rún
năm nào mà tao chã cô đơn,Sadness,năm nào mà tao chã cô_đơn
giận ngược trở lại chúng nó sớm chia tay thôi :))),Other,giận ngược trở_lại chúng_nó sớm chia_tay thôi icon_vui
sao trận này ông này khóc nhỉ :)),Surprise,sao trận này ông này khóc nhỉ icon_vui
bọn yêu nhau tưởng thế là hay,Disgust,bọn yêu nhau tưởng thế_là hay
"khi bạn cố gắng kéo lại với người ta và họ chụp màn hình gửi cho mọi người , còn đem đi kể nữa chứ",Disgust,khi bạn cố_gắng kéo_lại với người_ta và họ chụp màn_hình gửi cho mọi người còn đem đi kể nữa chứ
"bằng lòng với những gì mình đang có đi , trên thế giới có rất nhiều người không được như mình đâu",Other,bằng_lòng với những gì mình đang có đi trên thế_giới có rất nhiều người không được như mình đâu
per bá đạo quá 😁,Surprise,per bá đạo quá icon_vui
lâu rồi không được nhìn nụ cười ấy,Sadness,lâu rồi không được nhìn nụ cười ấy
bao năm ăn học ở trg mà các vị làm vài vụ như thế nào 1 năm thì lại vui quá . vks ạ,Other,bao năm ăn_học ở trg mà các vị làm vài vụ như thế_nào 1 năm thì lại vui quá vks ạ
dịch vụ tận tâm . đáng yêu quá ! : x,Enjoyment,dịch_vụ tận_tâm đáng yêu quá x
câu chuyện dễ thương thật ^^,Enjoyment,câu_chuyện dễ_thương thật icon_vui
là đi phát tờ rơi ngay mấy ngã tư và cổng trường đại học ! được 200k về mua skin yasuo siêu phẩm 2016,Enjoyment,là đi phát tờ_rơi ngay mấy ngã tư và cổng trường đại_học được 200k về mua skin yasuo siêu phẩm 2016
mình chỉ nói đến cơ hội việc làm thôi chứ không bàn luận gì về việc ông ấy là người như thế nào bạn nhé ??,Other,mình chỉ nói đến cơ_hội việc_làm thôi chứ không bàn_luận gì về việc ông ấy là người như thế_nào bạn nhé
còn nhiều người khổ hơn mình :)),Other,còn nhiều người khổ hơn mình icon_vui
"tội mày quá , lần sau mày bình tĩnh hơn nhé",Sadness,tội mày quá lần sau mày bình_tĩnh hơn nhé
per cười đau bụng luôn 🤣🤣,Enjoyment,per cười đau bụng luôn icon_vui icon_vui
per dẹp hết . không có bán mua quần què gì nữa hết,Anger,per dẹp hết không có bán mua quần què gì nữa hết
"nhìn 1 cái , cười 1 cái rồi về thôi",Enjoyment,nhìn 1 cái cười 1 cái rồi về thôi
tuổi thơ dữ dội là đây .,Enjoyment,tuổi_thơ dữ_dội là đây
tính ra con bé đó chuyên nghiệp ấy chứ,Enjoyment,tính ra con bé đó chuyên_nghiệp ấy chứ
cái địt con mẹ mày ... biết bố mày xem xong tí rơi điện thoại không 😭😭😭😭😭😭😭😭😭,Anger,cái địt con_mẹ mày biết bố mày xem xong tí rơi điện_thoại không icon_buon icon_buon icon_buon icon_buon icon_buon icon_buon icon_buon icon_buon icon_buon
per sao tội vạy em,Sadness,per sao tội vạy em
đéo hiểu,Other,đéo hiểu
nhớ cái bếp của mẹ .,Other,nhớ cái bếp của mẹ
tao ghét nhất đăng mấy thể loại v . đúg là nhãm lol,Disgust,tao ghét nhất đăng mấy thể_loại v đúg là nhãm lol
ghét mấy cái thể loại này . toàn lũ hãm,Disgust,ghét mấy cái thể_loại này toàn lũ hãm
hẳn là phạt 5 triệu luôn,Other,hẳn là phạt 5 triệu luôn
cuộc sống mà,Other,cuộc_sống mà
sao không mua thịt về ướp dưới nền rồi nướng luôn,Other,sao không mua thịt về ướp dưới nền rồi nướng luôn
((= nói cái này quá là bình thường luôn không đến mức phải xù lông nói là cười nhạo đâu ạ,Disgust,nói cái này quá là bình_thường luôn không đến mức phải xù lông nói là cười nhạo đâu ạ
coi xong đoan này . tao thấy nhớ nhà vô cùng 😭,Sadness,coi xong đoan này tao thấy nhớ nhà vô_cùng icon_buon
công nhận 😌😌😌 đồng nghiệp hạp hạp tí có khi ngồi buôn cả ngày bám hơn cả bám người yêu . đi làm hôm nào cảm thấy hôm đó ý nghĩa vãi,Enjoyment,công_nhận đồng_nghiệp hạp hạp tí có khi ngồi buôn cả ngày bám hơn cả bám người_yêu đi làm hôm nào cảm_thấy hôm đó ý_nghĩa vãi
ông bà có đam mê .,Other,ông_bà có đam_mê
nếu như bạn nào không biết là bạn đồ chanh chẹ,Other,nếu_như bạn nào không biết là bạn đồ chanh_chẹ
cái vị mà tao nghĩ đến cuối đời con người vẫn chưa nếm hết,Other,cái vị mà tao nghĩ đến cuối đời con_người vẫn chưa nếm hết
hoá nhện tỏ tình đấy :)))),Enjoyment,hoá nhện tỏ_tình đấy icon_vui
tôi từng trách bố mẹ sao sinh tôi ra trong hoàn cảnh này,Sadness,tôi từng trách bố_mẹ sao sinh tôi ra trong hoàn_cảnh này
khu này đẹp vãi chưởng,Surprise,khu này đẹp vãi chưởng
nhớ lại mỗi lần thay tim .. 😂,Other,nhớ lại mỗi lần thay tim icon_vui
em này sao giống chị tao quá vậy,Surprise,em này sao giống chị tao quá_vậy
"ngay bây giờ , chỉ cần anh thật lòng với tôi là được :)",Other,ngay bây_giờ chỉ cần anh thật lòng với tôi là được icon_vui
per 2 đại cao thủ đấu đầu :)),Other,per 2 đại_cao_thủ đấu đầu icon_vui
dễ thương vầy :>,Enjoyment,dễ_thương vầy
tao đang nghiêm túc đấy,Other,tao đang nghiêm_túc đấy
nói không phải khoe chứ em đi xe bò đi học,Enjoyment,nói không phải khoe chứ em đi xe_bò đi học
đm phải tao tao chửi mả bố nhà chúng nó lên chứ trêu trêu cái lol 😒😒 vả cho mỗi thằng ml vài cái chứ ở đấy cho chúng nó quây rồi nhăn nhỉ với nhau ..,Anger,chửi_thề phải tao tao chửi mả bố nhà chúng_nó lên chứ trêu trêu cái lol icon_chankhet icon_chankhet vả cho mỗi thằng ml vài cái chứ ở đấy cho chúng_nó quây rồi nhăn nhỉ với nhau
"hết cấp 3 , hết đại học và chỉ mới bắt đầu 1 cuộc chơi khác .",Other,hết cấp 3 hết đại_học và chỉ mới bắt_đầu 1 cuộc_chơi khác
"cả đống người trên đường , mà nó chỉ dí mình tao 😭. t đã làm nên tội gì 😭😭",Sadness,cả đống người trên đường mà nó chỉ dí mình tao icon_buon tao đã làm nên tội gì icon_buon icon_buon
đã bảo cho tôi đi trước rồi mà không chịu . :v,Other,đã bảo cho tôi đi trước rồi mà không chịu v
per còn nhớ hay đã quên,Other,per còn nhớ hay đã quên
nếu chịu khó đặt vào hoàn cảnh của nhau mà sống thì cuộc sống đơn giản hơn rồi đó,Sadness,nếu chịu_khó đặt vào hoàn_cảnh của nhau mà sống thì cuộc_sống đơn_giản hơn rồi đó
cưng v trờiiiiii .,Enjoyment,cưng v trời
per 😢😢 miss you .. chính xác luôn ak hậu,Sadness,per icon_buon icon_buon miss you chính_xác luôn à hậu
rồi liệu nằm với vợ ông làm thế nào nhỉ,Other,rồi liệu nằm với vợ ông làm thế_nào nhỉ
sau mỗi cuộc chia ly người ở lại vẫn là người đau lòng nhất :((,Sadness,sau mỗi cuộc chia_ly người ở lại vẫn là người đau_lòng nhất icon_buon
"phim hay dã man diễn viên chính đẹp trai , xem đi xem lại không chán",Enjoyment,phim hay dã_man diễn_viên chính đẹp_trai xem đi xem_lại không chán
tình yêu là sự mù quáng mà hix,Sadness,tình_yêu là sự mù_quáng mà hix
dễ thương quá,Enjoyment,dễ_thương quá
"má , mặt đúng ngáo luôn 😂",Enjoyment,má mặt đúng ngáo luôn icon_vui
có một sự tổn thương không hề nhẹ ở đây,Sadness,có một sự tổn_thương không hề nhẹ ở đây
tết trung thu chứ có phải tết “ giao phối ” đâu mà cần gấu với chả gà 😌😌,Disgust,tết trung_thu chứ có phải tết giao_phối đâu mà cần gấu với chả gà
"per làm ở đâu không quan trọng , quan trọng là vẫn buôn chuyện đều 😂😂😂",Enjoyment,per làm ở đâu không quan_trọng quan_trọng là vẫn buôn chuyện đều icon_vui icon_vui icon_vui
"kệ mẹ nó , giận được bao nhiêu thì giận . cắm sừng thì tao tiễn vong luôn",Disgust,kệ mẹ nó giận được bao_nhiêu thì giận cắm_sừng thì tao tiễn vong luôn
ra cái chỗ sóng không táp thì đéo ra cáu vãi :)),Anger,ra cái chỗ sóng không táp thì đéo ra cáu vãi icon_vui
hãy cảm ơn vì chúa đã ban em cho chị 😂😂,Enjoyment,hãy cảm_ơn vì chúa đã ban em cho chị icon_vui icon_vui
họ đáp vì phép lịch sự còn mình vì yêu mà chủ động vì quan tâm mà hỏi đủ điều ..🙁,Sadness,họ đáp vì phép lịch_sự còn mình vì yêu mà chủ_động vì quan_tâm mà hỏi đủ điều
:)) bật nhạc lên và quẩy thôi,Enjoyment,icon_vui bật nhạc lên và quẩy thôi
nhà tôi còn nè,Enjoyment,nhà tôi còn nè
per theo vợ nghĩ nếu là chồng thì chắc con đó dù là giả cũng sẽ lên nồi,Enjoyment,per theo vợ nghĩ nếu là chồng thì chắc con đó dù là giả cũng sẽ lên nồi
món này ngon vãi,Enjoyment,món này ngon vãi
per viêm màn túi cấp nghiêm trọng,Sadness,per viêm màn túi cấp nghiêm_trọng
kinh vãi,Disgust,kinh vãi
đến bao giờ mới nhận được tiền nhỉ,Other,đến bao_giờ mới nhận được tiền nhỉ
dăm ba con nhện nghĩ tao sợ (((=,Enjoyment,dăm_ba con nhện nghĩ tao sợ
ngày buồn hôm ấy tôi cũng là người rời khỏi lớp cuối cùng .!!!,Sadness,ngày buồn hôm ấy tôi cũng là người rời khỏi lớp cuối_cùng
"mình muốn tag mấy ông hàng xóm vào đây để các bác ấy biết rằng , bác ấy không chỉ buồn mà còn hát rất dở",Disgust,mình muốn tag mấy ông hàng_xóm vào đây để các bác ấy biết rằng bác ấy không chỉ buồn mà còn hát rất dở
là mỗi buổi sáng thức dậy ta có thêm 1 ngày mới để yêu thương ❤️.,Enjoyment,là mỗi buổi sáng thức dậy ta có thêm 1 ngày mới để yêu_thương
dume dễ thương vãi ??,Enjoyment,dume dễ_thương vãi
ủa làm gì đánh tao muốn chết vậy đuỹ ?,Anger,ủa làm gì đánh tao muốn chết vậy đuỹ
sau này nhất định phải nói chuyện lịch sự :)))) không phải một người đọc mà là mọi người cùng đọc =)))),Other,sau_này nhất_định phải nói_chuyện lịch_sự icon_vui không phải một người đọc mà là mọi người cùng đọc
"3s để tôi nói tôi yêu em và cả quãng đời còn lại để tôi chứng minh lời tôi nói :"" tôi yêu em """,Enjoyment,3s để tôi nói tôi yêu em và cả quãng đời còn lại để tôi chứng_minh lời tôi nói tôi yêu em
ấm hơn cả người yêu :)),Enjoyment,ấm hơn cả người_yêu icon_vui
e lên mang câu chuyện này đi thi thách thức danh hài . rất duyên,Enjoyment,e lên mang câu_chuyện này đi thi thách_thức danh_hài rất duyên
thấy topic đúng tâm trạng quá .,Enjoyment,thấy topic đúng tâm_trạng quá
chụp không biết bao nhiêu lần rồi,Other,chụp không biết_bao_nhiêu lần rồi
bài này hay tuyệt vời đấy ❤️,Enjoyment,bài này hay tuyệt_vời đấy
thật ra là nó muốn kiếm em gái anh trai mưa đấy,Other,thật_ra là nó muốn kiếm em_gái anh_trai mưa đấy
"ai mang đồ ăn cho anh ấy đi , kẻo đói tội nghiệp",Sadness,ai mang đồ ăn cho anh ấy đi kẻo đói tội_nghiệp
"coi khúc đầu không hiểu , đến lúc ổng bước ra khỏi làn khói , thật không thể cầm được nước mắt",Sadness,coi khúc đầu không hiểu đến lúc ổng bước ra khỏi làn khói thật không_thể cầm được nước_mắt
rất biết cách ngồi đấy nhỉ ????,Other,rất biết cách ngồi đấy nhỉ
per phim đó thì nam chính hay nữ chính đều chạy cả,Other,per phim đó thì nam chính hay nữ chính đều chạy cả
mấy con yêu nghiệt ngày xưa nội có nuôi 2 con cứ ra đằng sau là nó dí chạy muốn tuột mẹ quần 🙄🙄,Fear,mấy con yêu nghiệt ngày_xưa nội có nuôi 2 con cứ ra đằng sau là nó dí chạy muốn tuột mẹ quần icon_chankhet icon_chankhet
"hồi xưa , giờ yêu kiểu người lớn cơ mà",Other,hồi xưa giờ yêu kiểu người_lớn cơ_mà
có vợ nên lắm . váy mới ngày trước toàn áo chấm bi của mẹ 🤣🤣,Enjoyment,có vợ nên lắm váy mới ngày trước toàn áo chấm bi của mẹ icon_vui icon_vui
nó cưng quá mày,Enjoyment,nó cưng quá mày
trời có bạn nhận ra mình luôn à @@,Surprise,trời có bạn nhận ra mình luôn à
😭😭😭😭😭😭,Sadness,icon_buon icon_buon icon_buon icon_buon icon_buon icon_buon
tao nhìn sợ vãi,Fear,tao nhìn sợ vãi
cảm ơn bạn đã yêu đất nước việt nam tôi,Enjoyment,cảm_ơn bạn đã yêu đất_nước việt nam tôi
quan trọng là ông bà nội ngoại bạn phải giàu cái đã,Other,quan_trọng là ông bà nội ngoại bạn phải giàu cái đã
"chắc ông chồng hạnh phúc lắm khi sống chung với người vợ như vậy , những đứa con chắc cũng yêu mẹ họ lắm ! mà thặc ra là giống với mẹ tớ lắm kkk",Enjoyment,chắc ông chồng hạnh_phúc lắm khi sống chung với người vợ như_vậy những đứa con chắc cũng yêu mẹ họ lắm mà thặc ra là giống với mẹ tớ lắm k
ewww mình chẳng giữ được gì huhu,Sadness,ew mình chẳng giữ được gì huhu
vậy cũng được luôn hả ? 😄,Surprise,vậy cũng được luôn hả
"bộ phim này xem rất sướng . và rút ra được khám phá là thứ tuyệt vời nhất chứ không phải bằng cấp . giá như mấy ông "" bộ "" và mấy ông "" ngành "" dành thời gian xem phim này một lần .",Enjoyment,bộ phim này xem rất sướng và rút ra được khám_phá là thứ tuyệt_vời nhất chứ không phải bằng_cấp giá_như mấy ông bộ và mấy ông ngành dành thời_gian xem phim này một lần
xem không dưới 3 lần chia sẻ không dưới 2 lần nhưng mỗi lần nhìn thấy lại xem lại buồn,Sadness,xem không dưới 3 lần chia_sẻ không dưới 2 lần nhưng mỗi lần nhìn thấy lại xem_lại buồn
bây giờ gái nó chỉ cần bông hoa đồng tiền ném vào mặt nó để nó ăn tiêu chứ nó cần gì cái cây lu miên này .,Disgust,bây_giờ gái nó chỉ cần bông hoa đồng_tiền ném vào mặt nó để nó ăn_tiêu chứ nó cần gì cái cây lu miên này
"mút này mình xịt nước cho nó mềm ra , lấy chổi đùa đùa lại quét tới lúc nghỉ việc luôn quét cũng chưa xong nha , thứ nl",Disgust,mút này mình xịt nước cho nó mềm ra lấy chổi đùa đùa lại quét tới lúc nghỉ_việc luôn quét cũng chưa xong nha thứ nl
và hơn hết là tụi nó không còn coi mình là con gái nữa,Sadness,và hơn hết là tụi nó không còn coi mình là con_gái nữa
moẹ thấy u ám hơn thì có . dume 💩,Anger,moẹ thấy u_ám hơn thì có dume
hú hồn lon vẫn còn,Fear,hú_hồn lon vẫn còn
"một lúc nào đó chúng ta sẽ không nói chuyện nữa , lúc đó có lẽ em thật sự đã buông bỏ được rồi ...",Sadness,một lúc_nào đó chúng_ta sẽ không nói_chuyện nữa lúc đó có_lẽ em thật_sự đã buông bỏ được rồi
hẳn là thần tài . mê tín vãi,Disgust,hẳn là thần_tài mê_tín vãi
bớt chọc điên tao và bớt leo lên đầu tao ngồi 🙂 hãy để yên cho tao hiền 🙃,Disgust,bớt chọc điên tao và bớt leo lên đầu tao ngồi icon_vui hãy để yên cho tao hiền
per kỷ niệm khó quên nhỉ kkk,Enjoyment,per kỷ_niệm khó quên nhỉ k
địt mẹ hoang đường !,Disgust,địt_mẹ hoang_đường
"cô giáo chủ nhiệm hơi bị khốn nhỉ ? cô như vậy thì học sinh sao này học theo cái tính tráo trở , hai mặt",Disgust,cô_giáo_chủ_nhiệm hơi bị khốn nhỉ cô như_vậy thì học_sinh sao này học theo cái tính tráo_trở hai mặt
xin chúa thương xót chúng con,Other,xin chúa thương_xót chúng_con
lâu quá mới nghe lại bài này buồn thế,Sadness,lâu quá mới nghe lại bài này buồn_thế
rất thuyết phục,Enjoyment,rất thuyết_phục
mình hỏi mua rồi mà người ta kiểu nữa muốn bán nữa không bạn,Other,mình hỏi mua rồi mà người_ta kiểu nữa muốn bán nữa không bạn
buồn nhất là crush cũng chả có để mà thả 😞,Sadness,buồn nhất là crush cũng chả có để mà thả icon_buon
"ồ ! thật là bất ngờ , thật là thú zị , thật là liên quan ?",Surprise,ồ thật là bất_ngờ thật là thú zị thật là liên_quan
per anh tải cái này về cho per học nè . thú vị ghê,Enjoyment,per anh tải cái này về cho per học nè thú_vị ghê
per làm gì quên được kkkkk,Enjoyment,per làm gì quên được k
nhìn thế thôi nhưng làm được video như này cũng khó lắm hay phết 🙂,Other,nhìn thế thôi nhưng làm được video như này cũng khó lắm hay phết icon_vui
hợp lớp cái đéo gì được chục thằng = ),Disgust,hợp lớp cái đéo gì được chục thằng
ủa vậy phạm tội thì có ẩn danh không ? :)) ngộ àh,Disgust,ủa vậy phạm_tội thì có ẩn danh không icon_vui ngộ àh
lấy vợ xong anh có vẻ mũm mĩm nhỉ :333,Enjoyment,lấy vợ xong anh có vẻ mũm_mĩm nhỉ 333
dỗ lại dễ thôi mà . nhỉ nhỉ 🤣🤣🤣,Enjoyment,dỗ lại dễ thôi mà nhỉ nhỉ icon_vui icon_vui icon_vui
cho tao hỏi mấy con súc vật tụi bây cười cái gì dzậy ? chắc tụi mày phải bị gậy vụt vào mõm thì mới hết dám ngẩng mặt nhìn đời phải không ?,Anger,cho tao hỏi mấy con súc_vật tụi bây cười cái gì dzậy chắc tụi mày phải bị_gậy vụt vào mõm thì mới hết dám ngẩng mặt nhìn đời phải không
bạn nào cần bạn thân là con trai không :)),Other,bạn nào cần bạn thân là con_trai không icon_vui
tao bị quỳ cột cờ mới ác . cả trường biết mặt luôn . nhục vãi,Sadness,tao bị quỳ cột cờ mới ác cả trường biết mặt luôn nhục vãi
tao đã đóng dấu cấm đứa nào rớ vào =)))),Enjoyment,tao đã đóng_dấu cấm đứa nào rớ vào
"dm tuổi thơ tao lại toàn ba thằng hãm lol , độc chép bài .... đùa đùa đéo cho chép chúng nó chửi sấp mặt luôn ☹️",Anger,dm tuổi_thơ tao lại toàn ba thằng hãm lol độc chép bài đùa đùa đéo cho chép chúng_nó chửi sấp_mặt luôn
và thế đéo nào chúng nó toàn gọi mình là thằng 😏😏😏,Anger,và thế đéo nào chúng_nó toàn gọi mình là thằng
khôn lõi đời à ? chừa này,Disgust,khôn lõi_đời à chừa này
cũng chỉ là tạm thời . chỉ khi nào nguồn nước bẩn thôi đổ vào sông thì mới đảm bảo được .,Other,cũng chỉ là tạm_thời chỉ khi nào nguồn nước bẩn thôi đổ vào sông thì mới đảm_bảo được
per ru con để vợ đắp mặt nạ kìa ?? đúng là chồng người ta chưa bao giờ làm mình thất vọng ??,Enjoyment,per ru con để vợ đắp mặt_nạ kìa đúng là chồng người_ta chưa bao_giờ làm mình thất_vọng
"thật thà vãi , mà tao chỉ thích ăn xoài chua .",Other,thật_thà vãi mà tao chỉ thích ăn xoài chua
per vẩy cật lực luôn =)),Other,per vẩy cật_lực luôn
sao toàn gái ngành với bọn chủ tịch bình luận không vậy 🙂,Disgust,sao toàn gái ngành với bọn chủ_tịch bình_luận không vậy icon_vui
đây còn hơn cả vua . giàu mà nghĩ lớn làm lớn .,Other,đây còn hơn cả vua giàu mà nghĩ lớn làm lớn
bất ngờ thiệt :)))),Surprise,bất_ngờ thiệt icon_vui
"đang ỉa xem cười như điên , kkk",Enjoyment,đang ỉa xem cười như_điên k
nghiệt ngã hơn là phi hành gia đéo tuyển mấy đứa lùn :((,Sadness,nghiệt_ngã hơn là phi_hành_gia đéo tuyển mấy đứa lùn icon_buon
con mụ mất dạy . già mà lăng loàn . thấy người ta yếu thế hơn mà khôg giúp dựng cái xe dậy rồi nói với nhau vài câu tử tế . lại còn tỏ nguy hiểm định ăn cức người ta ak,Anger,con mụ mất_dạy già mà lăng_loàn thấy người_ta yếu_thế hơn mà khôg giúp dựng cái xe dậy rồi nói với nhau vài câu tử_tế lại còn tỏ nguy_hiểm_định ăn cức người_ta à
thiếu cái que chấm dầu là ổn 😂,Enjoyment,thiếu cái que chấm dầu là ổn icon_vui
bình thương tao hay cười lắm . nhưng khi tức tên ... tao lại khóc . quá yếu đuối,Sadness,bình thương tao hay cười lắm nhưng khi tức tên tao lại khóc quá yếu_đuối
ăn ngon nhưng nóng không chịu được,Fear,ăn ngon nhưng nóng không chịu được
vừa đây về đông kinh hồn càng về đêm càng đông,Fear,vừa đây về đông kinh_hồn càng về đêm càng đông
per tổ đội đánh rắm vào mà xem,Other,per tổ đội đánh_rắm vào mà xem
bếp thiiêu chân mày,Other,bếp thiiêu chân_mày
con người ta giỏi nhất là ảo tưởng vị trí của mình trong lòng người khác 🙃,Disgust,con người_ta giỏi nhất là ảo_tưởng vị_trí của mình trong lòng người khác
"đúng là tuổi tác nó không chứng minh được gì cả , già rồi ăn nói không văn hoá cử chỉ hành động tục tĩu hết nói nỗi",Disgust,đúng là tuổi_tác nó không chứng_minh được gì cả già rồi ăn_nói không văn_hoá cử_chỉ hành_động tục_tĩu hết nói nỗi
ra vậy . nguy hiểm thật :(((,Fear,ra vậy nguy_hiểm thật icon_buon
per hết tiền thật sự :(,Sadness,per hết tiền thật_sự icon_buon
nóng quá nên đổ lên cho mát thôi mà :)),Enjoyment,nóng quá nên đổ lên cho mát thôi mà icon_vui
cưng quá :))),Enjoyment,cưng quá icon_vui
lỗi của lái tàu nhé,Other,lỗi của lái tàu nhé
ai cũng bận cả và không ai rảnh rỗi ngày ngày quan tâm bạn đâu ?,Disgust,ai cũng bận cả và không ai rảnh_rỗi ngày_ngày quan_tâm bạn đâu
nuôi con chó mà để ve thế không thấy tởm nhỉ ?,Disgust,nuôi con chó mà để ve_thế không thấy tởm nhỉ
tuổi trẻ tài cao vãi,Enjoyment,tuổi_trẻ tài cao vãi
vô duyên và hài hước nó có 1 làn ranh giới mỏng manh vãi,Other,vô_duyên và hài_hước nó có 1 làn ranh_giới mỏng_manh vãi
đứng xa ra thì dễ dàng rồi =)) cái ngu ở đây là không viết được nhưng vãn cố chấp thôi =)),Disgust,đứng xa ra thì dễ_dàng rồi cái ngu ở đây là không viết được nhưng vãn cố_chấp thôi
xui thôi chứ quyền đang hay mà 😢,Sadness,xui thôi chứ quyền đang hay mà icon_buon
công an béo như lợn không đuổi nổi tội phạm 😂😂,Enjoyment,công_an béo như lợn không đuổi nổi tội_phạm icon_vui icon_vui
nhưng tôi đéo có bạn trai thì phải làm sao ?,Sadness,nhưng tôi đéo có bạn trai thì phải làm_sao
nhìn cái ngành gd việt nam bây giờ ai cũng mệt mỏi,Sadness,nhìn cái ngành gd việt nam bây_giờ ai cũng mệt_mỏi
"đó tao đi học tới 12 , mà dô lớp lì vẫn bị thầy cho nằm úp trên bàn trước lớp , kéo tà áo dài lên rồi đập cho mấy cây . giờ quánh thì không cho ( trừ mấy thầy cô yêuc quái cho mấy trăm cái bạt tai thì không tính ), phạt quỳ thì cũng lên báo . thua luôn .",Disgust,đó tao đi học tới 12 mà dô lớp lì vẫn bị thầy cho nằm úp trên bàn trước lớp kéo tà áo_dài lên rồi đập cho mấy cây giờ quánh thì không cho trừ mấy thầy cô yêuc quái cho mấy trăm cái bạt_tai thì không tính phạt quỳ thì cũng lên báo thua luôn
cái gì mà rớt hột le tè vậy em gái 😁😁😁,Enjoyment,cái gì mà rớt hột le tè vậy em_gái icon_vui icon_vui icon_vui
per trước cái thời ở trọ nè anh,Other,per trước cái thời ở trọ nè anh
sợ vãi =))),Fear,sợ vãi
lãng mạn vãi_chưởng =)))))) 0,Enjoyment,lãng_mạn vãi_chưởng 0
per tao tán sấp mặt,Anger,per tao tán sấp_mặt
việc làm và ý thức của những cổ động viên kém quá . mất hình ảnh bóng đá per còn mất 1 tỷ tiền phạt .,Disgust,việc_làm và ý_thức của những cổ_động_viên kém quá mất hình_ảnh bóng_đá per còn mất 1 tỷ tiền phạt
sao nhìn nó đấm đéo có lực gì hết nhỉ,Other,sao nhìn nó đấm đéo có lực gì hết nhỉ
mình bị say xe bạn à :(((,Sadness,mình bị say xe bạn à icon_buon
per haha cái t2 hợp với em nè ;)),Enjoyment,per haha cái t2 hợp với em nè
vậy là thế giới mất đi không biết bao nhiêu món nướng rồi :(,Sadness,vậy là thế_giới mất đi không biết_bao_nhiêu món nướng rồi icon_buon
nói thật :)) tao chỉ buồn cười khi chúng nó chia tay thôi :)),Enjoyment,nói thật icon_vui tao chỉ buồn_cười khi chúng_nó chia_tay thôi icon_vui
kết thúc phim bất ngờ quá,Surprise,kết_thúc phim bất_ngờ quá
"mới xem 1 đoạn xíu này mà cũng khóc hết hơi , nhìn em bé mất bố mà quay ra nhìn lại con mình đỏ hỏn nằm bên cạnh , thấy thương quá 😭",Sadness,mới xem 1 đoạn xíu này mà cũng khóc hết_hơi nhìn em bé mất bố mà quay ra nhìn lại con mình đỏ_hỏn nằm bên cạnh thấy thương quá icon_buon
xứng đáng cho cái ngu của thằng oto .. nghiền nát luôn oto càng tốt .. để cho cái lũ não ngắn nó hiểu được quy định của hành lang đường sắt là như nào .,Disgust,xứng_đáng cho cái ngu của thằng oto nghiền nát luôn oto càng tốt để cho cái lũ não ngắn nó hiểu được quy_định của hành_lang đường_sắt là như nào
ơ cưng < 3 < 3,Enjoyment,ơ cưng 3 3
nếu câu chuyện này được liệt kê vào danh sắc câu chuyện cảm động nhất trường thì câu chuyện của thư sẽ được liệt vào đâu đây 😂😂😂 per,Other,nếu câu_chuyện này được liệt_kê vào danh sắc câu_chuyện cảm_động nhất trường thì câu_chuyện của thư sẽ được liệt vào đâu_đây icon_vui icon_vui icon_vui per
"tại giống nhau quá , nhưng đừng như người ta nha , nghĩ đến tự tử các thứ chẳng có gì là hay cả",Sadness,tại giống nhau quá nhưng đừng như người_ta nha nghĩ đến tự_tử các thứ chẳng có gì là hay cả
còn trẻ trâu lắm cả hai đứa,Disgust,còn trẻ trâu lắm cả hai đứa
"mong là nước pháp sẽ tập trung xây dựng ổn định trong nước , và đừng đụng chạm tới nước khác nữa",Other,mong là nước pháp sẽ tập_trung xây_dựng ổn_định trong nước và đừng đụng_chạm tới nước khác nữa
ngắn gọn thôi : thế bây giờ mày muốn tao dỗ hay là tao giỗ :v,Other,ngắn_gọn thôi thế bây_giờ mày muốn tao dỗ hay là tao giỗ v
tao thích con bé nuốt chuối,Enjoyment,tao thích con bé nuốt chuối
ng ta nuôi vì niềm đam mê,Enjoyment,người_ta nuôi vì niềm đam_mê
trường mình chị lao công đóng cửa :((,Other,trường mình chị lao_công đóng_cửa icon_buon
thính đấy đừng dính . vì 1 ngày nào đấy mày sẽ nhận ra không chỉ mình mày mới được vậy,Disgust,thính đấy đừng dính vì 1 ngày nào đấy mày sẽ nhận ra không chỉ mình mày mới được vậy
nước ngoài có đầy mà :)),Enjoyment,nước_ngoài có đầy mà icon_vui
bô ̣ phim khiến bọn sinh viên có lí do để lười học theo li ́ thuyết là đây 😆,Enjoyment,bô ̣ phim khiến bọn sinh_viên có_lí_do để lười học theo li ́ thuyết là đây icon_vui
hơn cả bộ phim kinh dị !,Fear,hơn cả bộ phim kinh_dị
nằm ngó miệng kiểu đó ai dám ăn ??????,Disgust,nằm ngó miệng kiểu đó ai dám ăn
cả một bầu trời đáng yêu :))))),Enjoyment,cả một bầu_trời đáng yêu icon_vui
hic hic mình còn chả bao giờ được giận lại ấy chứ :((,Sadness,hic hic mình còn chả bao_giờ được giận lại ấy chứ icon_buon
còn người yêu tao : một hơi có một anh đẹp trai bay lơ lửng rồi ôm lấy em khi em tắm :(((,Enjoyment,còn người_yêu tao một_hơi có một anh đẹp_trai bay lơ_lửng rồi ôm lấy em khi em tắm icon_buon
nó sẽ thì thầm tai mày “ dượng đây “ 🤣🤣,Enjoyment,nó sẽ thì_thầm tai mày dượng đây icon_vui icon_vui
tập có lỗi với thằng quay phim mà tao xem ba lần tao vẫn cười đứt ruột,Enjoyment,tập có lỗi với thằng quay_phim mà tao xem ba lần tao vẫn cười đứt_ruột
xem xong video tự thấy mình còn không bằng con chó ...,Sadness,xem xong video tự thấy mình còn không bằng con chó
tóm lại là giá trị của anh đéo bằng 1 cái bánh :<,Disgust,tóm lại là giá_trị của anh đéo bằng 1 cái bánh icon_buon
cay mắt,Sadness,cay mắt
đánh cho lắm đéo thấm miếng nào khi main chỉ hất mông 1 phát bay mất tiêu :)),Disgust,đánh cho lắm đéo thấm miếng nào khi main chỉ hất mông 1 phát bay mất tiêu icon_vui
thằng kia cute đáng yêu mà cái con ý nó xấu z trời haha,Disgust,thằng kia cute đáng yêu mà cái con ý nó xấu gì trời haha
dume đêm ròii =))) tao cười vãi tí hàng xóm qua đánh bỏ mẹ,Fear,dume đêm ròii tao cười vãi tí hàng_xóm qua đánh bỏ_mẹ
sao cái gì em cũng biết vậy :))),Surprise,sao cái gì em cũng biết vậy icon_vui
per đúng là như thế,Other,per đúng là như_thế
công nhận ngầu thật,Enjoyment,công_nhận ngầu thật
tình yêu đâu phân biệt là gay hay không gay vì đó là sự lựa của con tim mà họ đã nhắm tới !.,Other,tình_yêu đâu phân_biệt là gay hay không gay vì đó là sự lựa của con tim mà họ đã nhắm tới
dhs nhìn thằng đầu tiên trông ớn vãi :| chị em bg thích style lạ ghê ta :| bá khí ????,Disgust,dhs nhìn thằng đầu_tiên trông ớn vãi chị_em bg thích style lạ ghê_ta bá khí
môi trường làm việc là yếu tố quyết định,Other,môi_trường làm_việc là yếu_tố quyết_định
nhớ lắm .. cay mắt lắm ....,Sadness,nhớ lắm cay mắt lắm
ph :)) phê hơn cả cần nhé . nên mua cái này về dùng tốt cho chó và người :))),Enjoyment,ph icon_vui phê hơn cả cần nhé nên mua cái này về dùng tốt cho chó và người icon_vui
mất rồi có lấy lại được đâu :)) cái gì nó cũng chỉ là quá khứ,Sadness,mất rồi có lấy lại được đâu icon_vui cái gì nó cũng chỉ là quá_khứ
đéo mang não ... tay lại nhanh hơn não rồi ..,Disgust,đéo mang não tay lại nhanh hơn não rồi
ước gì được giận lại 😐,Sadness,ước gì được giận lại
nó bỏ mình đi rồi mỗi lần nghĩ tới nó ôi sao mà xót tim gan hơn mất người yêu,Sadness,nó bỏ_mình đi rồi mỗi lần nghĩ tới nó ôi sao mà xót tim gan hơn mất người_yêu
ngày cuối cùng thực sự buồn,Sadness,ngày cuối_cùng thực_sự buồn
nếu là tao thì tao sẽ không ăn được miếng nào,Sadness,nếu là tao thì tao sẽ không ăn được miếng nào
bọn rải đinh nó đéo biết xe đi nhanh mà bị xì lốp thì như thế nào ??? 😣😣😣 não lol,Disgust,bọn rải đinh nó đéo biết xe đi nhanh mà bị xì lốp thì như thế_nào não lol
ngoài ra còn một số cái buồn nữa . không giải quyết kịp thời thì ??,Sadness,ngoài_ra còn một_số cái buồn nữa không giải_quyết kịp_thời thì
nghe nói dạo này bạn dưỡng da để kiếm người yêu per,Enjoyment,nghe nói dạo này bạn dưỡng da để kiếm người_yêu per
"em đi xe đạp , có gửi bao giờ đâu mà biết bác ơiii",Other,em đi xe_đạp có gửi bao_giờ đâu mà biết bác ơi
"chuẩn đó , mà quên chưa có người yêu",Enjoyment,chuẩn đó mà quên chưa có người_yêu
"tập thể năm nay lại làm mình tiếc nuối từ thành viên đến gvcn :,((",Sadness,tập_thể năm nay lại làm mình tiếc_nuối từ thành_viên đến gvcn
đọc có chỗ vô lí vãi,Other,đọc có chỗ vô_lí vãi
có khi nào mình thích anh hàng xóm vì mình thích con mèo nhà anh không nhỉ :<,Enjoyment,có khi nào mình thích anh hàng_xóm vì mình thích con mèo nhà anh không nhỉ icon_buon
ờ tao tao thông minh thiệt đã dừng lại đúng lúc,Enjoyment,ờ tao tao thông_minh thiệt đã dừng lại đúng lúc
nghe ảo ghê nhưng cũng có lý,Other,nghe ảo ghê nhưng cũng có_lý
"đéo kiếm ra tiền , nấu có 3 bữa cơm với đưa đón con đi học mà còn không xong , chắc để mẹ già làm hộ hay để chồng nó đi kiếm tiền về rồi nó hầu cho",Disgust,đéo kiếm ra tiền nấu có 3 bữa cơm với đưa_đón con đi học mà còn không xong chắc để mẹ già làm hộ hay để chồng nó đi kiếm tiền về rồi nó hầu cho
đục khoét tuổi thơ vãi ;))),Other,đục_khoét tuổi_thơ vãi
nhiều bạn cứ phán nọ kia nặng lời quá . chỉ là bạn ý có cách bóc phốt duyên dáng và hài hước thôi . chứ đâu có nặng nề như các bác nghĩ ..,Disgust,nhiều bạn cứ phán nọ kia nặng_lời quá chỉ là bạn ý có cách bóc phốt duyên_dáng và hài_hước thôi chứ đâu có nặng_nề như các bác nghĩ
bảo ba mẹ dẫn đi bác sĩ ngay đi,Other,bảo ba mẹ dẫn đi bác_sĩ ngay đi
ui cưng quá,Enjoyment,ui cưng quá
không biết s chứ ngày lúc 17t tao đi phục vụ phòng karaoke ... mình tao 2 phòng chạy qua chạy lại mệt quá vì xỉn ... kkk . thế là tao nghỉ trong ngày đầu vào phục vụ karaoke .🤣🤣🤣,Enjoyment,không biết sao chứ ngày lúc 17t tao đi phục_vụ phòng karaoke mình tao 2 phòng chạy qua chạy lại mệt quá vì xỉn k thế_là tao nghỉ trong ngày đầu_vào phục_vụ karaoke icon_vui icon_vui icon_vui
tôi là ai đây là đâu :v tôi đã làm gì sai :3,Surprise,tôi là ai đây là đâu v tôi đã làm gì sai 3
nghiệp hơi nặng nha !. làm hết hồn,Fear,nghiệp hơi nặng nha làm hết_hồn
"mấy thằng ngáo để cho chết mẹ nó đi cho xã hội yên bình , quan tâm làm gì",Anger,mấy thằng ngáo để cho chết mẹ nó đi cho xã_hội yên bình quan_tâm làm gì
mình còn chưa kịp đến :((,Sadness,mình còn chưa kịp đến icon_buon
"per tìm tao con nhện này , con này lãng mạn coá",Other,per tìm tao con nhện này con này lãng_mạn coá
vừa mới xem hqua . kết thúc phim nhạt quá 😒😒,Disgust,vừa_mới xem hqua kết_thúc phim nhạt quá icon_chankhet icon_chankhet
làm công nhân đã khổ rồi mà tụi nó còn nỡ lòng nào hại người ta nhắn tin,Sadness,làm công_nhân đã khổ rồi mà tụi nó còn nỡ lòng nào hại người_ta nhắn_tin
mất bà cái tuổi thơ -.-,Sadness,mất bà cái tuổi_thơ
ko những công khai . mà phải cho thi lại . để biết đúng thực lực,Other,không_những công_khai mà phải cho thi lại để biết đúng thực_lực
đã bảo bố mà mật vụ rồi ! hỏi lằm hỏi lốn,Anger,đã bảo bố mà mật_vụ rồi hỏi lằm hỏi lốn
hú hồn hà,Fear,hú_hồn hà
per bếp ga nha,Other,per bếp ga nha
rảnh rảnh ngồi cưa bàn với cưa cổ thèn ngồi gần mỗi khi nó ghẹo cũng vui ??,Enjoyment,rảnh rảnh ngồi cưa bàn với cưa cổ thèn ngồi gần mỗi khi nó ghẹo cũng vui
per tao thấy tao trong đó ahahahaha,Enjoyment,per tao thấy tao trong đó ahahahaha
ai biết bài nhạc đoạn này không ?,Other,ai biết bài nhạc đoạn này không
tao muốn con mèo thôi =)),Enjoyment,tao muốn con mèo thôi
vỡ tan là như thế ấy,Sadness,vỡ tan là như thế ấy
đúng chất người đẹp mặc rẻ rách cũng đẹp,Other,đúng chất người đẹp mặc rẻ rách cũng đẹp
"per huhu đúng quá nè :< sư phụ đi rồi , còn per thôi , đừng đi đâu nữa nhaaa 😢",Sadness,per huhu đúng quá nè icon_buon sư phụ đi rồi còn per thôi đừng đi đâu nữa nha_icon_buon
thương quá . géc nhất những người nuôi chó mà không chăm ... tội cho kiếp em nó gặp phải 1 người chủ như vầy . thân thương !,Sadness,thương quá géc nhất những người nuôi chó mà không chăm tội cho kiếp em nó gặp phải 1 người chủ như_vầy thân_thương
nhìn mà nổi hết da gà,Fear,nhìn mà nổi hết da_gà
hẳn lớp đó nhiều nữ lắm ha,Other,hẳn lớp đó nhiều nữ lắm ha
ngày tao chia tay tao khóc quá trời luôn,Sadness,ngày tao chia_tay tao khóc quá trời luôn
đứa lồn nào vẽ cái ổ điện thế 😂,Disgust,đứa lồn nào vẽ cái ổ điện_thế icon_vui
công tình yêu này nhân viên đông vậy luôn hả ?,Surprise,công tình_yêu này nhân_viên đông_vậy luôn hả
ai giúp bé với hix,Sadness,ai giúp bé với hix
"200 năm xây dựng , tồn tại 800 năm , thật là tiếc cho nước pháp .",Sadness,200 năm xây_dựng tồn_tại 800 năm thật là tiếc cho nước pháp
per là ai thế nhỉ cụ :)),Other,per là ai thế nhỉ cụ icon_vui
đôi khi đi tù chỉ để thoả mãi thú vui,Enjoyment,đôi_khi đi tù chỉ để thoả mãi thú_vui
thô nhưg thật :)),Enjoyment,thô nhưg thật icon_vui
nhìn lại giờ đéo biết vì sao ngày xưa mình đỗ đại học,Other,nhìn lại giờ đéo biết vì_sao ngày_xưa mình đỗ đại_học
đã tìm ra cụ tổ của những chiếc sừng,Other,đã tìm ra cụ tổ của những chiếc sừng
cảm thấy mình thất bại :((,Sadness,cảm_thấy mình thất_bại icon_buon
hãm 1 rổ lồn . chúc mừng bạn đã chọn nhầm người để tâm thự,Disgust,hãm 1 rổ lồn chúc_mừng bạn đã chọn nhầm người để_tâm thự
"chân ngắn như tao thêm combo mập nữa thì tao đéo nhaỷ đâu , tao thả mình trôi sông luôn cho lẹ 🙄",Disgust,chân ngắn như tao thêm combo mập nữa thì tao đéo nhaỷ đâu tao thả mình trôi_sông luôn cho lẹ icon_chankhet
có người yêu coi bộ cũng vui 🙂,Enjoyment,có người_yêu coi_bộ cũng vui icon_vui
trong mv mà có tao đứng dưới mưa nữa thì buồn phải biết,Sadness,trong mv mà có tao đứng dưới mưa nữa thì buồn phải_biết
đi viện thôi mà có cần phải đẹp vậy không,Surprise,đi viện thôi mà có cần phải đẹp vậy không
"thôi xong nhá , mấy đứa mà xác định làm răng cả đời thì ... tập xác định",Other,thôi xong nhá mấy đứa mà xác_định làm răng cả đời thì tập xác_định
"thằng chém gió lúc bà ấy đẩy ông ấy vào nhà thương điên ( tâm thần ) sao mày không mở mồm ra nói ....! giờ thì “ gió chiều nào theo chiều ấy ” cho thằng như này nằm ở công ty thì không khác chuột bọ , rắn rết",Disgust,thằng chém gió lúc bà ấy đẩy ông ấy vào nhà thương điên tâm_thần sao mày không mở mồm ra nói giờ thì gió chiều nào theo chiều ấy cho thằng như này nằm ở công_ty thì không khác chuột bọ rắn_rết
dume thằng ghép nhạc nhé ????????,Disgust,dume thằng ghép nhạc nhé
per thay đổi đại từ nhân xưng .,Other,per thay_đổi đại_từ nhân xưng
"trưa nay nhà em ăn cơm , admin nói với mấy chú truyền hình đừng chiếu tin này lên nha",Other,trưa nay nhà em ăn cơm admin nói với mấy chú truyền_hình đừng chiếu tin này lên nha
"cụ mua cái đoạn đường này chưa cụ , đg nếu không cấm đỗ xe thì người ta có quyền đỗ thôi , ghét nhất cái kiểu coi lòng đg như nhà mình rồi vừa đỗ cái xe vào là ra chửi . dcm",Anger,cụ mua cái đoạn đường này chưa cụ đg nếu không cấm đỗ xe thì người_ta có quyền đỗ thôi ghét nhất cái kiểu coi lòng đg như nhà mình rồi vừa đỗ cái xe vào là ra chửi chửi_thề
tao mà biết tụi bây là mấy con đĩ nào tao nhổ lông lồn tao lắc hai cái mép lồn chết mẹ tụi bây 🙂,Anger,tao mà biết tụi bây là mấy con đĩ nào tao nhổ lông lồn tao lắc hai cái mép lồn chết mẹ tụi bây icon_vui
ăn nhiều mau khoẻ .. tôm cá ấy mày giàu canxi,Other,ăn nhiều mau khoẻ tôm cá ấy mày giàu canxi
có ai xem đi xem lại như tao mà vẫn cười đéo nhặt được mồm không ạ :)),Enjoyment,có ai xem đi xem_lại như tao mà vẫn cười đéo nhặt được mồm không ạ icon_vui
nhẹ nhàng bay lên và hạ cánh thất bại do lổi kỹ thuật,Sadness,nhẹ_nhàng bay lên và hạ_cánh thất_bại do lổi kỹ_thuật
per cái đó là ngu chứ thik đéo gì,Disgust,per cái đó là ngu chứ thích đéo gì
lại thêm một con ngáo bất hạnh,Sadness,lại thêm một con ngáo bất_hạnh
"tuổi thơ của tôi toàn gặp những thằng nhỏn mỏ lên chửi nhau , xách giày dí nhau chạy .",Disgust,tuổi_thơ của tôi toàn gặp những thằng nhỏn mỏ lên chửi nhau xách giày dí nhau chạy
sao mày không nghĩ lại thêm 1 thừng bị noá xẻ thịt 🤪🤪🤪,Other,sao mày không nghĩ_lại thêm 1 thừng bị noá xẻ thịt
chỉ biết xem và ngậm ngùi lướt qua,Sadness,chỉ biết xem và ngậm_ngùi lướt qua
thật tình là rất xin lỗi anh ở trog video . hi vọng sẽ gặp đuợc anh để xin lỗi và tạ tội với anh . thật ra hộp quà trong video là của con lol per với người yêu nó tặng nhau dịp sinh nhật . híccc,Sadness,thật_tình là rất xin_lỗi anh ở trog video hi_vọng sẽ gặp đuợc anh để xin_lỗi và tạ tội với anh thật_ra hộp quà trong video là của con lol per với người_yêu nó tặng nhau dịp sinh_nhật híc
hihi lâu lắm rùi mới thấy nó,Enjoyment,hihi lâu lắm rồi mới thấy nó
chắc gái xấu :p,Other,chắc gái xấu p
"nếu chấp hành nghiêm chỉnh luật giao thông ai phạt mình được nhỉ . cũng giống như đi học không thuộc bài giáo viên cho 0 ₫ là phải rồi . tất cả là do ý thức con người , đừng đỗ lỗi cho ai . 😑😑",Disgust,nếu chấp_hành nghiêm_chỉnh luật giao_thông ai phạt mình được nhỉ cũng giống như đi học không thuộc bài giáo_viên cho 0 là phải rồi tất_cả là do ý_thức con_người đừng đỗ lỗi cho ai
mình trả phòng là chăn ga gấp gọn gàng . đồ đạc hẳn hoi trả người ta . dù sao mình cũng như người ta bẩn dọn mãi không sạch ai chẳng điên,Enjoyment,mình trả phòng là chăn ga gấp gọn_gàng đồ_đạc hẳn_hoi trả người_ta dù_sao mình cũng như người_ta bẩn dọn mãi không sạch ai chẳng điên
quan trọng phải là thần thái,Other,quan_trọng phải là thần_thái
giọng lại còn ấm nữa chứ ♥️,Enjoyment,giọng lại còn ấm nữa chứ
ích kỷ . cứ đường trước cửa là của nhà mình ah mà ra đuổi người ta,Disgust,ích_kỷ cứ đường trước cửa là của nhà mình à mà ra đuổi người_ta
thằng kia lắm lông quá nha :)),Disgust,thằng kia lắm lông quá nha_icon_vui
per anh ơi mua đập 1 phát vào mặt tụi chê mình đi anh,Anger,per anh ơi mua đập 1 phát vào mặt tụi chê mình đi anh
gần nhà tao lại chẳng còn sót lại anh nào huhu,Sadness,gần nhà tao lại chẳng còn sót lại anh nào huhu
khi tắt đi mới thấy ngạt thở .,Fear,khi tắt đi mới thấy ngạt thở
ra sông mò đồng xu cùng ông anh hàng xóm được khoản kếch xù :))),Enjoyment,ra sông mò đồng xu cùng ông anh hàng_xóm được khoản kếch_xù icon_vui
tưởng khoe người yêu,Disgust,tưởng khoe người_yêu
quán tao vỡ sụp xuống hơn mưa,Other,quán tao vỡ sụp xuống hơn mưa
bộ phim đầu tiên làm tao khóc thành tiếng,Sadness,bộ phim đầu_tiên làm tao khóc thành tiếng
"hồi xưa vào trông nhà cho ông bà , thuê đĩa võ thuật này xem cho mạnh mé đỡ sợ mà thuê ngay đĩa này . ám ảnh quả nhạc tao tao téo vãi",Fear,hồi xưa vào trông nhà cho ông_bà thuê đĩa võ_thuật này xem cho mạnh mé đỡ sợ mà thuê ngay đĩa này ám_ảnh quả nhạc tao tao téo vãi
ừ thì là chuyện cổ tích . cháu đang đi đường thẳng gặp mấy chú thì phải rẽ ngang . 😢😢,Sadness,ừ thì là chuyện cổ_tích cháu đang đi đường_thẳng gặp mấy chú thì phải rẽ ngang icon_buon icon_buon
heo vàng cái lol . toàn bịp nhau . má nó gắp heo vàng 20 lần trúng mà nó toàn được tặng 6sms miễn phí rồi thì thêm 1 lượt gắp,Anger,heo vàng cái lol toàn bịp nhau má nó gắp heo vàng 20 lần trúng mà nó toàn được tặng 6sms miễn_phí rồi thì thêm 1 lượt gắp
quả cr7 mà kill đéo gì nhỉ,Disgust,quả cr7 mà kill đéo gì nhỉ
cay cái ông chụp ảnh chụp góc nào cho ông ý bớt khổ đi được không,Disgust,cay cái ông chụp ảnh chụp góc nào cho ông ý bớt khổ đi được không
nhà nào nuôi nó mà ác thế,Anger,nhà nào nuôi nó mà ác_thế
mỗi lần quyết tâm bỏ mà lại thấy cười . đm đời,Sadness,mỗi lần quyết_tâm bỏ mà_lại thấy cười chửi_thề đời
con này tuổi gì với con nhái với con thằn lằn :))) per,Disgust,con này tuổi gì với con nhái với con thằn_lằn icon_vui per
wtf nắng rồi mà @@,Surprise,wtf nắng rồi mà
cái tội sờ mông người ta ??,Disgust,cái tội sờ mông người_ta
nhưng nó sẽ to và rộng ra :(,Sadness,nhưng nó sẽ to và rộng ra icon_buon
tao đéo thấy nó hay trỗ lào mà bọn nó cuồng vãi,Disgust,tao đéo thấy nó hay trỗ lào mà bọn nó cuồng vãi
ny tao đbh dỗi . chọc kiểu gì cũng không dỗi . đáng yêu vãi 😂,Enjoyment,ny tao đbh dỗi chọc kiểu gì cũng không dỗi đáng yêu vãi icon_vui
không phải thích của cải mà là thích ý chí của họ . đàn ông có chí tiến thủ bao giờ cũng quyến rũ,Enjoyment,không phải thích của_cải mà là thích ý_chí của họ đàn_ông có chí tiến_thủ bao_giờ cũng quyến_rũ
ước mơ là không cần học cũng giỏi,Other,ước_mơ là không cần học cũng giỏi
""" học từ bỏ những thứ trời không cho "" nói thì dễ nhưng nhiều lúc quyết tâm lắm vẫn không làm được .. 😢😢😢",Sadness,học từ_bỏ những thứ trời không cho nói thì dễ nhưng nhiều lúc quyết_tâm lắm vẫn không làm được icon_buon icon_buon icon_buon
"quê tao mà , tao nhìn 1 cái là biết ngay",Other,quê tao mà tao nhìn 1 cái là biết ngay
từ lúc đấy tao không ăn được các loại thịt ngan - ngỗng - vịt lun 😞 ám ảnh vãi,Fear,từ lúc đấy tao không ăn được các loại thịt ngan ngỗng vịt lun icon_buon ám_ảnh vãi
per ai củng đi mà đem về như tao thì không cần phải có công nhân vệ sinh rồi,Other,per ai củng đi mà đem về như tao thì không cần phải có công_nhân vệ_sinh rồi
gớm quá . nhớ lại lúc còn đạp xe đi học cán qua mấy lũ nay kêu bốp bốp rợn hêt cả da gà da vịt 🤢🤢🤢🤢,Disgust,gớm quá nhớ lại lúc còn đạp xe đi học cán qua mấy lũ nay kêu bốp bốp rợn hêt cả da_gà da vịt icon_chankhet icon_chankhet icon_chankhet icon_chankhet
cũng muốn vứt giày cũ nhưng lại không có tiền mua giày mới . đành chấp nhận đau chân vậy,Sadness,cũng muốn vứt giày cũ nhưng lại không có tiền mua giày mới đành chấp_nhận đau chân_vậy
"mong là bố mẹ mình không đọc được tin này , sợ vãi",Fear,mong là bố_mẹ mình không đọc được tin này sợ vãi
sợ vãi,Fear,sợ vãi
đi cho vui chứ chả mua sắm gì :)))) người every where,Enjoyment,đi cho vui chứ chả mua_sắm gì icon_vui người every where
"thà biết rồi đau 1 lần cho tởn rồi thôi , chứ đừng để nỗi đau cứ day dẳn giằng xé mãi cả đời ☻",Sadness,thà biết rồi đau 1 lần cho tởn rồi thôi chứ đừng để nỗi đau cứ day dẳn giằng_xé mãi cả đời
còn không ngồi xuống dọn phụ em nó mà ngồi bấm điện thoại,Anger,còn không ngồi xuống dọn phụ em nó mà ngồi bấm điện_thoại
"t nghe nói : đi tập gym sẽ có người yêu ...! awwww . điều đó không sai , điều đó là có thật 😂😂😂",Enjoyment,tao nghe nói đi tập gym sẽ có người_yêu aw điều đó không sai điều đó là có thật icon_vui icon_vui icon_vui
"per 2 con hay cap màn hình nhất thế giới , nói chuyện với nhau toàn cười ỉ 🙄🙄🙄",Enjoyment,per 2 con hay cap màn_hình nhất thế_giới nói_chuyện với nhau toàn cười ỉ icon_chankhet icon_chankhet icon_chankhet
thực tế thì con gái sẽ gục ngã trước một người đàn ô hài hước hơn là điển trai,Other,thực_tế thì con_gái sẽ gục ngã trước một người đàn ô hài_hước hơn là điển_trai
gáy sớm để làm gì cơ chứ haizz,Sadness,gáy sớm để làm gì cơ chứ haizz
vậy bỏ tiền mua cái máy tính đó để chi ta ???,Surprise,vậy bỏ tiền mua cái máy_tính đó để chi ta
đẻ sao mà cu con đẹp quá vậy trời 😍,Enjoyment,đẻ_sao mà cu con đẹp quá vậy trời icon_vui
có bao giờ con sóng không xô vào bờ đâu em ....,Other,có bao_giờ con sóng không xô vào bờ đâu em
húp trọn sàn nhà 😁😁😁,Enjoyment,húp trọn sàn nhà icon_vui icon_vui icon_vui
nguy hiểm lắm,Fear,nguy_hiểm lắm
nhanh ghê mới đó đã 9 năm rồi 😢,Sadness,nhanh ghê mới_đó đã 9 năm rồi icon_buon
thế mà cô yến bị phạt có 5 triệu :v,Disgust,thế_mà cô yến bị phạt có 5 triệu v
đó là động lực chứ không phải để đem ra so sánh ..,Other,đó là động_lực chứ không phải để đem ra so_sánh
"hòi nhỏ nhà ngoại bị rượt muốn chết , sợ tới giờ 😭😭",Fear,hòi nhỏ nhà ngoại bị rượt muốn chết sợ tới giờ icon_buon icon_buon
à thì ra là như v =)))),Enjoyment,à thì ra là như v
"muốn hun , muốn ngắt , muốn nhéo , muốn tán vào cái mặt nó ghê , yêu vãi ??????",Enjoyment,muốn hun muốn ngắt muốn nhéo muốn tán vào cái mặt nó ghê yêu vãi
con mèo đúng là cái đồ đáng ghét,Disgust,con mèo đúng là cái đồ đáng ghét
giờ tao mới nhớ tao đã từng :)),Enjoyment,giờ tao mới nhớ tao đã từng icon_vui
per chị rep khách hàng thế ấy hả 😞 bị bóc phốt rồi,Sadness,per chị rep khách_hàng thế ấy hả icon_buon bị bóc phốt rồi
tao mà nhậu xong đi cái đường này xác định,Other,tao mà nhậu xong đi cái đường này xác_định
cũng tên quỳnh nhưng 2 số phận thật khác nhau 😢( chỉ mong được 1 góc nhỏ xiu xíu của b ),Sadness,cũng tên quỳnh nhưng 2 số_phận thật khác nhau icon_buon chỉ mong được 1 góc nhỏ xiu xíu của b
quan trọng là họ quảng cáo nói có đúng không . hay là được ít năm hỏng thì mệt,Other,quan_trọng là họ quảng_cáo nói có đúng không hay_là được ít năm hỏng thì mệt
cũng may tao là một con đàn ông :)),Enjoyment,cũng may tao là một con đàn_ông icon_vui
các anh chị hãy nói với em đó chỉ là diễn xuất mà thôi . và tình yêu như vậy chỉ có trong tiểu thuyết mà thôi .,Enjoyment,các anh_chị hãy nói với em đó chỉ là diễn_xuất mà thôi và tình_yêu như_vậy chỉ có trong tiểu_thuyết mà thôi
đó là đối với mấy đứa hay ảo tưởng mới nghĩ vậy thôi,Disgust,đó là đối_với mấy đứa hay ảo_tưởng mới nghĩ vậy thôi
"khi theo đuổi sự ưu tú , sự thành công sẽ theo đuổi bạn",Other,khi theo_đuổi sự ưu_tú sự thành_công sẽ theo_đuổi bạn
vài chục năm trôi qua mà vẫn chưa đủ tiền mua cái xe máy à,Surprise,vài chục năm trôi qua mà vẫn chưa đủ tiền mua cái xe_máy à
cái gì cũng có 2 mặt của nó . làm việc phải nghe bằng 2 tai,Other,cái gì cũng có 2 mặt của nó làm_việc phải nghe bằng 2 tai
vại mà có nhiều người quan niệm quá sai lầm về việc có bạn là con trai .,Other,vại mà có nhiều người quan_niệm quá sai_lầm về việc có bạn là con_trai
làm sao bằng chạy xe ôm với bán chổi được ..... nên đừng nói chuyện đến lương .,Other,làm_sao bằng chạy xe_ôm với bán chổi được nên đừng nói_chuyện đến lương
"như đi hiến máu chẳng hạn :3 , suýt thì được gặp :(",Sadness,như đi hiến máu chẳng_hạn 3 suýt thì được gặp icon_buon
per lại nhặng lên à . cảm thấy trong sạch thì cần gì nhặng lên thế,Disgust,per lại nhặng lên à cảm_thấy trong_sạch thì cần gì nhặng lên thế
vui chơi không an toàn gì cả,Disgust,vui_chơi không an_toàn gì cả
rất ghét phim ấn nhưng phải nói phim này hay 👍,Enjoyment,rất ghét phim ấn nhưng phải nói phim này hay
haiz nuôi được nuôi không thì thôi chứ nuôi mà để v coi được haizz,Sadness,haiz nuôi được nuôi không thì_thôi chứ nuôi mà để v coi được haizz
nó quan tâm mày vì nó muốn mua chuộc mày để tán con bạn thân của mày,Disgust,nó quan_tâm mày vì nó muốn mua_chuộc mày để tán con bạn thân của mày
per eo ôi làm nhớ hồi nhỏ đi học mẫu giáo quá :))),Sadness,per eo_ôi làm nhớ hồi nhỏ đi học mẫu_giáo quá icon_vui
per :v tại nhiều nơi đổ về nên đông lại càng đông . biết lối tắt thì còn đỡ chứ không thì mệt lắm,Other,per v tại nhiều nơi đổ về nên đông lại càng đông biết lối tắt thì còn đỡ chứ không thì mệt lắm
per sợ ghê bây .,Fear,per sợ ghê bây
đây chính là lý do tao giảm cân toàn thất bại,Sadness,đây chính là lý_do tao giảm cân toàn thất_bại
tao đi quài vẫn chưa gặp nhỉ 🙃,Other,tao đi quài vẫn chưa gặp nhỉ
rốt cuộc thằng bé này ở đâu xuất hiện mà có ảnh chế nhiều vậy,Disgust,rốt_cuộc thằng bé này ở đâu xuất_hiện mà có ảnh chế nhiều vậy
đáng yêu quá mức,Enjoyment,đáng yêu quá mức
cô ngu như lợn 😒😒😒,Disgust,cô ngu như lợn icon_chankhet icon_chankhet icon_chankhet
rốt cục mạnh quá nên nghĩ võ cũng chỉ tăng thêm độ ngầu thôi :))) chủ yếu đối với sai chỉ là một pha sử lý cồng kền :)),Disgust,rốt cục mạnh quá nên nghĩ võ cũng chỉ tăng thêm độ ngầu thôi icon_vui chủ_yếu đối_với sai chỉ là một pha sử lý cồng kền icon_vui
chỉ 1 vãi nhỏ th mà niềm vui quá lớn < 3 ^^,Enjoyment,chỉ 1 vãi nhỏ th mà niềm vui quá lớn 3 icon_vui
cũng may là hết thời đi học rồi .. không lại từ “ con nhà người ta ” nó lại được nhắc liên tục trog bữa ăn hàng ngày 😅,Enjoyment,cũng may là hết thời đi học rồi không lại từ con nhà người_ta nó lại được nhắc liên_tục trog bữa ăn_hàng ngày icon_vui
"chứ sao nữa , làm gì có chuyện người ta đỗ đúng mà lại gây tắc đường . chỉ có những người mắt hay bị ngứa cho rằng sẽ gây tắc đường thôi ạ",Disgust,chứ sao nữa làm gì có chuyện người_ta đỗ đúng mà_lại gây tắc đường chỉ có những người mắt hay bị ngứa cho rằng sẽ gây tắc đường thôi ạ
còn các bạn đặt bánh của mình toàn gửi cho người yêu . chắc câu chuyện này còn buồn hơn :((,Sadness,còn các bạn đặt bánh của mình toàn gửi cho người_yêu chắc câu_chuyện này còn buồn hơn icon_buon
tin vui cho bà con nông dân chuân bi vào ngày gặt lúa sắp tới,Enjoyment,tin_vui cho bà_con nông_dân chuân bi vào ngày gặt lúa sắp tới
em hết ngáo rồi nha =))),Enjoyment,em hết ngáo rồi nha
"mình sợ nhất đến bữa ăn mà bố mình vác cái thớt vào mâm cơm , bố mình biết mình sợ vậy nên mọi chiện giải quyết sau khi ăn cơm xong ,",Sadness,mình sợ nhất đến bữa ăn mà bố mình vác cái thớt vào mâm cơm bố mình biết mình sợ vậy nên mọi chiện giải_quyết sau khi ăn cơm xong
khuôn mặt đáng thương,Sadness,khuôn_mặt đáng thương
"cái loại lười lao động , vì những người hay lao động tay chân thì họ không bao giờ nuôi được móng tay cả ...",Disgust,cái loại lười lao_động vì những người hay lao_động tay_chân thì họ không bao_giờ nuôi được móng tay cả
per mày có bao giờ đi à :> tao cũng đéo,Other,per mày có bao_giờ đi à tao cũng đéo
chụp rồi có mua giúp ông không ?,Other,chụp rồi có mua giúp ông không
cái gì nó cũng phải thực tế,Other,cái gì nó cũng phải thực_tế
đang trong lớp mà ứa nước mắt,Sadness,đang trong lớp mà ứa nước_mắt
"lái tàu quá kém không dừng khẩn cấp . để va chạm thế mà vẫn cố tình chạy , khổ thân chiếc xe ôtô",Disgust,lái tàu quá kém không dừng khẩn_cấp để va_chạm thế_mà vẫn cố_tình chạy khổ_thân chiếc xe ôtô
kha ́ thông minh :)))),Enjoyment,kha ́ thông_minh icon_vui
nó mà có con khác rồi giận lại nó cho cút luôn lại bảo sao ngu :)),Disgust,nó mà có con khác rồi giận lại nó cho cút luôn lại bảo sao ngu icon_vui
a cứ đưa hết lương đây cho em :))) em sẽ cho anh tiền rửa bát,Enjoyment,a cứ đưa hết lương đây cho em icon_vui em sẽ cho anh tiền rửa bát
"ám ảnh vãi :)) hồi bé tao với chị tao trên đường đi học về thấy có mấy con ngỗng , thấy hay ra nhìn thử dume xong nó dí tao với chị tao về gần nhà :)))",Fear,ám_ảnh vãi icon_vui hồi bé tao với chị tao trên đường đi học về thấy có mấy con ngỗng thấy hay ra nhìn thử dume xong nó dí tao với chị tao về gần nhà icon_vui
cắt tóc đi còn đen hơn,Other,cắt tóc đi còn đen hơn
chụy hiền quá mòa ... sao chọc chị điên vậy ... đụ má tụi bây ..,Anger,chụy hiền quá mòa sao chọc chị điên_vậy đụ má tụi bây
"mẹ chưa hnao đi làm về sợ vãi như hôm nay 😑 chớp cứ nhằng nhằng 2 bên đường với trước mặt , kinh vãi",Disgust,mẹ chưa hnao đi làm về sợ vãi như hôm_nay chớp cứ nhằng_nhằng 2 bên đường với trước mặt kinh vãi
"thân hình của con người , nhưng đầu óc là con cặc , nên đéo biết nói gì thành phần này",Disgust,thân_hình của con_người nhưng đầu_óc là con cặc nên đéo biết nói gì thành_phần này
"nghe được đó , ảnh hưởng tới môi trường là phải cấm",Other,nghe được đó ảnh_hưởng tới môi_trường là phải cấm
không lau sạch về bà chủ mắng thì sao . nhiều người họ kinh lắm . trước mẹ minh đi làm cho nhà 5 tầng . họ chỉ ở 3 tầng còn 2 tầng bỏ không . mà ngày nào cũng phải lau hết,Sadness,không lau sạch về bà chủ mắng thì sao nhiều người họ kinh lắm trước mẹ minh đi làm cho nhà 5 tầng họ chỉ ở 3 tầng còn 2 tầng bỏ không mà ngày nào cũng phải lau hết
cô ấy bảo : đời như lol 🙂,Disgust,cô ấy bảo đời như lol icon_vui
cảm ơn mày đã khai phá cho tao thêm một nét văn hoá đẹp :)),Enjoyment,cảm_ơn mày đã khai_phá cho tao thêm một nét văn_hoá đẹp icon_vui
best gái ngành hôm nay đắt hàng,Enjoyment,best gái ngành hôm_nay đắt hàng
đã gặp được em đúng lúc . nhưng lại không phải thời điểm em muốn ....,Sadness,đã gặp được em đúng lúc nhưng lại không phải thời_điểm em muốn
thằng khốn nạn,Anger,thằng khốn_nạn
cám ơn mấy chế nhiều nhiều nhé 😗,Enjoyment,cám_ơn mấy chế nhiều nhiều nhé
ăn ở như nào mà tới bị con ngáo nó lùa ? =))))),Disgust,ăn_ở như nào mà tới bị con ngáo nó lùa
"chúng nó xạo lol vậy thôi chứ lên đại học chúng nó dập nhau như gà , đấy là tao nghe bọn nó nói thế chứ có học đại học đéo đâu mà biết 😕",Disgust,chúng_nó xạo lol vậy thôi chứ lên đại_học chúng_nó dập nhau như gà đấy là tao nghe bọn nó nói thế chứ có_học đại_học đéo đâu mà biết
per nhớ quá trời nhớ luôn nè,Other,per nhớ quá trời nhớ luôn nè
per hãy cứ vững tâm tập điều độ rồi sẽ có thôi,Enjoyment,per hãy cứ vững_tâm tập điều_độ rồi sẽ có thôi
nửa đêm rồi đứng hò hét vậy mà không bị chửi là sao ta,Disgust,nửa_đêm rồi đứng hò_hét vậy_mà không bị chửi là sao ta
hỏng cả một thế hệ 😔,Disgust,hỏng cả một thế_hệ icon_buon
1 nỗ lực lớn thay đổi valentine ... sang năm tao mắc võng .,Other,1 nỗ_lực lớn thay_đổi valentine sang năm tao mắc võng
thôi chết haha ...,Enjoyment,thôi chết haha
per tìm ông bán xoài này ngay cho em 😂😂😂,Enjoyment,per tìm ông bán xoài này ngay cho em icon_vui icon_vui icon_vui
cưng quá,Enjoyment,cưng quá
em nó phượt theo gái cả đêm,Other,em nó phượt theo gái cả đêm
đéo liên quan nhưng đéo mày bữa nay tao đéo đi ỉa vì con củ lol này :),Anger,đéo liên_quan nhưng đéo mày bữa_nay tao đéo đi ỉa vì con củ lol này icon_vui
nhìn ghiền 😘,Enjoyment,nhìn ghiền icon_vui
đi đường ghét nhất bọn loi choi kiểu này . gặp ngay bác vô lăng cứng tỳ cho phát thế là nhớ đời thằng loi choi .,Disgust,đi đường ghét nhất bọn loi_choi kiểu này gặp ngay bác vô_lăng cứng tỳ cho phát thế_là nhớ_đời thằng loi_choi
"tuổi thơ tao gặp toàn trai bánh bều , mít ướt . toàn là tao galang , dỗ dành . ôi cái cuộc đời này per",Sadness,tuổi_thơ tao gặp toàn trai bánh bều mít_ướt toàn là tao galang dỗ_dành ôi cái cuộc_đời này per
mấy thanh niên đi xong về có yêu nhau không nhỉ ?,Other,mấy thanh_niên đi xong về có yêu nhau không nhỉ
nhớ lần nấu cơm thần thánh này không ? per chỉ là mải nghịch nước thôi mà …,Enjoyment,nhớ lần nấu cơm thần_thánh này không per chỉ là mải nghịch nước thôi mà
mình sống không đủ tốt hay sao mà vẫn chưa gặp được anh người yêu tốt như này,Sadness,mình sống không đủ tốt hay sao mà vẫn chưa gặp được anh người_yêu tốt như này
đúng là càng ngày càng chán . cứ theo luật mà làm thì chán cực kỳ luôn,Sadness,đúng là càng ngày_càng chán cứ theo luật mà làm thì chán cực_kỳ luôn
"5 năm thì có vẻ hơi sớm 🤣, tao chỉ ước sau này có người thích được phiêu du như gia đình người ta thôi 😌",Other,5 năm thì có vẻ hơi sớm icon_vui tao chỉ ước sau_này có người thích được phiêu du như gia_đình người_ta thôi
liệu có bền lâu,Other,liệu có bền lâu
tại vì anh trót nói lời thương em mà em không đáp lại,Sadness,tại vì anh trót nói lời thương em mà em không đáp lại
thì đúng là sẽ không buồn vì thất tình nữa :((,Sadness,thì đúng là sẽ không buồn vì thất_tình nữa icon_buon
per ở quê ve sầu kêu chưa chúng mày,Other,per ở quê ve_sầu kêu chưa chúng_mày
một sinh vật xinh đẹp và hiền lành . tiếc cho nó quá,Sadness,một sinh_vật xinh_đẹp và hiền_lành tiếc cho nó quá
đi học về thấy bán hoa đây đường mà cảm thấy tội cho bọn có gấu ... lại tốn tiền,Sadness,đi học về thấy bán_hoa đây đường mà cảm thấy tội cho bọn có gấu lại tốn tiền
súc vật dume,Anger,súc_vật dume
per thử cảm giác mạnh,Other,per thử cảm_giác mạnh
chửi thì chửi . mà cái giọng của anh dọn phòng nghe trổi tai thật .,Anger,chửi thì chửi mà cái giọng của anh dọn phòng nghe trổi tai thật
cụ bà đẹp lão quá cậu,Enjoyment,cụ bà đẹp_lão quá cậu
per có quẹo vào không em,Other,per có quẹo vào không em
sao nó tìm được nhỉ 🤔,Surprise,sao nó tìm được nhỉ
"đúng mất vài giay để nói lời yêu thương , nhưng phải mất cả đời mới chứng minh được , cháu rất ngưỡng mộ ông bà !",Enjoyment,đúng mất vài giay để nói lời yêu_thương nhưng phải mất cả đời_mới chứng_minh được cháu rất ngưỡng_mộ ông_bà
nó mà nhập viện thì xong đời tao . n 😂😂,Enjoyment,nó mà nhập_viện thì xong_đời tao n icon_vui icon_vui
xem qua là biết diễn sâu rồi . bên ngoài chắc lao mẹ vào đánh nhau rồi chứ còn lâu mới rảnh háng chửi nthe,Disgust,xem qua là biết diễn sâu rồi bên ngoài chắc lao mẹ vào đánh nhau rồi chứ còn lâu mới rảnh háng chửi nthe
cái cây gia công sản xuất kém chất lượng quá :)),Disgust,cái cây gia_công sản_xuất kém chất_lượng quá icon_vui
per chỉ một lần thôi 😂,Other,per chỉ một lần thôi icon_vui
nhanh lẹ hiệu quả cao 😂😂,Enjoyment,nhanh lẹ hiệu_quả cao icon_vui icon_vui
đây là cảnh dọn dẹp trong bar hay trong hotel vậy ?,Other,đây là cảnh dọn_dẹp trong bar hay trong hotel_vậy
per huhu nhất là mấy bài không cho chất thử á :(,Sadness,per huhu nhất là mấy bài không cho chất thử á icon_buon
"trai xinh gái đẹp thời đó , nhìn cái xe là biết giáo dục có điều kiện rồi",Other,trai xinh gái đẹp thời đó nhìn cái xe là biết giáo_dục có điều_kiện rồi
"mình nghĩ sẽ không bao giờ là một thương hiệu quốc gia , là khát vọng về cà phê vn nữa ...",Sadness,mình nghĩ sẽ không bao_giờ là một thương_hiệu quốc_gia là khát_vọng về cà_phê vn nữa
"1 cái mồm phải nhét vào não 40 đứa gần như thiểu năng cũng đủ chết rồi . nếu tôi là cô ấy , tôi tát cho không trượt phát nào",Anger,1 cái mồm phải nhét vào não 40 đứa gần như_thiểu_năng cũng đủ chết rồi nếu tôi là cô ấy tôi tát cho không trượt phát nào
đến gần đoạn cuối tao tắt âm xong vào xem bình luận rồi mới tua xem lại để minvolum . iq + vô cực chuẩn mẹ rồi,Enjoyment,đến gần đoạn cuối tao_tắt âm xong vào xem bình_luận rồi mới tua xem_lại để minvolum iq vô_cực chuẩn mẹ rồi
thanh niên này cục súc vãi,Disgust,thanh_niên này cục_súc vãi
thấy gớm,Disgust,thấy gớm
dume cứ chê đi đến lúc bố dậy thì lại mất công trầm trồ !!!,Disgust,dume cứ chê đi đến lúc bố dậy thì lại mất_công trầm_trồ
ăn cút mẹ mày ra chỗ khác ăn nhé .,Anger,ăn cút mẹ mày ra chỗ khác ăn nhé
sau khi đọc bài của mày tao cười nhiều quá và gãy mẹ hàm cái à,Enjoyment,sau khi đọc bài của mày tao cười nhiều quá và gãy mẹ hàm cái à
nhìn hình chế là tao vui lắm :)),Enjoyment,nhìn hình chế là tao vui lắm icon_vui
cái mặt thấy ghét,Disgust,cái mặt thấy ghét
per bao giờ mày mới được nv nhỉ,Other,per bao_giờ mày mới được nv nhỉ
em xin lỗi anh,Sadness,em xin_lỗi anh
"con này còn hại hơn cả ốc bươu vàng . cấm nhanh còn kịp , để nó ra ngoài thì chỉ có người nông dân thiệt thôi",Fear,con này còn hại hơn cả ốc_bươu_vàng cấm nhanh còn kịp để nó ra ngoài thì chỉ có người nông_dân thiệt thôi
thú vui đặc biệt vãi :v .,Enjoyment,thú_vui đặc_biệt vãi v
tao biết là có ý tốt gởi thông điệp ý nghĩa nhưng nhìn cứ sợ sợ lại còn sấm chớp :<,Fear,tao biết là có ý tốt gởi thông_điệp ý_nghĩa nhưng nhìn cứ sợ sợ lại còn sấm chớp icon_buon
t ghét cả họ nhà nó 🙂,Disgust,tao ghét cả họ nhà nó icon_vui
huhu nó bị điên à ?,Other,huhu nó bị điên à
phải công nhận nước ngoài cái gì cũng to :),Other,phải công_nhận nước_ngoài cái gì cũng to icon_vui
sư phụ giả vờ ngã để thử lòng các đồ đệ và cái kết ngã sấp mặt luôn 😢,Sadness,sư phụ giả_vờ ngã để thử lòng các đồ đệ và cái kết ngã sấp_mặt luôn icon_buon
một lũ óc không bằng chó .,Disgust,một lũ óc không bằng chó
5 năm nữa tao phải đẻ được 3 đứa 😂😂😂,Enjoyment,5 năm nữa tao phải đẻ được 3 đứa icon_vui icon_vui icon_vui
per lật kèo luôn à ??,Surprise,per lật kèo luôn à
thanh niên quá cứng,Other,thanh_niên quá cứng
lùn lùn làm sao sống qua nổi những chuyến đi phiêu lưu như vậy,Sadness,lùn lùn làm_sao sống qua nổi những chuyến đi phiêu_lưu như_vậy
chân tao không đu ̉ da ̀ i đi ̉ đi con đươ ̀ người na ̀ y :((((,Sadness,chân tao không đu ̉ da ̀ i đi ̉ đi con đươ ̀ người na ̀ y icon_buon
có lúc ngồi một mình mà cảm thấy lạc lõng lắm các cậu ak,Sadness,có lúc ngồi một_mình mà cảm thấy lạc_lõng lắm các cậu à
phải cho mấy con sán lợn này vào đĩa rồi mời mấy ông bà đấy ăn xem mấy ông bà đấy thế nào .,Anger,phải cho mấy con sán lợn này vào đĩa rồi mời mấy ông_bà đấy ăn xem mấy ông_bà đấy thế_nào
mùa hè không nóng đây rồi,Enjoyment,mùa hè không nóng đây rồi
lũ này chặt tay bọn nó cho khỏi trộm cắp 😠,Anger,lũ này chặt tay bọn nó cho khỏi trộm_cắp icon_tucgian
bắt trước chuyện tềnh trong thang máy cơ mà cái này kết có hậu :),Other,bắt trước chuyện tềnh trong thang_máy cơ_mà cái này kết có_hậu icon_vui
vl ! người ngoài hành tinh biết nói tiếng anh ! bọn mày lú hết rồi à ? cái quần què gì cũng tin được !,Disgust,rất người_ngoài hành_tinh biết nói tiếng anh bọn mày lú hết rồi à cái quần què gì cũng tin được
má nó thú dị thôi rồi 😂😂😂,Enjoyment,má nó thú dị thôi rồi icon_vui icon_vui icon_vui
crush bị thịt hay không không quan trọng . t chỉ sợ vợ tao đang bị thg nào đó gạ địt thôi . nghĩ mà buồn,Sadness,crush bị_thịt hay không không quan_trọng tao chỉ sợ vợ tao đang bị thg nào đó gạ địt thôi nghĩ mà buồn
mấy đứa bị bón thích cái này,Other,mấy đứa bị bón thích cái này
thằng lol nào trong miệng thế,Anger,thằng lol nào trong miệng thế
per đau hơn chia tay người yêu nữa,Sadness,per đau hơn chia_tay người_yêu nữa
tôi đã đúng khi đọc bình luận thay vì đọc bài :),Enjoyment,tôi đã đúng khi đọc bình_luận thay_vì đọc bài icon_vui
hóng kỉ lục để lông mũi dài tới bụng :)),Other,hóng kỉ_lục để lông mũi dài tới bụng icon_vui
đánh rơi liêm sỉ trong 1 nốt nhạc,Disgust,đánh_rơi liêm_sỉ trong 1 nốt_nhạc
chuẩn ..! dm mang tiếng được trung ương mà toàn lũ ghen ăn tức ở_xểnh tí là hại nhau ngay ..! làm vất vả tiền chả thấy đâu ..!=)))))),Disgust,chuẩn dm mang_tiếng được trung_ương mà toàn lũ ghen ăn tức ở_xểnh tí là hại nhau ngay làm vất_vả tiền chả thấy đâu
nước ngoài cái gì cũng to kể cả sinh vật,Surprise,nước_ngoài cái gì cũng to kể_cả sinh_vật
ôi tao đã tìm được người cùng hành tinh ?,Surprise,ôi tao đã tìm được người cùng hành_tinh
câu nói quá chuẩn và ý nghĩa 👍,Enjoyment,câu nói quá chuẩn và ý_nghĩa
cảm ơn đoi tình nguyện viên nhớ có các bạn mà người dân bớt vất vả hơn,Enjoyment,cảm_ơn đoi tình_nguyện viên nhớ có các bạn mà người dân bớt vất_vả hơn
"từ cái thời mới bắt về bé tí . suốt ngày bị lũ gà mái bắt nạt run rẩy trong góc . mình thấy tội nghiệp nên săn sóc từng tí 1 , lại bảo kê cho nó khỏi lũ gà . thế mà dume lúc lớn lúc đéo nào cũng kêu như giết heo , đuổi đánh lũ gà chạy tán loạn , đè chết cả mấy con gà . đã thế thì thôi lúc vào cho nó ăn nó dí cho thì thôi rồi . vừa dí vừa mổ , hồi đấy nuôi ngỗng mơ cũg thấy ác mộng bị nó đuổi mổ . tóm lại vừa vô ơn vừa đéo dễ thương tí nào cả",Disgust,từ cái thời mới bắt về bé tí suốt ngày bị lũ gà mái bắt_nạt run_rẩy trong góc mình thấy tội_nghiệp nên săn_sóc từng tí 1 lại bảo_kê cho nó khỏi lũ gà thế_mà dume lúc lớn lúc đéo nào cũng kêu như giết heo đuổi đánh lũ gà chạy tán_loạn đè chết cả mấy con gà đã thế thì thôi lúc vào cho nó ăn nó dí cho thì thôi rồi vừa dí vừa mổ hồi đấy nuôi ngỗng mơ cũg thấy ác_mộng bị nó đuổi mổ tóm lại vừa vô_ơn vừa đéo dễ_thương tí nào cả
lụm điều cho ba má . 2 ngàn 1 ngày bỏ heo đất . thằng hàng xóm vô trộm mất . khóc lóc mấy ngày .,Sadness,lụm điều cho ba_má 2 ngàn 1 ngày bỏ heo đất thằng hàng_xóm vô trộm mất khóc_lóc mấy ngày
cỡ nào anh cũng có thể chịu đựng được vì anh yêu em,Enjoyment,cỡ nào anh cũng có_thể chịu_đựng được vì anh yêu em
người ta kê bàn ghế ra chả nhẽ lại vẫn nằm đất để nhìn mông người khác ngồi :))) pha xử lý rất cao tayyy,Enjoyment,người_ta kê bàn ghế ra chả nhẽ lại vẫn nằm đất để nhìn mông người khác ngồi icon_vui pha xử_lý rất cao_tay
"những việc này , mang lên đây chả giải quyết được gì cả .",Sadness,những việc này mang lên đây chả giải_quyết được gì cả
đến ngày sinh nhật mà còn không nhớ thì còn nói gì nũa,Sadness,đến ngày_sinh_nhật mà còn không nhớ thì còn nói gì nũa
1967 mà cụ ông đẹp trai phong độ ăn mặc thời trang quá :)),Enjoyment,1967 mà cụ ông đẹp_trai phong_độ ăn_mặc thời_trang quá icon_vui
của thằng kia mà,Other,của thằng kia_mà
"chắc tại từ nhỏ tới lớn mình "" man "" quá nên không gặp được gã nào ga lăng dư này :(",Sadness,chắc tại từ nhỏ tới lớn mình man quá nên không gặp được gã nào ga_lăng dư này icon_buon
bảo thẳng luôn dân việt nam nghèo còn bày đặt . không biết quý đồ ăn là gì . nói thì lại tự ái quay ra đôi co .,Disgust,bảo thẳng luôn dân việt_nam nghèo còn bày_đặt không biết quý đồ ăn là gì nói thì lại tự_ái quay ra đôi_co
douma đứng trong nhà cũng không yên cái thân,Anger,douma đứng trong nhà cũng không yên cái thân
hổng gặp cái buồn luôn ><,Sadness,không gặp cái buồn luôn
thế nên bán hàng có tâm là đừng bao giờ nài nỉ khách mua thêm vì biết đâu bạn vô tình làm cho nỗi đau của họ trở nên tồi tệ hơn .,Sadness,thế nên bán hàng có tâm là đừng bao_giờ nài_nỉ khách mua thêm vì biết đâu bạn vô_tình làm cho nỗi đau của họ trở_nên tồi_tệ hơn
tao nhớ không nhầm hôm nay nó đến tháng vậy là sẽ không bị đâu nhỉ,Enjoyment,tao nhớ không nhầm hôm_nay nó đến tháng vậy là sẽ không bị đâu nhỉ
năm đó mà có được chiếc xe kia thì cũng không phải dạng vừa rồi 👍,Other,năm đó mà có được chiếc xe kia thì cũng không phải dạng vừa_rồi
"per em ơi , tính ra nhớ đợt mình đi dạo trên cầu per mấy ông đó vứt xuống sông ít ra còn có não hơn mấy đứa vụ này",Disgust,per em ơi tính ra nhớ đợt mình đi dạo trên cầu per mấy ông đó vứt xuống sông ít_ra còn có não hơn mấy đứa vụ này
nhìn hói mà thấy thương gê ??,Sadness,nhìn hói mà thấy thương gê
ngta lở ăn vụn tha đi lúc đầu thấy êm re tội quá chừng lúc sau tức nước vở bờ 😂😂😂,Other,người_ta lở ăn vụn tha đi lúc đầu thấy êm re tội quá_chừng lúc sau tức nước vở bờ icon_vui icon_vui icon_vui
per nhất định chị em mê tín mình p đi xem phim này rồi,Enjoyment,per nhất_định chị_em mê_tín mình p đi xem phim này rồi
đoạn phim này tốn khá nhiều nước mắt của người xem,Sadness,đoạn phim này tốn khá nhiều nước_mắt của người xem
t tưởng móc được mớ vụn ra là hết rồi . ai ngờ còn 2 cục đựu má chà bá,Surprise,tao tưởng móc được mớ vụn ra là hết rồi ai_ngờ còn 2 cục đựu má chà_bá
liệu nó có bay nổi hay không ?.,Other,liệu nó có bay nổi hay không
mẹ mày đã đánh mày tan xác chưa . phải tao thì mẹ tao cho nhừ tử luôn rồi ??,Anger,mẹ mày đã đánh mày tan xác chưa phải tao thì mẹ tao cho nhừ_tử luôn rồi
t mong nó té quá chời :v,Enjoyment,tao mong nó té quá chời v
dẫu hiên ngang giữa đất trời . gặp con vợ đểu thì đời cũng xong,Disgust,dẫu hiên_ngang giữa đất trời gặp con vợ đểu thì đời cũng xong
thành phố không nói chứ chỉ 9x trở về mới biết nấu thoii,Other,thành_phố không nói chứ chỉ 9x trở về mới biết nấu thoii
khi bạn bất cần vãi đời ... làm việc xấu mà cảm thấy thanh thản vãi 😁,Enjoyment,khi bạn bất_cần vãi đời làm_việc xấu mà cảm_thấy thanh_thản vãi icon_vui
tao kìm nén lâu qá rồi mà 😌😌 tức nước vỡ bờ thôi,Sadness,tao kìm_nén lâu qá rồi mà tức nước vỡ bờ thôi
"tự nhiên nhớ đến hồi bé , đi kiểu nào cũng bị ngỗng rượt chạy té sấp mặt luôn , nhiều khi nghĩ sợ nó dí hơn sợ mẹ đánh",Fear,tự_nhiên nhớ đến hồi bé đi kiểu nào cũng bị ngỗng rượt chạy té sấp_mặt luôn nhiều khi nghĩ sợ nó dí hơn sợ mẹ đánh
mày cút,Anger,mày cút
phim này rất hay .,Enjoyment,phim này rất hay
đang chán đời cắt tóc xong là chán cái mặt hơn chán đời luôn :((,Sadness,đang chán đời cắt tóc xong là chán cái mặt hơn chán đời luôn icon_buon
may quá tao không xài huawei kkk,Enjoyment,may quá tao không xài huawei k
ông này có võ thiệt 😁😁,Surprise,ông này có võ thiệt icon_vui icon_vui
"yeahh ! tao giờ đã là khách quen quán trà sữa đó rồi , về nhà cũng phải ráng tạt qua",Enjoyment,yeahh tao giờ đã là khách quen quán trà sữa đó rồi về nhà cũng phải ráng tạt qua
ai mà chả sợ rắn chơi ngu như chó vợ nhỉ per,Disgust,ai mà chả sợ rắn chơi ngu như chó vợ nhỉ per
sớm chút nữa có lẽ đã khác rồi đúng không ?,Other,sớm chút nữa có_lẽ đã khác rồi đúng không
đúng là nhân tài luôn ở khắp mọi nơi kkkk,Enjoyment,đúng là nhân_tài luôn ở khắp mọi nơi k
bà của tôi đã không còn khi tôi còn chưa biết gg là gì,Sadness,bà của tôi đã không còn khi tôi còn chưa biết gg là gì
"công trình 850 năm tuổi , xây dựng 100 năm mới hoàn thành chỉ còn là đống cháy sắt vụn .",Sadness,công_trình 850 năm_tuổi xây_dựng 100 năm mới hoàn_thành chỉ còn là đống cháy sắt vụn
tao thấy có 1 thằng dân trí thấp trong đám bình luận này rồi đấy,Disgust,tao thấy có 1 thằng dân_trí thấp trong đám bình_luận này rồi đấy
bỏ thế lồn nào được :(,Sadness,bỏ thế lồn nào được icon_buon
đây là đồ của per ??? hỏi nua không,Other,đây là đồ của per hỏi nua không
per trông em bé yêu vãi :)),Enjoyment,per trông em bé yêu vãi icon_vui
khó có thể giải thích,Other,khó có_thể giải_thích
dù có nói thích mày thì cũng đừng có tin .. xã hội giờ nguy hiểm lắm,Fear,dù có nói thích mày thì cũng đừng có tin xã_hội giờ nguy_hiểm lắm
chắc sổ đỏ có cả vỉa hè và đường :)),Other,chắc sổ_đỏ có cả vỉa_hè và đường icon_vui
ơ . t chỉ quan tâm sao mày lại mặc quần màu hường hình cô gái thôi ??,Other,ơ tao chỉ quan_tâm sao mày lại mặc quần màu hường hình cô gái thôi
sang năm nữa vác giường ra mà nhìn,Other,sang năm nữa vác giường ra mà nhìn
câu chuyện lấy đi nước mắt của tao,Sadness,câu_chuyện lấy đi nước_mắt của tao
"ko ngon thế đâu , không khéo nó lại ỉa cứt toe toét vào mặt í :)))",Disgust,không ngon thế đâu không_khéo nó lại ỉa cứt toe_toét vào mặt í icon_vui
"chờ mãi mà không thấy , cứ thấy trống vắng vãi :((",Sadness,chờ mãi mà không thấy cứ thấy trống_vắng vãi icon_buon
t thấy nó cười hoài mà không bao giờ nó cười với tao cả :((,Sadness,tao thấy nó cười hoài mà không bao_giờ nó cười với tao cả icon_buon
"per tôn lợp nhà mà đẹo zai thế đấy , lại toàn 6 múi nữa chứ ...",Enjoyment,per tôn lợp nhà mà đẹo zai thế đấy lại toàn 6 múi nữa chứ
"thời thanh xuân tôi từng yêu quý nét hiền thục của chị hiền mai . và đúng như cái tên hiền mai của chị , tên và tâm tính đều đẹp , hiếu thảo khó ai bằng . em xin chúc bác có thêm nhiều sức khoẻ để chị có được nhg tháng ngày hạnh phúc , ấm áp bên mẹ ạ .",Enjoyment,thời thanh_xuân tôi từng yêu_quý nét hiền_thục của chị hiền mai và đúng như cái tên hiền mai của chị tên và tâm_tính đều đẹp hiếu_thảo khó ai bằng em xin chúc bác có thêm nhiều sức_khoẻ để chị có được nhg tháng_ngày hạnh_phúc ấm_áp bên mẹ ạ
cái này gọi là ấu trĩ phải không,Disgust,cái này gọi là ấu_trĩ phải không
phải tao tao vứt luôn xe ??,Sadness,phải tao tao vứt luôn xe
tưởng mai đi họp phụ huynh mới bị u ám . ai ngờ hôm nay mới biết điểm anh 9 . 5 thôi đã u ám rồi :),Sadness,tưởng mai đi họp phụ_huynh mới bị u_ám ai_ngờ hôm_nay mới biết điểm anh 9 5 thôi đã u_ám rồi icon_vui
ui đáng yêu gheê,Enjoyment,ui đáng yêu gheê
sắp được cống hiến cho tổ quốc rồi . vui quá ...,Enjoyment,sắp được cống_hiến cho tổ_quốc rồi vui quá
"cạn lời , mình ngủ để khỏi nhìn 😊😊😊",Disgust,cạn_lời mình ngủ để khỏi nhìn icon_vui icon_vui icon_vui
loài dê phải gọi ông này bằng cụ,Other,loài dê phải gọi ông này bằng_cụ
cho em hỏi phim ra tập mới vào những hôm nào ạ,Other,cho em hỏi phim ra tập mới vào những hôm nào ạ
đkm mấy thằng mặt cặc ! gặp bà thì bà lại đá cho thọt con mẹ nó dái lên cổ xem chúng mày có cười mà khoe chiến tích được không . đm lũ chó chết không riềng 😡😡,Anger,đkm mấy thằng mặt cặc gặp bà thì bà lại đá cho thọt con_mẹ nó dái lên cổ xem chúng_mày có cười mà khoe chiến_tích được không chửi_thề lũ chó chết không riềng icon_tucgian icon_tucgian
nghe tên vietcombank là bao nhiêu quá khứ bực mình ùa về,Anger,nghe tên vietcombank là bao_nhiêu quá_khứ bực_mình ùa về
mạnh vỗ tay 👏,Enjoyment,mạnh vỗ_tay
thu thập mọi thông tin về đối tượng .. luôn đặt trái tim vào trạng thái .. chiến đấu 😖,Other,thu_thập mọi thông_tin về đối_tượng luôn đặt trái_tim vào trạng_thái chiến_đấu
2 thế kỷ mới xây được vậy mà chỉ trong 63 phút tiêu tan hết :(,Sadness,2 thế_kỷ mới xây được vậy_mà chỉ trong 63 phút tiêu_tan hết icon_buon
đọc xong tao muốn khóc luôn,Sadness,đọc xong tao muốn khóc luôn
thương vlll,Enjoyment,thương vl
"xốp dọn không sạch nổi , quản lý người ta lại nói nv làm vệ sinh bẩn không kĩ lưỡng này nọ rồi lại trừ tác phong , các bạn ý thức chút",Disgust,xốp dọn không sạch nổi quản_lý người_ta lại nói nv làm vệ_sinh bẩn không kĩ_lưỡng này_nọ rồi lại trừ tác_phong các bạn ý_thức chút
não bọn này nhiều nếp nhăn đấy,Surprise,não bọn này nhiều nếp nhăn đấy
tăng sáng lên nhìn cho rõ mặt chứ,Other,tăng sáng lên nhìn cho rõ mặt chứ
"gặp chị này ngoài đời rồi , giọng nhẹ mà hiền lắm nuôn ❤",Enjoyment,gặp chị này ngoài đời rồi giọng nhẹ mà hiền lắm nuôn
"vailon :)) học sinh cơ , dume nó",Disgust,vailon icon_vui học_sinh cơ dume nó
nta vẩy tay mấy cái cũng ra tranh còn tao thì 😪,Sadness,nta vẩy tay mấy cái cũng ra tranh còn tao thì
cẩn thận các góc cửa,Other,cẩn_thận các góc cửa
bình luận gì ông này diễn trò ngày nào đi qua khoảng hơn bốn giờ chiều là gặp,Disgust,bình_luận gì ông này diễn trò ngày nào đi qua khoảng hơn bốn giờ chiều là gặp
"tại như vầy nên bố tao không cho đi cùng . cụ bảo có năm còn lăn cả xuống ruộng , trèo lên mái nhà của người ta để đi ??",Fear,tại như_vầy nên bố tao không cho đi cùng cụ bảo có năm còn lăn cả xuống ruộng trèo lên mái nhà của người_ta để đi
:))) mặt ngáo vậy mà còn lạ lẫm gì,Other,icon_vui mặt ngáo vậy_mà còn lạ_lẫm gì
lừa đảo số tiền lớn như vậy thì khởi tối cả lũ chúng nó chứ,Anger,lừa_đảo số tiền lớn như_vậy thì khởi tối cả lũ chúng_nó chứ
nhưng tối qua nhà tao có mưa đâu,Other,nhưng tối qua nhà tao có mưa đâu
tới lúc chia tay rồi khóc :(,Sadness,tới lúc chia_tay rồi khóc icon_buon
chọn thằng nào có tương lai hơn . tức có bố mẹ giàu hơn,Other,chọn thằng nào có tương_lai hơn tức có bố_mẹ giàu hơn
dm ông cầm cam cho cẩn thận vào tôi cũng muốn ngã mẹ nó rồi này,Fear,dm ông cầm cam cho cẩn_thận vào tôi cũng muốn ngã mẹ nó rồi này
tuổi trẻ tài cao =))),Enjoyment,tuổi_trẻ tài cao
per giờ thằng gù nhà thờ chạy đi đâu đây :(,Sadness,per giờ thằng gù nhà_thờ chạy đi đâu_đây icon_buon
nồi cơm điện chứ gì .,Other,nồi cơm_điện chứ gì
những người em thích đều đi nơi đâu rồi còn con ml bên cạnh song hành,Sadness,những người em thích đều đi nơi đâu rồi còn con ml bên cạnh song_hành
cái này giả thui nhé . 1 tài liệu mật của nasa mà cái kênh cùi này có được à 😂,Disgust,cái này giả thui nhé 1 tài_liệu mật của nasa mà cái kênh cùi này có được à icon_vui
ghét nhất kiểu tôi quen ông này quen bà kia . nhìu cha có cái nón bảo hiểm không đòi được bị bắt cái gọi điện thoại nhờ người quen . có bạn kiểu đó phiền quá,Disgust,ghét nhất kiểu tôi quen ông này quen bà kia nhiều cha có cái nón bảo_hiểm không đòi được bị bắt_cái gọi điện_thoại nhờ người quen có bạn kiểu đó phiền quá
giết chết lũ khốn và cái ô che cho chúng .,Anger,giết chết lũ khốn và cái ô che cho chúng
"công ăn việc làm còn chưa ổn định , bố mẹ già còn chưa lo được thì kết hôn để làm gì 😪",Sadness,công ăn việc_làm còn chưa ổn_định bố_mẹ già còn chưa lo được thì kết_hôn để làm gì
nên cho người xử sai ngồi tù như người ta xem sao ....,Anger,nên cho người xử sai ngồi_tù như người_ta xem sao
tận cùng của tan vỡ,Sadness,tận_cùng của tan_vỡ
người yêu có thể có nhiều nhưng mạng sống chỉ có 1 chế nhể ?,Other,người_yêu có_thể có nhiều nhưng mạng sống chỉ có 1 chế nhể
"nhà tao bên cạnh phòng tập gym , lúc trước bán dụng cụ thể thao ế vãi ra , nợ nần chồng chất ! từ ngày chuyển sang làm đại lý dầu ăn , gia đình tao phất lên trông thấy !😂😂",Enjoyment,nhà tao bên cạnh phòng tập gym lúc trước bán dụng_cụ thể_thao ế vãi ra nợ_nần chồng_chất từ ngày chuyển sang làm đại_lý dầu ăn gia_đình tao phất lên trông thấy icon_vui icon_vui
per đúng rồi mình đây =)),Enjoyment,per đúng rồi mình đây
sao đúng bài mày kết vậy 🙁🙁🙁,Other,sao đúng bài mày kết vậy
tình yêu con nít cọ đít vào nhau ....,Disgust,tình_yêu con_nít cọ đít vào nhau
thế thì bắt con phụ nữ chứ bắt gì thằng đâm . con đấy mới là nguồn của vụ án,Anger,thế_thì bắt con phụ_nữ chứ bắt gì thằng đâm con đấy mới là nguồn của vụ án
tao còn độc thân này :((,Sadness,tao còn độc_thân này icon_buon
ngộ không phiên bản lỗi 😆😆,Disgust,ngộ không phiên_bản lỗi icon_vui icon_vui
per mới bắt đầu tuần thánh mà chúa ơii,Sadness,per mới bắt_đầu tuần thánh mà chúa ơii
buồn vương mi !!!,Sadness,buồn vương mi
đăng khoa lê lò dầu của mẹ nè anh 😘😘😘,Enjoyment,đăng khoa lê lò dầu của mẹ nè anh icon_vui icon_vui icon_vui
đm chưa thấy thằng nào ngu như thằng này :))) bị ngáo cần :)),Disgust,chửi_thề chưa thấy thằng nào ngu như thằng này icon_vui bị ngáo cần icon_vui
nát xe lại còn phải đền cho cánh cửa toa tàu nữa . dốt thì chết,Disgust,nát xe lại còn phải đền cho cánh cửa toa tàu nữa dốt thì chết
không biết crush có thích uống nước mắm không để còn tặng nàng chai nam ngư 900ml :)),Enjoyment,không biết crush có thích uống nước_mắm không để còn tặng nàng chai nam ngư 900ml icon_vui
"văn minh quá , đường trong sổ đỏ người ta mà !",Disgust,văn_minh quá đường trong sổ_đỏ người_ta mà
lại nhuộm vàng súng ống rồi,Other,lại nhuộm vàng súng_ống rồi
xuống đi nó không cắn đâu,Other,xuống đi nó không cắn đâu
gia đình có nhưng tình yêu không thì sao,Sadness,gia_đình có nhưng tình_yêu không thì sao
chúng mày giờ mới biết điều này ah ? =)))),Surprise,chúng_mày giờ mới biết_điều này à
t cũn gặp 1 ca như vậy mà chúng nó còn chơi chét bánh kem cơ . bước vào nhìn cái phòng mà muốn quăng chổi vào mặt tụi nó,Anger,tao cũn gặp 1 ca như vậy_mà chúng_nó còn chơi chét bánh kem cơ bước vào nhìn cái phòng mà muốn quăng chổi vào mặt tụi nó
"tí tuổi đã hói , chắc kiếp trước ăn ở không ra gì đây",Disgust,tí tuổi đã hói chắc kiếp trước ăn ở không ra gì đây
thì con đỉ mẹ mày ghi nhanh vào .,Anger,thì con đỉ mẹ mày ghi nhanh vào
"miễn sao có tiền ăn bánh trung thu , mua lồng đèn , đi du lịch =))))",Enjoyment,miễn_sao có tiền ăn bánh trung_thu mua lồng đèn đi du_lịch
vẫn ế bền vững,Sadness,vẫn ế bền_vững
per hẳn là hôm đi chợ bông chắc sẽ có nhìu đứa gét . 🤣🤣🤣,Disgust,per hẳn là hôm đi chợ bông chắc sẽ có nhiều đứa gét icon_vui icon_vui icon_vui
thích thật,Enjoyment,thích thật
xong bỗng nhiên một ngày mất hút không để lại 1 hạt bụi,Sadness,xong bỗng_nhiên một ngày mất_hút không để lại 1 hạt bụi
tê tê phê phê sung sướng vãi 😌,Enjoyment,tê_tê phê phê sung_sướng vãi
bạn này sau này sẽ khó bước qua cái bóng của vai diễn này 🙂,Other,bạn này sau_này sẽ khó bước qua cái bóng của vai diễn này icon_vui
"bác nói v thì tôi cũng xin thua , có tranh luận cũng không như không",Other,bác nói v thì tôi cũng xin thua có tranh_luận cũng không như_không
lại được làm thêm quả nhà nữa . ngon,Enjoyment,lại được làm thêm quả nhà nữa ngon
tuổi thơ tao dùng n để nướng thằn lằn 😂😂,Enjoyment,tuổi_thơ tao dùng n để nướng thằn_lằn icon_vui icon_vui
lead mới vô nghề còn non thì tuổi lol gì chống lại lead lâu năm,Disgust,lead mới vô nghề còn non thì tuổi lol gì chống lại lead lâu năm
sợ nhất con quỷ này trên đời,Fear,sợ nhất con quỷ này trên đời
con cái nhà ai mà bố mẹ chăm cho đẫy đà ngon ngọt thế,Other,con_cái nhà ai mà bố_mẹ chăm cho đẫy_đà ngon_ngọt thế
per nè chị,Other,per nè chị
đang bo cuối mà lạ có vị trí đẹp thì đúng là tuyệt vời :))),Enjoyment,đang bo cuối mà lạ có vị_trí đẹp thì đúng là tuyệt_vời icon_vui
cái này là cái gì thế .,Other,cái này là cái gì thế
loz chúng nó là 1 đội . chứ dám chêu người lạ . dm bố mày sút không trượt phát lào,Anger,loz chúng_nó là 1 đội chứ dám chêu người lạ dm bố mày sút không trượt phát lào
"đã từng nhưng 10 năm về trước cơ , buồn ghê",Sadness,đã từng nhưng 10 năm về trước_cơ buồn_ghê
chỉ có trong truyền thuyết . mà khái niệm truyền thuyết trong ngữ văn lớp 6 là không có thật,Other,chỉ có trong truyền_thuyết mà khái_niệm truyền_thuyết trong ngữ_văn lớp 6 là không có thật
nói mẹ ngoài đời,Anger,nói mẹ ngoài đời
ở đâu cũng có người tốt nè anh kkkk,Enjoyment,ở đâu cũng có người tốt nè anh k
buồn cho 1 đất nước .,Sadness,buồn cho 1 đất_nước
nghĩ mà buồn vãi =)),Sadness,nghĩ mà buồn vãi
hello đồng nghiệp ;)))) không biết nghiệp gì thôi haha,Enjoyment,hello đồng_nghiệp không biết nghiệp gì thôi haha
"tuyệt với , ước mơ hồi nhỏ của tôi đã được cậu bé này thực hiện",Enjoyment,tuyệt với ước_mơ hồi nhỏ của tôi đã được cậu bé này thực_hiện
sao mà mặt boss có thể gian đến thế nhỉ,Surprise,sao mà mặt boss có_thể gian đến thế nhỉ
giận con mẹ mày nữa chứ giận :),Anger,giận con_mẹ mày nữa chứ giận icon_vui
âu kề ... anh per đã béo từ khi lấy vợ và giống như tất cả các chàng troai khác :))),Other,âu kề anh per đã béo từ khi lấy vợ và giống như tất_cả các chàng troai khác icon_vui
chơi ngu lỡ người ta té chấn thương đập đầu rồi ai nuôi 😐😐😐 ở vn nó xúm lại đánh hội đồng ôm đầu mà khóc 😅😅😅,Other,chơi ngu lỡ người_ta té chấn_thương đập đầu rồi ai nuôi ở vn nó xúm lại đánh hội_đồng ôm đầu mà khóc icon_vui icon_vui icon_vui
kinh dị,Disgust,kinh_dị
"cũng được nhưng cuối video nhai nhỏ tiếng hơn thì tốt . :""(",Disgust,cũng được nhưng cuối video nhai nhỏ tiếng hơn thì tốt
"kết nó ở cái câu "" đất nước gia lai là một đất nước giàu tài nguyên , có anh per ""😑",Enjoyment,kết nó ở cái câu đất_nước gia lai là một đất_nước giàu tài_nguyên có anh per
per tao không gửi cho mọi người . tao chỉ đăng lên facebook cho thiên hạ biết thôi :))),Enjoyment,per tao không gửi cho mọi người tao chỉ đăng lên facebook cho thiên_hạ biết thôi icon_vui
thành công là cách trả thù xã hội ngọt ngào nhất . đừng vì họ nói mà yếu lòng,Other,thành_công là cách trả_thù xã_hội ngọt_ngào nhất đừng vì họ nói mà yếu lòng
bởi nói để trung nguyên cho bà thảo thì chắc chắn 100 % với cái bộ óc sáng tạo cùng với sự lãnh đạo tài giỏi và lòng tham hơn người và trí tuệ ngắn hạn sẽ dẫn dắt trung nguyên xuống con mẹ nó giếng luôn .,Disgust,bởi nói để trung_nguyên cho bà thảo thì chắc_chắn 100 với cái bộ_óc sáng_tạo cùng với sự lãnh_đạo tài_giỏi và lòng tham hơn người và trí_tuệ ngắn_hạn sẽ dẫn_dắt trung_nguyên xuống con_mẹ nó giếng luôn
mày khá là may mắn khi không học tiếng huế đấy =)),Enjoyment,mày khá là may_mắn khi không học tiếng huế đấy
per đi làm công tình yêu cẩn thận ăn uống nhé,Other,per đi làm_công tình_yêu cẩn_thận ăn_uống nhé
có những người đi qua đời bao nhiêu như 1 cơn gió vậy . vô tình nhìn lại . nó lại là quá khứ ...!,Sadness,có những người đi qua_đời bao_nhiêu như 1 cơn gió vậy vô_tình nhìn lại nó lại là quá_khứ
"ngày cuối cùng còn ở lại , bản thân không có bất cứ một cảm xúc gì , trong lòng chỉ độc một mảnh phẳng lặng .",Sadness,ngày cuối_cùng còn ở lại bản_thân không có bất_cứ một cảm_xúc gì trong lòng chỉ độc một mảnh phẳng_lặng
🙄🙄🙄🙄 tao cũng thích kiểu kể chuyện trước khi đi ngủ . cho đến khi tao ngủ luôn . mà đéo có ai hết . buồn đời,Sadness,icon_chankhet icon_chankhet icon_chankhet icon_chankhet tao cũng thích kiểu kể chuyện trước khi đi ngủ cho đến khi tao ngủ luôn mà đéo có ai hết buồn đời
lúc tối mày cũng nằm mơ nèo nhà mày về . ước gì nó là sự thật 😢,Sadness,lúc tối mày cũng nằm_mơ nèo nhà mày về ước gì nó là sự_thật icon_buon
nó lại hợp lí vãi :v,Enjoyment,nó lại hợp_lí vãi v
nuôi kiểu gì mà lắm ve thế kia ?,Disgust,nuôi kiểu gì mà lắm ve_thế kia
"per bởi , đéo dám tán ai hay tỏ tình",Fear,per bởi đéo dám tán ai hay tỏ_tình
coi rồi vẫn muốn coi lại 😚😘,Other,coi rồi vẫn muốn coi lại icon_vui
sao chưa thấy ai tới cứu nhỉ . lỡ xảy ra gì mất điện toàn tỉnh sao .,Other,sao chưa thấy ai tới cứu nhỉ lỡ xảy ra gì mất điện toàn tỉnh sao
bình phước vẫn là cây chủ lực .,Other,bình phước vẫn là cây chủ_lực
má hồi xưa về ngoại chơi đi đường bị nguyên đàn yêu nghiệt này dí chạy té đái giờ vẫn sợ bọn nó 😨😨😨,Fear,má hồi xưa về ngoại chơi đi đường bị nguyên đàn yêu nghiệt này dí chạy té đái giờ vẫn sợ bọn nó icon_loso icon_loso icon_loso
nhớ gia đình nhỏ nhiều lắm … mà không được về thăm,Sadness,nhớ gia_đình nhỏ nhiều lắm mà không được về thăm
"có bài hát "" cuộc đời vẫn đẹp sao , tình yêu vẫn đẹp sao """,Enjoyment,có bài hát cuộc_đời vẫn đẹp sao tình_yêu vẫn đẹp sao
per ghét cái kiểu rõ ràng là chuyện của riêng 2 người vậy mà …,Disgust,per ghét cái kiểu rõ_ràng là chuyện của riêng 2 người vậy_mà
nhưng kp cười với mày đâu :) ảo tưởng vãi,Sadness,nhưng kp cười với mày đâu icon_vui ảo_tưởng vãi
một câu chuyện bi đát :((,Sadness,một câu_chuyện bi_đát icon_buon
sao ý thức kém thế bao nhiêu tâm sức của bao người mà bỏ phí như thế,Disgust,sao ý_thức kém thế bao_nhiêu tâm_sức của bao người mà bỏ phí như_thế
còn gì hơn lòng dạ đàn bà ... cũng may tao là một con đàn ông :)),Enjoyment,còn gì hơn lòng_dạ đàn_bà cũng may tao là một con đàn_ông icon_vui
ngu thì chịu,Disgust,ngu thì chịu
tao cũng ho trật mẹ khớp vai mà đéo phải 1 lần đầu nhé,Sadness,tao cũng ho trật mẹ khớp vai mà đéo phải 1 lần đầu nhé
chỉ cần sống thật với cảm xúc .. với chính con người bạn là hạnh phúc nhất,Enjoyment,chỉ cần sống thật với cảm_xúc với chính con_người bạn là hạnh_phúc nhất
tao giận bạn trai tao và 5 ngày rồi nó đéo dỗ tao luôn hix,Sadness,tao giận bạn trai tao và 5 ngày rồi nó đéo dỗ tao luôn hix
mày lấy sỏi xếp thành tên dume khôn như tao này .,Enjoyment,mày lấy sỏi xếp thành tên dume khôn như tao này
chuyện tình huyền thoại của per với per :(,Sadness,chuyện tình huyền_thoại của per với per icon_buon
per nghe rồi ngủ đi em,Other,per nghe rồi ngủ đi em
may là tao dán kính cường lực,Enjoyment,may là tao dán kính cường_lực
"khiếu nại cái gì khi cả bọn nó bao che cho nhau làm lớn thì sợ ảnh hưởng tới bộ giáo dục cho lên chúng sẽ ?,",Anger,khiếu_nại cái gì khi cả bọn nó bao_che cho nhau làm lớn thì sợ ảnh_hưởng tới bộ giáo_dục cho lên chúng sẽ
buồn cười vãi ý,Enjoyment,buồn_cười vãi ý
per thế thì nhà nào bầy hàng họ ra vỉa hè thì mình được đuổi đúng không cụ =))),Other,per thế_thì nhà nào bầy hàng_họ ra vỉa_hè thì mình được đuổi đúng không cụ
đm thế giới này toàn nói thật thì công nhận nhạt nhẽo vãi,Disgust,chửi_thề thế_giới này toàn nói thật thì công_nhận nhạt_nhẽo vãi
ngày bé tao bị nó dí thế là tao cho nó 1 gậy 🙂 hôm đó tao được ăn thịt ngỗng,Enjoyment,ngày bé tao bị nó dí thế_là tao cho nó 1 gậy icon_vui hôm đó tao được ăn thịt ngỗng
"mất đi một di sản , chứng tích của lịch sử 😓",Sadness,mất đi một di_sản chứng_tích của lịch_sử
ác quá trời ơi,Disgust,ác quá trời_ơi
thời xưa yêu nhau đến chết vẫn yêu ... thời nay yêu không biết chết lúc nào 🤣 cuộc sống nay đáng sợ lắm 🤪,Fear,thời xưa yêu nhau đến chết vẫn yêu thời nay yêu không biết chết lúc_nào icon_vui cuộc_sống nay đáng sợ lắm
thất vọng và áp lực tích tụ hằng ngày với tao,Sadness,thất_vọng và áp_lực tích_tụ hằng ngày với tao
cầu mưa ... mà sao không mưa nhỉ,Other,cầu mưa mà sao không mưa nhỉ
bẩn tính vãi nồi,Disgust,bẩn tính vãi nồi
a ấy nói đúng vầy vừa nta dọn cũng khổ nta chứ . phục vụ xog lại phải dọn nữa,Other,a ấy nói đúng vầy vừa nta dọn cũng khổ nta chứ phục_vụ xog lại phải dọn nữa
per mày cũng cắt tóc giống thế đi cho đẹp =)))),Enjoyment,per mày cũng cắt tóc giống thế đi cho đẹp
ý tưởng hay,Enjoyment,ý_tưởng hay
"lúc cụ bà cầm bông như cô gái 18 lần đầu mới yêuc vậy bà ngạc nhiên và hạnh phúc nhìn sâu lắng , video ngắn nhưng cho người xem si nghỉ mải",Enjoyment,lúc cụ bà cầm bông như cô gái 18 lần đầu mới yêuc vậy bà ngạc_nhiên và hạnh_phúc nhìn sâu_lắng video ngắn nhưng cho người xem si nghỉ mải
per ồ ồ chân chính chạnh lòng rồi 😂,Enjoyment,per ồ_ồ chân_chính chạnh_lòng rồi icon_vui
nói thật chẳng hiểu thế hệ bây giờ nghĩ gì . động tý vào là kêu này nọ . ở nhà ở trường có vấn đề kêu um lên chứ sau này ra ngoài xã hội mà ngu thì nó vả không trượt phát nào chứ ở đó mà kêu . tiên trách kỷ hậu trách nhân,Disgust,nói thật chẳng hiểu thế_hệ bây_giờ nghĩ gì động tý vào là kêu này_nọ ở nhà ở trường có vấn_đề kêu um lên chứ sau_này ra ngoài xã_hội mà ngu thì nó vả không trượt phát nào chứ ở đó mà kêu tiên trách kỷ hậu trách nhân
nhiều lúc lắm câu hỏi ngớ ngẩn thật,Disgust,nhiều lúc lắm câu hỏi ngớ_ngẩn thật
phạt 5tr thì phạt làm gì ? khác nào tiếp tay truyền bá mê tín dị đoan 😌,Disgust,phạt 5tr thì phạt làm gì khác_nào tiếp_tay truyền_bá mê_tín dị_đoan
con nhà hư hỏng . bỏ cả nhà đi theo zai . bị nó rũ bỏ vì chửa mới mò về . giờ bắt ai gánh nuôi con . con với cái hư quá thể .,Disgust,con nhà hư_hỏng bỏ cả nhà đi theo zai bị nó rũ bỏ vì chửa mới mò về giờ bắt ai gánh nuôi con con với cái hư quá_thể
ảnh này tao thấy mày đăng mấy lần rồi đó admin,Surprise,ảnh này tao thấy mày đăng mấy lần rồi đó admin
"làm ở đâu không quan trọng , quan trọng là chị em mình mỗi ngày gặp nhau 9 tiếng cùng làm cùng ăn cùng ngủ chị ngoc thu hen",Enjoyment,làm ở đâu không quan_trọng quan_trọng là chị_em mình mỗi ngày gặp nhau 9 tiếng cùng làm cùng ăn cùng ngủ chị ngoc thu hen
ước gì có ai để tao tag vào .,Sadness,ước gì có ai để tao tag vào
"per hồi nhỏ bị ngỗng dí riết ám ảnh , giờ mà bị dí chắc cầm cổ quay thấy moẹ nó luôn hehe",Enjoyment,per hồi nhỏ bị ngỗng dí riết ám_ảnh giờ mà bị dí chắc cầm cổ quay thấy moẹ nó luôn hehe
"vậy đấy , thế nên con gái mới toàn bị lừa =)))",Other,vậy đấy thế nên con_gái mới toàn bị lừa
tao hiểu mà,Other,tao hiểu mà
nhiều khi nghĩ mình không phải con gái mà là 1 thằng đàn ông chính hiệu kkkk ....,Enjoyment,nhiều khi nghĩ mình không phải con_gái mà là 1 thằng đàn_ông chính_hiệu k
chú lên thay được rồi đấy,Other,chú lên thay được rồi đấy
"như mình mà trèo lên là bị phóng điện luôn bạn nhỉ , mình cũng không hiểu được sao bọn nó không bị",Surprise,như mình mà trèo lên là bị phóng_điện luôn bạn nhỉ mình cũng không hiểu được sao bọn nó không bị
chỉ là muốn thôi . chứ chờ đợi không biết thời điểm nào thì cái sự mong muốn đó mới tới,Other,chỉ là muốn thôi chứ chờ_đợi không biết thời_điểm nào thì cái sự mong_muốn đó mới tới
biết giả vẫn phải tạo,Disgust,biết giả vẫn phải tạo
chúng tôi xin lỗi và rút kinh nghiệm,Other,chúng_tôi xin_lỗi và rút kinh_nghiệm
chỉ là muốn cạnh mà chỉ có 2 người . nói đủ chuyện trên đời dưới biển rồi đi vào giấc ngủ ngon . vậy thoii,Enjoyment,chỉ là muốn cạnh mà chỉ có 2 người nói đủ chuyện trên đời dưới biển rồi đi vào giấc_ngủ ngon vậy thoii
bộ phim anime đầu tiên mình xem thấy bác hói được buff sức mạnh kinh vkl =))),Surprise,bộ phim anime đầu_tiên mình xem thấy bác hói được buff sức_mạnh kinh rất
ấy thế mà đã 6 năm rồi . bây giờ còn không nhớ được những đứa nào đã học cùng mình nữa rồi 😪,Sadness,ấy thế_mà đã 6 năm rồi bây_giờ còn không nhớ được những đứa nào đã học cùng mình nữa rồi
chả bù cho tao thời hoc mẫu giáo thằng nào lộn xộn không vào mắt là tao cho ăn đấm luôn,Disgust,chả_bù cho tao thời hoc mẫu_giáo thằng nào lộn_xộn không vào mắt là tao cho ăn đấm luôn
tao là thằng chưa bao giờ giận người yêu vì người yêu tao không bao giờ làm gì có lỗi hết,Enjoyment,tao là thằng chưa bao_giờ giận người_yêu vì người_yêu tao không bao_giờ làm gì có lỗi hết
thôi có gì đâu mà cãi,Other,thôi có gì đâu mà cãi
phí cái lol mày á,Anger,phí cái lol mày á
như ốc bươu vàng thì là thảm họa rồi,Disgust,như ốc_bươu_vàng thì là thảm_họa rồi
cha mẹ là món quà vô giá mà ơn trên ban cho chúng ta . không gì có thể so sánh thay thế được . và cũng chỉ có một mà thôi ...,Enjoyment,cha_mẹ là món quà vô_giá mà ơn trên ban cho chúng_ta không gì có_thể so_sánh thay_thế được và cũng chỉ có một mà thôi
loài người thật đáng sợ,Disgust,loài_người thật đáng sợ
hicc thương em,Sadness,hicc thương em
khá tàn nhẫn,Disgust,khá tàn_nhẫn
êu khiếp chứ thế này chết cả gái lẫn zai thôi,Other,êu khiếp chứ thế này chết cả gái lẫn zai thôi
làm đéo gì có ai nói chuyện thân thiết với tao đâu mà,Sadness,làm đéo gì có ai nói_chuyện thân_thiết với tao đâu mà
nhện này trong nhà tao chắc tao bỏ nhà đi mất 😱🤯,Fear,nhện này trong nhà tao chắc tao bỏ nhà đi mất icon_loso icon_ngacnhien
"chuyện ăn ốc đổ võ cũng đưa vô văn học =.=""",Disgust,chuyện ăn ốc đổ võ cũng đưa vô văn_học
nó cắn bạo hơn chứ ở đó xạo xạo,Disgust,nó cắn bạo hơn chứ ở đó xạo xạo
chắc hẳn trước kia em bị đối xử tồi tệ lắm nên mới vậy :(,Sadness,chắc_hẳn trước_kia em bị đối_xử tồi_tệ lắm nên mới vậy icon_buon
tiếng guitar thật tuyệt,Enjoyment,tiếng guitar thật tuyệt
có mấy con đi quán biết là bọn mày bỏ tiền ra thật đó nhưng làm người thì có văn hóa với ạ ... đcm xả rác đổ tùm lum rồi xé giấy ... nói chung là bọn nó đi cái chỗ đó như kiểu ở ngành luôn ấy ... tưởng bỏ tiền ra là làm cha làm mẹ người ta z đó .... mặt đẹp mà tính ở dơ,Disgust,có mấy con đi quán biết là bọn mày bỏ tiền ra thật đó nhưng làm người thì có văn_hóa với ạ chửi_thề xả rác đổ tùm_lum rồi xé giấy nói_chung là bọn nó đi cái chỗ đó như kiểu ở ngành luôn ấy tưởng bỏ tiền ra là làm cha làm mẹ người_ta gì đó mặt đẹp mà tính ở dơ
đm thằng nào đổi gậy như ý của tao rồi,Anger,chửi_thề thằng nào đổi gậy như_ý của tao rồi
trách ai bây giờ đây huhu,Sadness,trách ai bây_giờ_đây huhu
chuẩn không cần chỉnh,Enjoyment,chuẩn không cần chỉnh
cực phẩm luôn kìa,Enjoyment,cực phẩm luôn kìa
per trailer không có tiếng thôi mà đã thấy ghê rồi đó !,Fear,per trailer không có tiếng thôi mà đã thấy ghê rồi đó
nguy hiểm đến với bao nhiêu bất cứ lúc nào,Fear,nguy_hiểm đến với bao_nhiêu bất_cứ lúc_nào
cái ngành tài chính của mình có chỗ dụng võ tốt rồi đây :)))),Enjoyment,cái ngành tài_chính của mình có chỗ dụng_võ tốt rồi_đây icon_vui
"mình đang thất tình đéo hiểu sao đi cafe còn toàn tận cùng nỗi nhớ , chạm đáy nỗi đau , đừng như thói quen ... dume :)",Sadness,mình đang thất_tình đéo hiểu sao đi cafe còn toàn tận_cùng nỗi nhớ chạm đáy nỗi đau đừng như thói_quen dume icon_vui
chợt nhận ra mình yếu đuối như một đứa con gái vậy 😢,Sadness,chợt nhận ra mình yếu_đuối như một đứa con_gái vậy icon_buon
sao nó mới vậy,Surprise,sao nó mới_vậy
"youtuber nhà người ta đấy , làm cho mọi người cười sảng khoái . còn vn thì toàn món ăn không lồ , rồi mấy cái khác người",Disgust,youtuber nhà người_ta đấy làm cho mọi người cười sảng_khoái còn vn thì toàn món ăn_không lồ rồi mấy cái khác người
điểm thì có hết rồi cần gì quan tâm đề thi nữa,Other,điểm thì có hết rồi cần gì quan_tâm đề thi nữa
"hết thuốc à mấy thằng quằn què , gặp tao thiến cmnl",Anger,hết thuốc à mấy thằng quằn què gặp tao thiến cmnl
"chăn lắm lông , bắp tay thì to ôi tuổi thơ của taoooo :33333",Disgust,chăn lắm lông bắp_tay thì to ôi tuổi_thơ của tao 33333
không nên tin bất cứ 1 người nào cả,Other,không nên tin bất_cứ 1 người nào cả
ngửi mùi hoa sữa xong chia tay :),Other,ngửi mùi hoa sữa xong chia_tay icon_vui
ngồi nhiều quá nhìn họ đau mắt,Sadness,ngồi nhiều quá nhìn họ đau mắt
đéo nổi . ngày lol nào đi làm về đã mệt rồi . gặp bà nội ở nhà giận với chả hờn còn hơn khách hàng nữa . đụ mẹ mệt mỏi vcllll,Anger,đéo nổi ngày lol nào đi làm về đã mệt rồi gặp bà nội ở nhà giận với chả hờn còn hơn khách_hàng nữa đụ_mẹ mệt_mỏi vcl
thấy cờ rút trên tờ polime là tim rụng rời liền,Enjoyment,thấy cờ rút trên tờ polime là tim rụng_rời liền
hôm qua tao cũng xem chục lần :))) bài đếch gì hay vãi :)))))),Enjoyment,hôm_qua tao cũng xem chục lần icon_vui bài đếch gì hay vãi icon_vui
những trường như thế cho giải tán . cấm tuyển dụng luôn .,Anger,những trường như thế cho giải_tán cấm tuyển_dụng luôn
per xem cái này đi tao coi phần 1 rồi này phần 2 tiếp nè,Other,per xem cái này đi tao coi phần 1 rồi này phần 2 tiếp nè
đội cái mũ vào chết đéo ai . không có mũ xong đập đầu xuống đất chết không chết cho lại sống cuộc đời nửa ngáo,Disgust,đội cái mũ vào chết đéo ai không có mũ xong đập đầu xuống đất chết không chết cho lại sống cuộc_đời nửa ngáo
"thớt này chụp kém vãi , 1 khung cảnh mà chụp tận 3 bức , 3 in 1",Disgust,thớt này chụp kém vãi 1 khung_cảnh mà chụp tận 3 bức 3 in 1
điều hối tiếc nhất cấp 3 là chưa kí lên áo của nhau 😢,Sadness,điều hối_tiếc nhất cấp 3 là chưa kí lên áo của nhau icon_buon
buồn thật ấy,Sadness,buồn thật ấy
lũ người nhu nhược :),Disgust,lũ người nhu_nhược_icon_vui
thông minh 😂,Enjoyment,thông_minh icon_vui
"kệ mẹ tao , tao thích nuôi chó thôi okeeee nó đéo bao giờ kêu tao bướng",Anger,kệ mẹ tao tao thích nuôi chó thôi oke nó đéo bao_giờ kêu tao bướng
bên trung về mảng tuyên truyền đỉnh ghê luôn á,Surprise,bên trung về mảng tuyên_truyền đỉnh ghê luôn á
e thắc mắc là cố gắng 1 năm mà rủi ro khách hàng hay bên nhà sx dây không cảm động là ăn cám ạ 😌,Sadness,e thắc_mắc là cố_gắng 1 năm mà rủi_ro khách_hàng hay bên nhà sx dây không cảm_động là ăn_cám ạ
có gì đó sai sai ??,Surprise,có gì đó sai sai
em nghĩ chị em mình cần tìm hiểu quen biết nhau ạ ^^,Other,em nghĩ chị_em mình cần tìm_hiểu quen_biết nhau ạ icon_vui
dume đọc bình luận bực giùm chủ thớt :))),Anger,dume đọc bình_luận bực giùm chủ thớt icon_vui
gắp đúng lúc nhưng hình như đúng lúc người ta không muốn y ai ???? đó là 1 câu chuyện buồn,Sadness,gắp đúng lúc nhưng hình_như đúng lúc người_ta không muốn y ai đó là 1 câu_chuyện buồn
t thề với mày là tối thấy cái này chắc đái con mẹ nó ra quần,Fear,tao thề với mày là tối thấy cái này chắc đái con_mẹ nó ra quần
đợi em đủ tuổi anh chờ được không ?,Other,đợi em đủ tuổi anh chờ được không
đừng cứ đổ thừa cho ngành đường sất khi có quá nhiều anh não bé .,Disgust,đừng cứ đổ_thừa cho ngành đường sất khi có quá nhiều anh não bé
chúng ta nên làm như vậy từ lâu mới phải,Enjoyment,chúng_ta nên làm như_vậy từ lâu mới_phải
đéo hiểu sao có đứa nghĩ là cứ chơi với nhiều trai là bị sờ soạn kiến thức hạn hẹp vãi cậu ạ,Anger,đéo hiểu sao có đứa nghĩ là cứ chơi với nhiều trai là bị sờ soạn kiến_thức hạn_hẹp vãi cậu ạ
per muốn coi cái khúc vẩy xong rồi dừng lại làm sao ấy . kkkkk,Enjoyment,per muốn coi cái khúc vẩy xong rồi dừng lại làm_sao ấy k
mua con lợn 50k được lì xì 40k . ok em ổn,Sadness,mua con lợn 50k được lì_xì 40k ok em ổn
"mấy bạn nào có ý định tổ chức sn nv thì tém tém lại síu đi , nếu thích tổ chức sn kiểu nv ở đâu cũng vậy khi ra về làm ơn bo cho nv dọn phòng đó 200 300k gì đó cho có tình người síu nha 😂",Disgust,mấy bạn nào có ý_định tổ_chức sn nv thì tém tém lại síu đi nếu thích tổ_chức sn kiểu nv ở đâu cũng vậy khi ra về làm_ơn bo cho nv dọn phòng đó 200 300k gì đó cho có_tình người síu nha_icon_vui
per coi phim này chắc chết luôn trong rạp,Fear,per coi phim này chắc chết luôn trong rạp
"nó quan tâm mày thì mày đừng vội mừng là nó thích mày , nó chơi chán rồi nó bỏ thôi .",Disgust,nó quan_tâm mày thì mày đừng vội mừng là nó thích mày nó chơi chán rồi nó bỏ thôi
dân chơi nhìn cái biết ngay 🤣🤣,Enjoyment,dân_chơi nhìn cái biết ngay icon_vui icon_vui
phá làng phá xóm,Disgust,phá làng phá xóm
t nhận ra mình đã sai,Sadness,tao nhận ra mình đã sai
30s mặc niệm bắt đầu ...,Sadness,30s mặc_niệm bắt_đầu
mặc váy kìa . thời trang ? hiện đại quá,Surprise,mặc váy kìa thời_trang hiện_đại quá
con thương ông quá,Sadness,con thương ông quá
nhìn mặt con chó tội vãi,Sadness,nhìn mặt con chó tội vãi
tu mà không dám cao đầu mà sau gọi là tu còn dám súc phạm vong linh người khác bà này là súc vật,Disgust,tu mà không dám cao đầu mà sau gọi là tu còn dám súc phạm vong_linh người khác bà này là súc_vật
biết ngay anh per lại mượn đầm của vợ :)))),Enjoyment,biết ngay anh per lại mượn đầm của vợ icon_vui
đắt hơn sân bay luôn,Surprise,đắt hơn sân_bay luôn
cmm lộ hết thông tin của người ta,Disgust,cmm lộ hết thông_tin của người_ta
đã nguy hiểm vậy sao không hủy mà bán 0 . 0,Fear,đã nguy_hiểm_vậy sao không_hủy mà bán 0 0
bán không thu thuế luôn à,Surprise,bán không thu thuế luôn à
t chỉ thấy tình yêu của tao nó tan vỡ thôi,Sadness,tao chỉ thấy tình_yêu của tao nó tan_vỡ thôi
per :)))) buồn cười vãi,Enjoyment,per icon_vui buồn_cười vãi
thế 1 đứa con trai bỏ thời gian ra nói chuyện thân thiết với 1 đứa con gái không phải là nó thích con đó thì có con cặc nó làm vậy,Anger,thế 1 đứa con_trai bỏ thời_gian ra nói_chuyện thân_thiết với 1 đứa con_gái không phải là nó thích con đó thì có con cặc nó làm vậy
chưa khi mô biết cảm giác đi nhởi trung thu với người yêu như răng,Sadness,chưa khi mô biết cảm_giác đi nhởi trung_thu với người_yêu như răng
móng này móc cua thì đỉnh 😹,Enjoyment,móng này móc cua thì đỉnh
có mưa cảm giác như được sống lại :))),Enjoyment,có mưa cảm_giác như được sống lại icon_vui
mà nó đéo ' quan tâm thì càng đừng nghĩ nó thích mình nha :vậy,Disgust,mà nó đéo quan_tâm thì càng đừng nghĩ nó thích mình nha vậy
vợ dùng phá quá nên boss mới thế 🤧🤧🤧,Other,vợ dùng phá quá nên boss mới thế
haha biết ngây mà,Enjoyment,haha biết ngây mà
bể mẹ cái kính cường lực mới dán :#,Sadness,bể mẹ cái kính cường_lực mới dán
dù đúng hay sai cũng đừng bao giờ cãi nhau với con gáo đến cuối cùng mày vẫn sai .,Other,dù đúng hay sai cũng đừng bao_giờ cãi nhau với con gáo đến cuối_cùng mày vẫn sai
"cần gì xa hoa đâu , thế này là hạnh phúc , thấy thương và ngưỡng mộ ông bà quá",Enjoyment,cần gì xa_hoa đâu thế này là hạnh_phúc thấy thương và ngưỡng_mộ ông_bà quá
sao nhanh như chớp vậy được,Surprise,sao nhanh như chớp vậy được
nhỏ không dạy để lớn lên làm đĩ à ? phụ huynh kiểu gì thế ?,Anger,nhỏ không dạy để lớn lên làm đĩ à phụ_huynh kiểu gì thế
thằng kia làm nhẹ nhẹ thôi nhé .,Other,thằng kia làm nhẹ nhẹ thôi nhé
no ́ xâ ́ u tao thi ̀...,Disgust,no ́ xâ ́ u tao thi ̀
thế là đã phần nào đoán được kết quả cuộc gặp tại hà nội,Other,thế_là đã phần_nào đoán được kết_quả cuộc gặp tại hà_nội
bạn đã hiểu nổi khổ của mario khi mua vui cho bạn chưa :)),Sadness,bạn đã hiểu nổi khổ của mario khi mua_vui cho bạn chưa icon_vui
cái đất nước này loạn luân mẹ hết rồi :))),Disgust,cái đất_nước này loạn_luân mẹ hết rồi icon_vui
"ôi zồi ôi , nhìn cái mặt của ẻm kìa , yêu ghê :))",Enjoyment,ôi zồi ôi nhìn cái mặt của ẻm kìa yêu ghê_icon_vui
phố mày co ́ đô ̀ người nghiê ̣ p tô ́ tao ghê :))),Other,phố mày co ́ đô ̀ người nghiê ̣ p tô ́ tao ghê icon_vui
per haha bữa 3 đứa mới phong trào xong,Other,per haha bữa 3 đứa mới phong_trào xong
mốc từ trong trứng,Other,mốc từ trong trứng
"truy tố ra tòa chứ phạt hành chính gì ??? lừa đảo có tổ chức số tiền trăm tỷ , thêm tội truyền bá mê tín dị đoan ... 👎👎👎",Anger,truy_tố ra tòa chứ phạt hành_chính gì lừa_đảo có tổ_chức số tiền trăm tỷ thêm tội truyền_bá mê_tín dị_đoan
xem tới đây dume ứa nước mắt 😞,Sadness,xem tới đây dume ứa nước_mắt icon_buon
toàn “ nam thanh nữ tú ” mở mồm ra nói hay như sách giáo khoa . hành động thì như con c ..,Anger,toàn nam thanh nữ tú mở mồm ra nói hay như sách giáo_khoa hành_động thì như con c
thân là người yêu mình mong cậu có thể giống được như đôi mặc áo nâu ❤️,Enjoyment,thân là người_yêu mình mong cậu có_thể giống được như đôi mặc áo nâu
😑 sao cái kết gì mà buồn vậy,Sadness,sao cái kết gì mà buồn_vậy
cô ơi nhiệt tình là tốt nhưng bản thân phải an toàn trước 😗,Other,cô ơi nhiệt_tình là tốt nhưng bản_thân phải an_toàn trước
"nói mưa là mưa v chời , tôi còn đi chơi đi học nữa mừ .",Sadness,nói mưa là mưa v chời tôi còn đi chơi đi học nữa mừ
"1 vị đắng của mưu sinh , 1 vị ngọt của hạnh phúc gia đình",Other,1 vị đắng của mưu_sinh 1 vị ngọt của hạnh_phúc gia_đình
per xinh nhỉ :)) ngày xưa cũng xem phim này mà không để ý có cả bả,Enjoyment,per xinh nhỉ icon_vui ngày_xưa cũng xem phim này mà không để_ý có cả bả
"bởi đây là lý do tao không muốn xem điện thoại người yêu , nếu không nó xanh cỏ lâu rồi 😑",Disgust,bởi đây là lý_do tao không muốn xem điện_thoại người_yêu nếu không nó xanh cỏ lâu rồi
còn gì hạnh phúc hơn trong cuộc sống này ♥️,Enjoyment,còn gì hạnh_phúc hơn trong cuộc_sống này
ai cũng từng bị bố mẹ chửi mắng . em ấy cũng vậy . là người lớn chúng ta lắng nghe và chia sẻ . nhiều người già rồi mà phát ngôn xấc xược láo toét mất dạy không thể chấp nhận được . chả bằng được cái đứa con nít còn tỏ vẻ ta đây,Anger,ai cũng từng bị bố_mẹ chửi_mắng em ấy cũng vậy là người_lớn chúng_ta lắng_nghe và chia_sẻ nhiều người già rồi mà_phát_ngôn xấc_xược láo_toét mất_dạy không_thể chấp_nhận được chả bằng được cái đứa con_nít còn tỏ_vẻ ta_đây
thớt làm chị mà ích kỉ vãi ...,Disgust,thớt làm chị mà ích_kỉ vãi
mấy thanh niên ngu học theo ngôn tình thấy chai bé không viết hết được lại mua chai 1 . 8 lít thì hơi mệt đấy 😂😂😊,Disgust,mấy thanh_niên ngu học theo ngôn tình thấy chai bé không viết hết được lại mua chai 1 8 lít thì hơi mệt đấy icon_vui icon_vui icon_vui
tuổi thơ của tôi =)),Enjoyment,tuổi_thơ của tôi
việt nam cái gì cũng có thể ăn được,Other,việt nam cái gì cũng có_thể ăn được
per đang ăn mà sao cứ chỉa trym vô hoài z khắm s ăn 🙂,Disgust,per đang ăn mà sao cứ chỉa trym vô hoài gì khắm sao ăn icon_vui
khóc muốn rơi cả mắt,Sadness,khóc muốn rơi cả mắt
kích thích vãi,Enjoyment,kích_thích vãi
ám ảnh thật sự,Fear,ám_ảnh thật_sự
per huhu em không biết phải đi xem phim với ai nữa 😭,Sadness,per huhu em không biết phải đi xem phim với ai nữa icon_buon
per gần nhà c ơi . hic hic,Sadness,per gần nhà c ơi hic hic
"tại cái gậy thôi , còn đâu là vẫn đẹp",Other,tại cái gậy thôi còn đâu là vẫn đẹp
"cái thằng adim này mày xàm quá oy đấy , biến khỏi trang tao nhé",Anger,cái thằng adim này mày xàm quá oy đấy biến khỏi trang tao nhé
đã sợ nhện rồi mà gặp thằng admin chơi trò mất nết :((,Anger,đã sợ nhện rồi mà gặp thằng admin chơi trò mất_nết icon_buon
nhờ cái bếp như này . mà hồi nhỏ tao suýt đốt cả nhà và bị chửi đó :((,Sadness,nhờ cái bếp như này mà hồi nhỏ tao suýt đốt cả nhà và bị chửi đó icon_buon
"hốt về cháu có bón được cơm , mớm được sữa cho nó mỗi ngày không ?? nó chơi game cháu có rửa chân bón cơm để nó chơi nốt ván không ???? mai cô ship tận giường nuôn",Disgust,hốt về cháu có bón được cơm mớm được sữa cho nó mỗi ngày không nó chơi game cháu có rửa chân bón cơm để nó chơi nốt ván không mai cô ship tận giường nuôn
đọc tin nhắn đầu thấy cay cay ngay mũi,Sadness,đọc tin nhắn đầu thấy cay cay ngay_mũi
per người yêu công sở nè 😂😂,Enjoyment,per người_yêu công_sở nè icon_vui icon_vui
vậy là hên rồi,Enjoyment,vậy là hên rồi
per chiều anh bắn chưởng để em quay nhé,Other,per chiều anh bắn chưởng để em quay nhé
per nghe chưa nhân viên mới ... kk,Enjoyment,per nghe chưa nhân_viên mới kk
ngáo nó có cắn đâu ??????,Other,ngáo nó có cắn đâu
dị ứng với kiểu nhắn tin riêng tư mà cả thế giới đều biết,Disgust,dị_ứng với kiểu nhắn_tin riêng_tư mà cả thế_giới đều biết
cười ỉa 😂😂 thây nó thét mà tao nghĩ dọn xong nó đi luôn cái cổ họng,Enjoyment,cười ỉa icon_vui icon_vui thây nó thét mà tao nghĩ dọn xong nó đi luôn cái cổ_họng
"em rất duyên , và có khiếu hài hước , nhìn mặt em thôi là chị đã muốn cười , ba mẹ chửi mà vẫn vui tươi như vậy thì đáng khích lệ mà , sao nhiều người bình luận nặng lời thế không biết , chỉ là vui thôi mà",Disgust,em rất duyên và có khiếu hài_hước nhìn mặt em thôi là chị đã muốn cười ba mẹ chửi mà vẫn vui_tươi như_vậy thì đáng khích_lệ mà sao nhiều người bình_luận nặng_lời thế không biết chỉ là vui thôi mà
"má nó , mặc dù không có ý kì thị nhưng dume cảnh 2 thằng hôn nhau buông nôn vãi",Disgust,má nó mặc_dù không có ý kì_thị nhưng dume cảnh 2 thằng hôn nhau buông nôn_vãi
per lên lịch hẹn hò nhanh,Enjoyment,per lên lịch hẹn_hò nhanh
không biết chuyện gia đình người ta nhưng nhình mặt bà cũng thảo là thấy không có cảm tình ngay từ đầu .... mà nhờ bài viết này mới biết king coffee là của bả ... phải công nhận là nó uống dở thiệt .....,Disgust,không biết chuyện gia_đình người_ta nhưng nhình mặt bà cũng thảo là thấy không có cảm_tình ngay từ đầu mà nhờ bài viết này mới biết king coffee là của bả phải công_nhận là nó uống dở_thiệt
nóng thế này cái thứ mày cho cũng không ăn,Disgust,nóng thế này cái thứ mày cho cũng không ăn
tiếc quá ! nguyên nhân,Sadness,tiếc quá nguyên_nhân
ấm lòng vãi huhu,Enjoyment,ấm lòng vãi huhu
thế không tính vậy thì muốn cái bệnh viện thành mẹ cái bãi giữ xe à :)),Anger,thế không tính vậy thì muốn cái bệnh_viện thành mẹ cái bãi giữ xe à icon_vui
ngầu vãi lìn luôn á :))),Enjoyment,ngầu vãi lìn luôn á icon_vui
giờ tao mới hiểu được hết những gì mà trước đây đọc bình luận tao đéo ’ hiểu 😂😂😂,Enjoyment,giờ tao mới hiểu được hết những gì mà trước đây đọc bình_luận tao đéo hiểu icon_vui icon_vui icon_vui
"lớp 2 xí mót được cái chong chóng , bán lại cho thằng hàng xóm 500d .",Enjoyment,lớp 2 xí mót được cái chong_chóng bán lại cho thằng hàng_xóm 500d
tôi khóc lun ... huhu,Sadness,tôi khóc lun huhu
má như người yêu ??,Enjoyment,má như người_yêu
t chưa được rơi vào hoàn cảnh này nên cũng không biết nữa,Other,tao chưa được rơi vào hoàn_cảnh này nên cũng không biết nữa
thề chứ .. phim nay xem đi xem lại không thấy chán ... vẫn như mớinxem vậy,Enjoyment,thề chứ phim nay xem đi xem_lại không thấy chán vẫn như mớinxem_vậy
không biết vì sao họ vẫn cười nhưng mình thì khóc ...,Sadness,không biết vì_sao họ vẫn cười nhưng mình thì khóc
cho đi luôn bớt lo,Other,cho đi luôn bớt lo
đoạn phim thôi mà ý nghĩa thế,Surprise,đoạn phim thôi mà ý_nghĩa_thế
"lông xấu , không mượt bằng con ngu kia được",Disgust,lông xấu không mượt bằng con ngu kia được
"cái này gọi là truyền thống , không thể nói là quên được",Other,cái này gọi là truyền_thống không_thể nói là quên được
"đấy ... y đâu cần phải to tác , phải gào lên cho cả thế giới biết .",Other,đấy y đâu cần phải to tác phải gào lên cho cả thế_giới biết
per haha sao tôi nghĩ tới em liền luôn á,Enjoyment,per haha sao tôi nghĩ tới em liền luôn á
chưa chia tay nữa mà còn khó đây,Other,chưa chia_tay nữa mà còn khó đây
thế đéo nào nó lại kẻ dưới đấy nhỉ,Disgust,thế đéo nào nó lại kẻ dưới đấy nhỉ
oai đéo gì cái trêu gái :),Disgust,oai đéo gì cái trêu gái icon_vui
mình nghĩ bà thảo chiếm được công tình yêu là sẽ bán ngay cổ phần cho đại gia bên thái lan nào đó .. mong là chuyện này không bao giờ xảy ra,Other,mình nghĩ bà thảo chiếm được công tình_yêu là sẽ bán ngay cổ_phần cho đại_gia bên thái lan nào đó mong là chuyện này không bao_giờ xảy ra
lâu lâu lại mong mất điện để nấu cơm rác . nk mát 1 tí . chứ cứ 42 độ có mà khỏi ăn,Other,lâu_lâu lại mong mất điện để nấu cơm rác nk mát 1 tí chứ cứ 42 độ có mà khỏi ăn
tội nghiệp thằng bé :)))) chúng mày bốc đâu mấy cái thẻ hay thế ??? :v,Sadness,tội_nghiệp thằng bé icon_vui chúng_mày bốc đâu mấy cái thẻ hay thế v
áp dụng với đứa yêu mày thôi nha,Other,áp_dụng với đứa yêu mày thôi nha
chời má . ngọt chết tao rồi :)))))),Enjoyment,chời má ngọt chết tao rồi icon_vui
"per đó là lý do tại sao em luôn nói với anh , có gì cũng phải nói ra",Fear,per đó là lý_do tại_sao em luôn nói với anh có gì cũng phải nói ra
"phải em thì dume nó chửi thé thì đéo cần nói nhiều nữa . gọi c . an xuống kéo mẹ nó xe đi , kiểu gì cũng mệt thôi bác .",Anger,phải em thì dume nó chửi thé thì đéo cần nói nhiều nữa gọi c an xuống kéo mẹ nó xe đi kiểu gì cũng mệt thôi bác
xài vietcombank sinh nhật cũng không được chúc luôn :((,Sadness,xài vietcombank sinh_nhật cũng không được chúc luôn icon_buon
hôm đấy bổn cung về quê báo hiếu cha mẹ .,Enjoyment,hôm đấy bổn cung về quê báo_hiếu cha_mẹ
chỉ có được cái chữ đẹp . hihihi ...,Enjoyment,chỉ có được cái chữ đẹp hihihi
trời má cute vãi lozzzz,Enjoyment,trời má cute vãi loz
là do bản thân tao ngu thôi,Sadness,là do bản_thân tao ngu thôi
cho chúng vào nhà đá ! quá độc ác không giết người bằng súng như thế này là giết hàng loat đấy thât khốn nạn,Anger,cho chúng vào nhà_đá quá độc_ác không giết người bằng súng như thế này là giết hàng loat đấy thât khốn_nạn
không biết nói sao ... nghiện chuẩn mẹ rồi ... crush ợ . mà nó nhẫn tâm lắm hồi trước còn hay call video . từ hôm tao cạo trọc y như là mất tích luôn . chắc phải để tóc mọc lại tao mới dám gọi . 🤭,Enjoyment,không biết nói sao nghiện chuẩn mẹ rồi crush ợ mà nó nhẫn_tâm lắm hồi trước còn hay call video từ hôm tao cạo trọc y_như là mất_tích luôn chắc phải để tóc mọc lại tao mới dám gọi
nhân quả đến sớm lắm . đăng lên làm gì :))),Other,nhân_quả đến sớm lắm đăng lên làm gì icon_vui
nhìn cái bà này tôi chỉ muốn xoạc bà 1 cái . sao bà không là con trai nhỉ . ông trời quá là trêu người rồi,Sadness,nhìn cái bà này tôi chỉ muốn xoạc bà 1 cái sao bà không là con_trai nhỉ ông trời quá là trêu người rồi
cho dù em có dành được bao nhiêu học bổng đi chăng nữa nhưng mãi mãi em sẽ không thể có được tôi 😅,Enjoyment,cho_dù em có dành được bao_nhiêu học_bổng đi chăng_nữa nhưng mãi_mãi em sẽ không_thể có được tôi icon_vui
đã xem 2 lần bộ phim này 😁,Enjoyment,đã xem 2 lần bộ phim này icon_vui
"ôi vãi , mày thật bất hạnh vì có lũ bạn như thế",Sadness,ôi vãi mày thật bất_hạnh vì có lũ bạn như_thế
"đây là tây chứ mấy thằng việt nam như này , đảm bảo kêu ngáo đá :vậy",Disgust,đây là tây chứ mấy thằng việt_nam như này đảm_bảo kêu ngáo đá vậy
xin lỗi đây mình vẫn nấu nhé,Enjoyment,xin_lỗi đây mình vẫn nấu nhé
bỏ quên não đó chứ đâu phải rác 😂,Disgust,bỏ quên não đó chứ đâu phải rác icon_vui
"phim này quá hay . xem đi xem lại mãi không chán . đặt tay lên ngực "" mọi chuyện đều ổn "" câu nói kinh điển",Enjoyment,phim này quá hay xem đi xem_lại mãi không chán đặt tay lên ngực mọi chuyện đều ổn câu nói kinh_điển
"thôi xong , biết thế tém tém lại .",Fear,thôi xong biết thế tém tém lại
"gym thì liên quan cặc gì đến bede , tuy gym nhưng người ta còn siêng tập nặng hơn mấy tụi bây nhé",Anger,gym thì liên_quan cặc gì đến bede tuy gym nhưng người_ta còn siêng tập nặng hơn mấy tụi bây nhé
mình bình luận chủ yếu muốn khoe mình là fan cứng thôi :)) các bạn không cần để ý,Enjoyment,mình bình_luận chủ_yếu muốn khoe mình là fan cứng thôi icon_vui các bạn không cần để_ý
bất cái con cặc . 21 cái trung thu tao vẫn 1 mình . tao có thấy bất hạnh đâu . khẩu nghiệp,Anger,bất_cái con cặc 21 cái trung_thu tao vẫn 1 mình tao có thấy bất_hạnh đâu khẩu_nghiệp
số tao không được ăn uống mà :((,Sadness,số tao không được ăn_uống mà icon_buon
rửa bát cũng được nấu cơm cũng được giặt quần áo cũng được miễn là có ba mẹ vợ con là được . làm gì cũng được,Other,rửa bát cũng được nấu cơm cũng được giặt quần_áo cũng được miễn_là có ba mẹ vợ_con là được làm gì cũng được
dume cho vào bảo tàng làm lồn gì -.- nhà khoa hc đã nghiên cứu sừng tê giác như móng tay của bạn thế sao không đem về mà chữa bênh đụ má rảnh ghê :((,Disgust,dume cho vào bảo_tàng làm lồn gì nhà khoa hc đã nghiên_cứu sừng tê_giác như móng tay của bạn thế sao không đem về mà chữa bênh đụ má rảnh ghê icon_buon
cô quét đi cô cho cháu hốt về với =))),Enjoyment,cô quét đi cô cho cháu hốt về với
"tránh xa nó ra , nó ngáo đó , 8h sáng mà nó đòi đi ngủ là hiểu rồi",Disgust,tránh xa nó ra nó ngáo đó 8h sáng mà nó đòi đi ngủ là hiểu rồi
hỏi nhiều nó lại cho vào đối tượng truy nã 😏,Other,hỏi nhiều nó lại cho vào đối_tượng truy_nã
per nhớ lại vẫn còn tức á cái lol mẹ,Anger,per nhớ lại vẫn còn tức á cái lol mẹ
lo tương lai bị bỏ rơi của chú đi :vậy,Other,lo tương_lai bị bỏ_rơi của chú đi vậy
và sếp tốt có thể giúp ta vui vẻ từ sáng thứ hai cho đến tối chủ nhật 😀,Enjoyment,và sếp tốt có_thể giúp ta vui_vẻ từ sáng thứ hai cho đến tối chủ_nhật icon_vui
lại tạo điều kiện cho mấy chị fa vào thả thính . :)),Enjoyment,lại tạo điều_kiện cho mấy chị fa vào thả thính icon_vui
muốn nhai luôn cả trái đất,Anger,muốn nhai luôn cả trái_đất
"per lại nhớ chiều nay , buồn cười sấp mặt luôn . :v dù mệt nhưng ngày nào tan làm cũng muốn được đèo đưa đi ăn kem , ăn đồ chua , ăn miến trộn như hôm nay cerrrr :v",Enjoyment,per lại nhớ chiều nay buồn_cười sấp_mặt luôn v dù mệt nhưng ngày nào tan làm cũng muốn được đèo đưa đi ăn kem ăn đồ chua ăn miến trộn như hôm_nay cer v
không ngờ tin nhắn riêng tư cũng phải kiêng nể nhắn tin để lỡ có bị chụp vẫn thấy chả sao,Fear,không ngờ tin nhắn riêng_tư cũng phải kiêng_nể nhắn_tin để lỡ có bị chụp vẫn thấy chả sao
tao cũng ước mình có 1 tình yêu như ông bà ❤,Enjoyment,tao cũng ước mình có 1 tình_yêu như ông_bà
đau đớn quá sao phải tham mấy đồng tiền đó nhỉ,Sadness,đau_đớn quá sao phải tham mấy đồng_tiền đó nhỉ
quả này lại là nhà dột từ nóc rồi ;((,Disgust,quả này lại là nhà dột từ nóc rồi
"mong là chuyện không có thật , chứ có thật thì đau lòng vãi ra 😪😪",Sadness,mong là chuyện không có thật chứ có thật thì đau_lòng vãi ra
per nguy hiểm luôn rình rập xung quanh chúng ta :((,Fear,per nguy_hiểm luôn rình_rập xung_quanh chúng_ta icon_buon
trắc đấy là nyc của nó 🤣,Enjoyment,trắc đấy là nyc của nó icon_vui
đừng hỏi tại sao giới tính cứ bị bẻ cong,Other,đừng hỏi tại_sao giới_tính cứ bị bẻ cong
khóc hết nước mắt 😞😞,Sadness,khóc hết nước_mắt icon_buon icon_buon
đúng là chó cậy chủ mà 🤣,Disgust,đúng là chó cậy chủ mà icon_vui
chấp nhận đi mày .. chửi gì dữ vậy ..! mỗi người mổ việc mà ... nếu không thích thì kiếm việc khác mà làm ..,Disgust,chấp_nhận đi mày chửi gì dữ vậy mỗi người mổ việc mà nếu không thích thì kiếm việc khác mà làm
":))) ở đoạn đó hồi năm nhất tao "" được "" họ lấy 100k , vì sáng sớm đem duy nhất 100k trong túi , thế là nộp luôn :))))",Sadness,icon_vui ở đoạn đó hồi năm nhất tao được họ lấy 100k vì sáng sớm đem duy_nhất 100k trong túi thế_là nộp luôn icon_vui
per đọc nhầm con nhện thành con gián :)) thật khó hiểu,Other,per đọc nhầm con nhện thành con gián icon_vui thật khó hiểu
may mà bà già bảo năm hạn đừng đi chứ không hạn thật,Other,may mà bà_già bảo năm hạn đừng đi chứ không hạn thật
cái giống mắc zại nhất từng thấy :)),Disgust,cái giống mắc zại nhất từng thấy icon_vui
bắn cái lũ khốn nặn kia ra . mấy ông bà lại ăn cho lắm tiền vào . để cả 1 thế hệ trẻ em bệnh tật . làm cho ra lẽ đi . bọn này bắn cmm nó đi . quá là ác,Anger,bắn cái lũ khốn nặn kia ra mấy ông_bà lại ăn cho lắm tiền vào để cả 1 thế_hệ trẻ_em bệnh_tật làm cho ra lẽ đi bọn này bắn cmm nó đi quá là ác
đéo có não à,Disgust,đéo có não à
"không biết bác dạy ra sao mà đến nỗi . còn tao dạy nhận tiền mặt , dạy 10 ngày là phụ huynh trả luôn tiền tháng đó chứ không có nhập nhằng gì hết",Disgust,không biết bác dạy ra sao mà đến_nỗi còn tao dạy nhận tiền_mặt dạy 10 ngày là phụ_huynh trả luôn tiền tháng đó chứ không có nhập_nhằng gì hết
"thực ra bị bóc trên mạng thì thường là bẩn thỉu , không phân quê quán",Other,thực_ra bị bóc trên mạng thì thường là bẩn_thỉu không phân quê_quán
ôi không đọc được bài của chị thì em vẫn tin tưởng cái group đấy lắm,Disgust,ôi không đọc được bài của chị thì em vẫn tin_tưởng cái group đấy lắm
"tính ra là 1 cuộn keo 2 mặt sẽ giải quyết được moiij chuyện =)) , cơ mà ý thức như lồn thật :v",Disgust,tính ra là 1 cuộn keo 2 mặt sẽ giải_quyết được moiij chuyện cơ_mà ý_thức như lồn thật v
"chỗ đó không có , họ thấy lạ , chứ như tao lần đầu thấy trên internet tao cũng lạ , chửi gì ghê thế",Disgust,chỗ đó không có họ thấy lạ chứ như tao lần đầu thấy trên internet tao cũng lạ chửi gì ghê_thế
khổ thân các cháu,Sadness,khổ_thân các cháu
"nước bẩn quá , toàn rác !",Disgust,nước bẩn quá toàn rác
chỉ những người độc thân thôi,Sadness,chỉ những người độc_thân thôi
nhìn cái muốn cong :d,Enjoyment,nhìn cái muốn cong d
"thanh niên bỏ nhà theo trai rồi bầu bắt sen chăm , thứ hoàng thượng dâm tà",Disgust,thanh_niên bỏ nhà theo trai rồi bầu bắt sen chăm thứ hoàng thượng dâm tà
"t đợi cái post về loài hãm lòn này lâu lắm rồi nhá . dcm nhìn ngốc nghếch thế thôi mà dữ lắm luôn , có lần tao cúi xuống cầm gậy đuổi nó vào chuồng mà nhân lúc tao sơ hở rón rén đến suýt táp vào đít tao . lúc ấy sợ tụt lòn vì chỉ còn có 2 bước nữa thôi là nó đớp gọn tao rồi .... có hôm tao vừa ngờ nghệch ra vườn hóng mát thì cả đàn , cả đàn nhé . dí tao chạy quanh vườn , con nào con nấy vênh cổ lên chạy theo tao . nhờ nó mà suýt chút nữa tao chết vì đau tim ....",Disgust,tao đợi cái post về loài hãm lòn này lâu lắm rồi nhá chửi_thề nhìn ngốc_nghếch thế thôi mà dữ lắm luôn có lần tao cúi xuống cầm gậy đuổi nó vào chuồng mà nhân lúc tao sơ_hở rón_rén đến suýt táp vào đít tao lúc ấy sợ tụt lòn vì chỉ còn có 2 bước nữa thôi là nó đớp gọn tao rồi có hôm tao vừa ngờ_nghệch ra vườn hóng mát thì cả đàn cả đàn nhé dí tao chạy quanh vườn con nào con nấy vênh cổ lên chạy theo tao nhờ nó mà suýt chút nữa tao chết vì đau tim
ly hôn cũng phải hoành tráng chứ .. còn phải làm to hơn kết hôn mới được 🤣,Enjoyment,ly_hôn cũng phải hoành_tráng chứ còn phải làm to hơn kết_hôn mới được icon_vui
mèo nhìn dễ thương mà ác vãi < 3,Disgust,mèo nhìn dễ_thương mà ác vãi 3
dễ thương vậy chời,Enjoyment,dễ_thương vậy chời
bạn gái trong ảnh lưu hình gửi cho công an xã chết con mẹ bọn nó đi :))),Anger,bạn gái trong ảnh lưu hình gửi cho công_an xã chết con_mẹ bọn nó đi icon_vui
các bạn buồn cười vãi cả đái . người ta đỗ ở đường chứ có phải trong nhà bạn đéo đâu mà nhặng lên .,Disgust,các bạn buồn_cười vãi cả đái người_ta đỗ ở đường chứ có phải trong nhà bạn đéo đâu mà nhặng lên
ngu chưa . đăng lên để rồi bị chửi,Disgust,ngu chưa đăng lên để rồi bị chửi
nhìn con bé thấy cưng ghê chị ơi,Enjoyment,nhìn con bé thấy cưng ghê chị ơi
per anh bạn tồi nhất quả đất này,Disgust,per anh bạn tồi nhất quả_đất này
cho ̣ c mù mắt tao đi 🤣🤣,Disgust,cho ̣ c mù mắt tao đi icon_vui icon_vui
đồng đội chơi tốt quá hahaaa,Enjoyment,đồng_đội chơi tốt quá haha
kinh vãi,Fear,kinh vãi
lợi ích của việc không nghe lời vợ ??,Other,lợi_ích của việc không nghe lời vợ
cho về hết chứ cứ lương không mà không làm thêm gì mà có nhà lầu xe hơi thì lấy ở đâu ???????? không phải đùn đẩy .... cho về hết bọn nó mới hết không tìm ra nguyên nhân .... không có sao phụ huynh dám nói ....,Anger,cho về hết chứ cứ lương không mà không làm thêm gì mà có nhà_lầu xe_hơi thì lấy ở đâu không phải đùn_đẩy cho về hết bọn nó mới hết không tìm ra nguyên_nhân không có sao phụ_huynh dám nói
"phải nói là hài tàu hay thật đấy , luôn li kì và khó đoán kết quả , ý nghĩa thì thâm sau . hihi thích rồi đó",Enjoyment,phải nói là hài tàu hay thật đấy luôn li_kì và khó đoán kết_quả ý_nghĩa thì thâm sau hihi thích rồi đó
giờ lắm bọn biến thái thế,Disgust,giờ lắm bọn biến_thái_thế
chị đầu tiên buồn v :((,Sadness,chị đầu_tiên buồn v icon_buon
trời ơi tao chóng mặt quá đi :((,Sadness,trời ơi tao chóng_mặt quá đi icon_buon
"đúng kiểu tham lam mà tài năng thì có hạn , miệng thì bảo sợ ông vũ làm sạt nghiệp trung nguyên nhưng bản thân trước đó lại làm lỗ của công tình yêu 1700 tỉ , mụ đàn bà mặt dày",Disgust,đúng kiểu tham_lam mà tài_năng thì có_hạn miệng thì bảo sợ ông vũ làm sạt_nghiệp trung_nguyên nhưng bản_thân trước đó lại làm lỗ của công tình_yêu 1700 tỉ mụ đàn_bà mặt_dày
có tay mà người bị cụt tay . ko bao giờ sử dụng bàn tay đó . ngu trở lên nổi tiếng .,Disgust,có tay mà người bị cụt tay không bao_giờ sử_dụng bàn_tay đó ngu trở lên nổi_tiếng
dume đồng nghiệp gặp hlin thì chỉ muốn nghỉ thôi,Anger,dume đồng_nghiệp gặp hlin thì chỉ muốn nghỉ thôi
ko nghe lời vợ mới là mấu chốt :),Other,không nghe lời vợ mới là mấu_chốt icon_vui
"nói bao giờ cũng dẽ hơn làm , mà mặt 2 đứa này nhìn như mất mẹ dây thần kinh gì đấy",Disgust,nói bao_giờ cũng dẽ hơn làm mà mặt 2 đứa này nhìn như mất mẹ dây thần_kinh gì đấy
"sản phẩm tốt đấy , có tính ứng dụng cao",Surprise,sản_phẩm tốt đấy có tính ứng_dụng cao
nếu đồng nghiệp của bạn hãm vãi thì cũng nên đăng xuất đi hiền hana,Disgust,nếu đồng_nghiệp của bạn hãm vãi thì cũng_nên đăng xuất đi hiền hana
"tao cưới rồi , cưới nữa cho vợ tao chém tao chết à",Fear,tao cưới rồi cưới nữa cho vợ tao chém tao chết à
"tuyệt vời , chỉ cần họ thấy vui và hạnh phúc",Enjoyment,tuyệt_vời chỉ cần họ thấy vui và hạnh_phúc
ngu quá là ngu đậu xe gì mà sát đường ray tàu hoả thế chứ .? quả này người ta còn phạt thêm cho nữa chứ đâu phải lát xe mà xong đâu ..?,Disgust,ngu quá là ngu đậu xe gì mà sát đường_ray tàu_hoả thế chứ quả này người_ta còn phạt thêm cho nữa chứ đâu phải lát xe mà xong đâu
cẩn thận mày lại có cháu sớm 🤣,Enjoyment,cẩn_thận mày lại có cháu sớm icon_vui
yêu hay không yêu không yêu hay yêu nói 1 lời 😂,Enjoyment,yêu hay không yêu không yêu hay yêu nói 1 lời icon_vui
tao cũng hay sử dụng chiêu này và bọn đàn ông vẫn cứ bị lừa ????,Enjoyment,tao cũng hay sử_dụng chiêu này và bọn đàn_ông vẫn cứ bị lừa
"thật sự mình rất thích bạn này , xem phim mỗi tập cứ canh đúng cảnh có bạn ý , dễ thương quá 😗😚😚😚😚😚",Enjoyment,thật_sự mình rất thích bạn này xem phim mỗi tập cứ canh đúng cảnh có bạn ý dễ_thương quá
bọn ngáo này mà cũng có người sợ nó nữa hả,Surprise,bọn ngáo này mà cũng có người sợ nó nữa hả
em đã bao giờ nghĩ đến mối quan hệ đồng tính ?,Other,em đã bao_giờ nghĩ đến mối quan_hệ đồng_tính
"từ khi lấy vợ , làm vlog thiếu muối hẳn huhu",Sadness,từ khi lấy vợ làm vlog thiếu muối hẳn huhu
nhưng đứa bạn thân đều là lũ khốn,Disgust,nhưng đứa bạn thân đều là lũ khốn
"vợ người ta chưa bao giờ làm tôi thất vọng , còn vợ tôi thì ..... đi hết 1 / 3 cuộc đời rồi vẫn chưa tìm thấy 😓",Sadness,vợ người_ta chưa bao_giờ làm tôi thất_vọng còn vợ tôi thì đi hết 1 3 cuộc_đời rồi vẫn chưa tìm thấy
hỏi nhây khiếp,Disgust,hỏi nhây khiếp
có tiền sẽ thấy các vị gọi là thượng hạng còn không tiền sẽ chỉ thấy vị mặn của mồ hôi + nước mắt,Sadness,có tiền sẽ thấy các vị gọi là thượng_hạng còn không tiền sẽ chỉ thấy vị mặn của mồ_hôi nước_mắt
nước biển sao đục quá nhỉ,Other,nước biển sao đục quá nhỉ
"người đàn ông ốm đau nói với vợ mình :” ở lại với anh ” rồi cầm tay bà . đó là tình yêu , vỏn vẹn 20 năm ngắn ngủi . tình yêu bố dành cho mẹ",Enjoyment,người đàn_ông ốm_đau nói với vợ mình ở lại với anh rồi cầm tay bà đó là tình_yêu vỏn_vẹn 20 năm ngắn_ngủi tình_yêu bố dành cho mẹ
con ngu dù bố mẹ có là người như thế nào đi chăng nữa thì cũng là người đẻ ra mày nuôi chúng mày lớn khôn lớn lên không báo hiếu được gì lại còn sủa bậy,Anger,con ngu dù bố_mẹ có là người như thế_nào đi chăng_nữa thì cũng là người đẻ ra mày nuôi chúng_mày lớn_khôn_lớn lên không báo_hiếu được gì lại còn sủa bậy
hy vọng mọi điều tốt đẹp sẽ tới,Enjoyment,hy_vọng mọi điều tốt_đẹp sẽ tới
t cũng buồn lắm chớ bộ 😓😓,Sadness,tao cũng buồn lắm chớ bộ
t đã thử rồi mà dume vẫn la :)))),Sadness,tao đã thử rồi mà dume vẫn la icon_vui
ý thức tồi,Disgust,ý_thức tồi
"má , sờ mông có cái mà táng bố ..??",Anger,má sờ mông có cái mà táng bố
trò này cũng nguy hiểm chết người đừng đùa theo mà mang họa,Fear,trò này cũng nguy_hiểm chết người đừng đùa theo mà mang_họa
nhìn cái mặt cưng vãi,Enjoyment,nhìn cái mặt cưng vãi
sáng kiến hay đỡ bao nhiều tiền để tiêu hủy,Other,sáng_kiến hay đỡ bao nhiều tiền để tiêu_hủy
đéo có lol gì là buồn cười,Disgust,đéo có lol gì là buồn_cười
"per tiền bạc là phù du , quan trọng là tình nghĩa",Other,per tiền_bạc là phù_du quan_trọng là tình_nghĩa
k tiền cạp đất mà ăn ah @@,Other,không tiền cạp đất mà ăn à
thứ thiếu ý thức ... nhưng lên mạng thì dạy người khác,Disgust,thứ thiếu ý_thức nhưng lên mạng thì dạy người khác
có mà thần kinh hơn ấy 😑😑😑,Disgust,có mà thần_kinh hơn ấy
đéo hiểu chó hay người .,Disgust,đéo hiểu chó hay người
đau chán riết quen có cái lol gì phải than vãn :)),Disgust,đau chán riết quen có cái lol gì phải than_vãn icon_vui
một bộ phim rất đáng xem !!,Enjoyment,một bộ phim rất đáng xem
"đâu phải có tiền muốn làm cha ai thì làm , gì cũng vừa phải thôi . ý thức từ nhỏ không được dạy dỗ cẩn thận",Disgust,đâu phải có tiền muốn làm cha ai thì làm gì cũng vừa phải thôi ý_thức từ nhỏ không được dạy_dỗ cẩn_thận
mấy lần đi ngang hết hồn,Fear,mấy lần đi ngang hết_hồn
"anh giờ thích ai rồi , không còn giữ câu nói trước kia nữa đâu nhỉ . ừ gần 1 năm rồi cơ mà :((",Sadness,anh giờ thích ai rồi không còn giữ câu nói trước_kia nữa đâu nhỉ ừ gần 1 năm rồi cơ_mà icon_buon
công nhận già thật,Other,công_nhận già thật
"hà nội làm con người ta trở nên nhỏ nhen và bon chen , luật thi áp dụng như cứt nó chỉ giành cho người có tiền và có quyền",Disgust,hà_nội làm con người_ta trở_nên nhỏ_nhen và bon_chen luật thi áp_dụng như cứt nó chỉ giành cho người có tiền và có quyền
chán vãi dạo này ngủ sớm quen :))),Disgust,chán vãi dạo này ngủ sớm quen icon_vui
"hồi nhỏ hay bị ngỗng rượt , vừa chạy vừa khóc la 🤣🤣",Fear,hồi nhỏ hay bị ngỗng rượt vừa chạy vừa khóc la icon_vui icon_vui
lại mưa 😞,Sadness,lại mưa icon_buon
bố mấy con trẻ trâu :)) tưởng thế là hay :)))),Disgust,bố mấy con_trẻ trâu icon_vui tưởng thế_là hay icon_vui
chả có tiền mua 😩😩😩,Sadness,chả có tiền mua
đề nghị admin xóa bài đi ạ . chứ bố mẹ em sắp đi chợ về rồi ạ :(((,Fear,đề_nghị admin xóa_bài đi ạ chứ bố_mẹ em sắp đi chợ về rồi ạ icon_buon
sao mày không ngủ chung với cả mẹ mày và em mày ?,Other,sao mày không ngủ chung với cả mẹ mày và em mày
haha con mấy cái video toàn đóng vào mỏ nhau không . cười tụt quần 🤣,Enjoyment,haha con mấy cái video toàn đóng vào mỏ nhau không cười tụt quần icon_vui
thế đéo nào lại ra được nhỉ ??,Surprise,thế đéo nào lại ra được nhỉ
vẫn là chính sách trên giấy tờ,Other,vẫn là chính_sách trên giấy_tờ
sớm muộn củng chết đuối à ;))),Other,sớm_muộn củng chết_đuối à
bức ảnh xuất sắc ❤️,Enjoyment,bức ảnh xuất_sắc
việc đớn đau nhất . là nhường người mình yêuu nhất cho 1 người khác 😔😔😔. chỉ vì đơn giản không muốn ai phải đau buồn,Sadness,việc đớn_đau nhất là nhường người mình yêuu nhất cho 1 người khác icon_buon icon_buon icon_buon chỉ vì đơn_giản không muốn ai phải đau_buồn
ủa mắc gì gỡ fan cứng của em ? huhu,Sadness,ủa mắc gì gỡ fan cứng của em huhu
"ai cho mình xin tên phim với , mình không xem được 😢",Sadness,ai cho mình xin tên phim với mình không xem được icon_buon
tao đang đọc cái lol gì đây :)) sao lại thành truyện giáo dục rồi dume,Surprise,tao đang đọc cái lol gì đây icon_vui sao lại thành truyện giáo_dục rồi dume
mặt ô kia khát nước nhìn buồn cườ thế 😂😂,Enjoyment,mặt ô kia khát nước nhìn buồn cườ thế icon_vui icon_vui
tao bị bỏ rơi rồi,Sadness,tao bị bỏ_rơi rồi
tao nhìn tao thấy ghê vcd ấy 😂😂,Fear,tao nhìn tao thấy ghê vcd ấy icon_vui icon_vui
cậu nhỏ có tăng lên không 🧐,Other,cậu nhỏ có tăng lên không
"bạn trai tao cắt tóc xong cái đầu như cái đầu buồi , không lệch vào đâu được 🙂",Disgust,bạn trai tao cắt tóc xong cái đầu như cái đầu buồi không lệch vào đâu được icon_vui
bây giờ gọi hành hiếmkkk,Enjoyment,bây_giờ gọi hành hiếmk
chúng mày đã bao giờ bị hất cả cốc nước vào mặt vì mặt không bao giờ tươi cười niềm nở chưa ?,Sadness,chúng_mày đã bao_giờ bị hất cả cốc nước vào mặt vì mặt không bao_giờ tươi_cười niềm_nở chưa
người yêu mày cắt tóc hay là đi đầu thai lại thế ???,Surprise,người_yêu mày cắt tóc hay là đi đầu_thai lại thế
sự thật thì cố suy nghĩ vui vẻ hạnh phúc mà trong túi không có tiền chỉ sợ đất cũng không có mà ăn,Sadness,sự_thật thì cố suy_nghĩ vui_vẻ hạnh_phúc mà trong túi không có tiền chỉ sợ đất cũng không có mà ăn
tao tháy gái nguy hiểm vãi,Fear,tao tháy gái nguy_hiểm_vãi
"chạy tới đưa đồ cho nó , trượt chân té sấp mặt luôn",Other,chạy tới đưa đồ cho nó trượt chân té sấp_mặt luôn
hẳn là con số đẹp 😍😍😍,Enjoyment,hẳn là con_số đẹp icon_vui icon_vui icon_vui
còn 1 tháng nữa thôi khép lại những ngày tháng vui buồn nhưng luôn có người bên cạnh sẻ chia không lo lắng của tuổi thanh xuân cái tuổi đẹp nhất của cng,Enjoyment,còn 1 tháng nữa thôi khép lại những ngày_tháng vui buồn nhưng luôn có người bên cạnh sẻ chia không lo_lắng của tuổi thanh_xuân cái tuổi đẹp nhất của cng
tao còn không dám ăn nói chi ruồi .,Fear,tao còn không dám ăn_nói chi ruồi
sợ vãi linh hồn,Fear,sợ vãi linh_hồn
có thì tốt nhất đừng có giận vì ngoài kia bất cứ thằng nào cũng sẵn sàng dỗ dành bạn gái của bạn 😋,Fear,có thì tốt nhất đừng có giận vì ngoài kia bất_cứ thằng nào cũng sẵn_sàng dỗ_dành bạn gái của bạn icon_vui
bốc phốt khách thế không sợ mất khách à bác ??,Other,bốc phốt khách thế không sợ mất khách à bác
ừ mỗi lần thế lần buồn kinh lắm mày ạ,Sadness,ừ mỗi lần thế lần buồn kinh lắm mày ạ
lâu lắc chưa xem lại !!! 😳. một bộ phim vừa ý nghĩa vừa hài hước ! 👍,Enjoyment,lâu_lắc chưa xem_lại icon_ngacnhien một bộ phim vừa_ý_nghĩa vừa hài_hước
"gắng , nhanh khỏi bệnh rồi về bên anh",Enjoyment,gắng nhanh khỏi bệnh rồi về bên anh
đề này đối với lực học lớp 9 đâu có khó . cẩn thận chút là được,Other,đề này đối_với lực học lớp 9 đâu có khó cẩn_thận chút là được
nghe bài này đau lòng quá mà,Sadness,nghe bài này đau_lòng quá mà
má . đang định đi chụp :((,Fear,má đang định đi chụp icon_buon
ai muốn tránh đường đông hỏi người dân đường trong núi nhé !,Other,ai muốn tránh đường đông hỏi người dân đường trong núi nhé
"những hành động đẹp , đáng được trân trọng , và sẽ được lan tỏa ở mọi nơi , thật tuyệt vời 😍",Enjoyment,những hành_động đẹp đáng được trân_trọng và sẽ được lan_tỏa ở mọi nơi thật tuyệt_vời icon_vui
vào siêu thi mua ghế masage chạy điện ra mà ngồi cho chúng nó choáng ! vừa đỡ mỏi chân lại khỏe người !,Enjoyment,vào siêu thi mua ghế masage chạy_điện ra mà ngồi cho chúng_nó choáng vừa đỡ mỏi chân lại khỏe người
"tao nói té 1 cái không dập mề thua gì cũg thua , trĩ nội trĩ ngọai nguyên chùm =)))",Fear,tao nói té 1 cái không dập mề thua gì cũg thua trĩ nội trĩ ngọai nguyên chùm
năm sau nữa quyết định nằm cho đỡ đau lưng 😁😁,Other,năm sau nữa quyết_định nằm cho đỡ đau lưng icon_vui icon_vui
bé xinh quá,Enjoyment,bé xinh quá
bài hát đầu tiên của phim là gì nhỉ quên mất rồi . bạn nào thông não cho mình phát,Other,bài hát đầu_tiên của phim là gì nhỉ quên mất rồi bạn nào thông não cho mình phát
đây là trẻ ghé chứ gì nữa ~~~,Disgust,đây là trẻ ghé chứ gì nữa
"t chẳng muốn phải nói "" suýt nữa thì .."" một lần nào nữa trong đời của nhau nữa đâu ... vì vậy sẽ trân trọng khi người tới .",Sadness,tao chẳng muốn phải nói suýt_nữa thì một lần nào nữa trong đời của nhau nữa đâu vì_vậy sẽ trân_trọng khi người tới
per cái đoạn vén tóc là quen lắm nhá . thích lém ý,Enjoyment,per cái đoạn vén tóc là quen lắm nhá thích lém ý
"thề , phim này xem đi xem lại gần chục lần . 😄",Enjoyment,thề phim này xem đi xem_lại gần chục lần
phim chuẩn chưa này =)))),Enjoyment,phim chuẩn chưa này
"per thì mấy ông nhậu bắt sạch , còn đâu mà phá hoại",Other,per thì mấy ông nhậu bắt sạch còn đâu mà phá_hoại
ô .. còn lâu lắm ...,Other,ô còn lâu lắm
đã năm 2000 . người ta cho mượn 200 tr rồi .. từ đó về sau nhà người ta có cần 25 tr / tháng hay không ???,Other,đã năm 2000 người_ta cho mượn 200 tr rồi từ đó về sau nhà người_ta có cần 25 tr tháng hay không
"tao cũng như mày đây . không sao cả , hãy tự hào vì tên mày vẫn rất đẹp",Enjoyment,tao cũng như mày đây không sao cả hãy tự_hào vì tên mày vẫn rất đẹp
cho nó đỗ tí mất gì đâu,Other,cho nó đỗ tí mất gì đâu
người ta nói ngu thì chết có gì sai ?,Disgust,người_ta nói ngu thì chết có gì sai
dễ thương vậy,Enjoyment,dễ_thương vậy
chắc chưa :))) si nghĩ kĩ lại đi,Other,chắc chưa icon_vui si nghĩ kĩ lại đi
má con đĩ mèo nó đanh đá thế,Disgust,má con đĩ mèo nó đanh_đá thế
"từ nay sẽ không cap màn hình ib nưa , thật tội lỗi tội lỗi",Sadness,từ nay sẽ không cap màn_hình nhắn_tin nưa thật tội_lỗi tội_lỗi
t chỉ muốn khoe là tao vẫn được nghỉ 1 tuần nữa =))))),Enjoyment,tao chỉ muốn khoe là tao vẫn được nghỉ 1 tuần nữa
biết chứ dã từng sài,Other,biết chứ dã từng sài
ấn tượng vãi :v bàn tay vàng trong làng vẩy khế :v,Enjoyment,ấn_tượng vãi v bàn_tay vàng trong làng vẩy khế v
thích quá mấy má ơi ! @@@,Enjoyment,thích quá mấy má ơi
không ngon như lần trước nữa,Disgust,không ngon như lần trước nữa
mặt thái độ vãi,Other,mặt thái_độ vãi
cũng muốn kết hôn lắm mà đến giờ vẫn chưa có người yêu 😭,Sadness,cũng muốn kết_hôn lắm mà đến giờ vẫn chưa có người_yêu icon_buon
sẽ hấp dẫn hơn khi dưới sông có cá sấu :)) lót dép hóng,Enjoyment,sẽ hấp_dẫn hơn khi dưới sông có cá_sấu icon_vui lót dép hóng
xem nà ra chiêu nà gẫy cây nà sấp mặt luôn nà 😂😆,Enjoyment,xem nà ra chiêu nà gẫy cây nà sấp_mặt luôn nà icon_vui icon_vui
"per nhà giáo áp lực quá nhỉ , giống làm dâu trăm họ .",Fear,per nhà_giáo áp_lực quá nhỉ giống làm dâu trăm họ
"bọn giết người không dao tử hình cái thằng cung cấp thực phẩm bẩn vào trường , những đứa liên quan còn lại cho vào tù hết .",Anger,bọn giết người không dao tử_hình cái thằng cung_cấp thực_phẩm bẩn vào trường những đứa liên_quan còn lại cho vào tù hết
tao thấy đéo có cái gì để tao cầm được cơn cười cđcm nó ! :)),Enjoyment,tao thấy đéo có cái gì để tao cầm được cơn cười cđcm nó icon_vui
gần 10 năm rồi coi đi coi lại cũng gần 30 lần . nhớ !!!,Enjoyment,gần 10 năm rồi coi đi coi lại cũng gần 30 lần nhớ
phụ nữ ngày xưa toàn cực phẩm :v,Enjoyment,phụ_nữ ngày_xưa toàn cực phẩm v
xoá sổ toàn phần cơ sở cung cấp thức ăn khốn nạn này bằng cách cho chúng mỗi đứa một mũi tiêm thuốc độc . còn hiệu trưởng các trường bỏ tù vĩnh viễn .,Anger,xoá_sổ toàn_phần cơ_sở cung_cấp thức_ăn khốn_nạn này bằng cách cho chúng mỗi đứa một mũi tiêm thuốc_độc còn hiệu_trưởng các trường bỏ_tù vĩnh_viễn
tử hình cái bọn giết người hàng loạt này đi,Anger,tử_hình cái bọn giết người hàng_loạt này đi
pháp luật là bạn của nó rồi anh ah vì quen anh anh chị b trên quận ah nên em cũng sợ lắm ah :-(,Fear,pháp_luật là bạn của nó rồi anh à vì quen anh anh_chị b trên quận à nên em cũng sợ lắm à
"biết có người binh mà mới chửi lại đó , con hư tại mẹ thui",Disgust,biết có người binh mà mới chửi lại đó con hư tại mẹ thui
chị khổ mấy cô giáo viên giám đứng ra tố cáo . sau này bị làm khó hoặc trả thù,Sadness,chị khổ mấy cô_giáo_viên giám đứng ra tố_cáo sau_này bị làm_khó hoặc trả_thù
trời trời ! như là nói lên nỗi lòng của thẩm phán vậy :)))),Other,trời trời như là nói lên nỗi_lòng của thẩm_phán vậy icon_vui
má tao xem mà lo thằng quay phim tét không à ? có ai như tao không ?,Fear,má tao xem mà lo thằng quay_phim tét không à có ai như tao không
đm rơi mẹ điện thoại xuống đất 🙃,Other,chửi_thề rơi mẹ điện_thoại xuống đất
mới gọi điện thoại xong mới cười với tuii xong heheh anh đáng yêu vãi,Enjoyment,mới gọi điện_thoại xong mới cười với tuii xong heheh anh đáng yêu vãi
bướng vừa vừa kiểu đáng yêu chứ mà lồng lộn thì thôi làm bà nội chứ yêu đương đéo gì,Disgust,bướng vừa vừa kiểu đáng yêu chứ mà lồng_lộn thì thôi làm bà nội chứ yêu_đương đéo gì
vâng với 1 pha chống gậy tinh tế anh đã làm cho người xem 1 sự bất ngờ,Surprise,vâng với 1 pha chống gậy tinh_tế anh đã làm cho người xem 1 sự bất_ngờ
evn nó đéo thích đâu nhé .. nó chỉ giả vờ lươn lẹo nói thế thôi ..!? 😁😂🤣,Disgust,evn nó đéo thích đâu nhé nó chỉ giả_vờ lươn_lẹo nói thế thôi icon_vui icon_vui icon_vui
ông tổ của những cái sừng là đây sao ??? 🤣,Surprise,ông_tổ của những cái sừng là đây sao icon_vui
thế mày nằm viện nào tao vào thăm luôn cho động lực,Other,thế mày nằm viện nào tao vào thăm luôn cho động_lực
"xem mà đau lòng , đau lòng nhưng vẫn xem :((((",Sadness,xem mà đau_lòng đau_lòng nhưng vẫn xem icon_buon
cuộc sống thật chua cay với tao,Sadness,cuộc_sống thật chua_cay với tao
"trước đây mình không thích xem phim việt , nhưng mấy năm nay phim việt chiếu phim nào cũng hay . tự dưng không thích xem phim hàn quốc nữa .",Enjoyment,trước đây mình không thích xem phim việt nhưng mấy năm nay phim việt chiếu_phim nào cũng hay tự_dưng không thích xem phim hàn_quốc nữa
"còn là học sinh nhưng tố chất lừa đảo đĩ điếm đã thể hiện ra rồi , nếu nó muốn nổi tiếng , thì đưa mặt nó lên đi thớt",Disgust,còn là học_sinh nhưng tố_chất lừa_đảo đĩ_điếm đã thể_hiện ra rồi nếu nó muốn nổi_tiếng thì đưa mặt nó lên đi thớt
"bọn 6 múi yêu nhau hết rồi , tao bụng mỡ đây , tao vẫn thích con gái đây !!!!!",Enjoyment,bọn 6 múi yêu nhau hết rồi tao bụng mỡ đây tao vẫn thích con gái đây
trung thu là tết thiếu chi chả liên quan chi đến việc tao không có gấu,Anger,trung_thu là tết thiếu chi chả liên_quan chi đến việc tao không có gấu
thằng nào con nào nuôi ác quá z,Anger,thằng nào con nào nuôi ác quá gì
cám ơn đã cho tôi cuộc sống này,Enjoyment,cám_ơn đã cho tôi cuộc_sống này
nghe tình vãi =)))),Enjoyment,nghe tình vãi
thất tình đi nghe nhạc chúng nó còn ngồi trước mặt ôm nhau . hận,Sadness,thất_tình đi nghe nhạc chúng_nó còn ngồi trước mặt ôm nhau hận
vô liêm sỉ,Disgust,vô liêm_sỉ
mẹ bế đứa nào thì là mẹ của đứa đó nhé,Other,mẹ bế đứa nào thì là mẹ của đứa đó nhé
công nhận nó phê như vậy thật 😂,Enjoyment,công_nhận nó phê như vậy thật icon_vui
này thì câu thích 😂😂😂,Enjoyment,này thì câu thích icon_vui icon_vui icon_vui
lời được cánh của sắt tàu hỏa ngon rồi,Enjoyment,lời được cánh của sắt tàu_hỏa ngon rồi
"sửa luật , tóm cho vào tù . tình nguyện mãi sao được .",Disgust,sửa luật tóm cho vào tù tình_nguyện mãi sao được
t coi đi coi lại mấy lần để xác định con nhện nó phóng qua tới cái điện thoại hay là nghệ thuật )))),Other,tao coi đi coi lại mấy lần để xác_định con nhện nó phóng qua tới cái điện_thoại hay là nghệ_thuật
lúc ra hà nội ở ngay phố đào tấn mà không biết chổ này 😢,Sadness,lúc ra hà_nội ở ngay phố đào tấn mà không biết chổ này icon_buon
m vừa tuột quần xuống nó sẽ hôn con họa mi của mày,Other,mày vừa tuột quần xuống nó sẽ hôn con_họa mi của mày
cả 2 đứa đều ngu khi có mồm mà không nói =]]],Disgust,cả 2 đứa đều ngu khi có mồm mà không nói
một thời để nhớ,Other,một thời để nhớ
đúng chất dân miền tây hahaha,Enjoyment,đúng chất dân miền tây hahaha
24 tuổi thấy đời đắng và khá mặn,Sadness,24 tuổi thấy đời đắng và khá mặn
một cái ỉn mông xong hết 😂😂😂 dăm ba cái võ thuật 😂😂😂🤣🤣🤣,Enjoyment,một cái ỉn mông xong hết icon_vui icon_vui icon_vui dăm_ba cái võ_thuật icon_vui icon_vui icon_vui icon_vui icon_vui icon_vui
đáng yêu quá . chúc ông bà thật mạnh khỏe mãi hạnh phúc như vậy 😍,Enjoyment,đáng yêu quá chúc ông_bà thật mạnh_khỏe mãi hạnh_phúc như vậy icon_vui
per con người dù có bị trừ hết điểm cũng chạ thèm quan tâm ạ 🙂,Disgust,per con_người dù có bị trừ hết điểm cũng chạ thèm quan_tâm ạ icon_vui
đấy có phải con người không nhỉ ? mà sao lại làm thế,Surprise,đấy có phải con_người không nhỉ mà sao lại làm thế
ủa vậy hả mới biết ta,Surprise,ủa vậy hả mới biết ta
vậy thì các bác chưa biết rồi,Other,vậy thì các bác chưa biết rồi
tài xế để não trong háng hay sao mà thích chơi ngu lấy tiếng thế,Disgust,tài_xế để não trong háng hay sao mà thích chơi ngu lấy tiếng_thế
họ hành động quá đẹp,Enjoyment,họ hành_động quá đẹp
"xem phim mà cứ nhìn cặp chân của ổng , chân gì mà dài thường thượt . chồi ôi 1m87",Enjoyment,xem phim mà cứ nhìn cặp chân của ổng chân gì mà dài thường thượt chồi ôi 1m87
đọc bình luận mới thấy nhiều người hãm thật sự :))),Disgust,đọc bình_luận mới thấy nhiều người hãm thật_sự icon_vui
em nuôi con lợn mấy năm rồi mà vẫn trống rỗng huhu 😭😭😭,Sadness,em nuôi con lợn mấy năm rồi mà vẫn trống_rỗng huhu icon_buon icon_buon icon_buon
nhìn bọn có người yêu khổ chưa kìa .,Other,nhìn bọn có người_yêu khổ chưa kìa
ước mơ tao 🙂 chỉ có thể sao chép lại và tao lên màu cực xấu !,Sadness,ước_mơ tao icon_vui chỉ có_thể sao_chép lại và tao lên màu cực xấu
lúc buồn là đi phựt thì thôi rồi như kiểu cuộc đời đáng sống ý,Other,lúc buồn là đi phựt thì thôi rồi như kiểu cuộc_đời đáng sống ý
thôi mày cố lên . đỡ rồi cũng tốt,Enjoyment,thôi mày cố lên đỡ rồi cũng tốt
"dume , em tao mà bị thế này thì tao xiên mỗi đứa một nhát , đi tù cũng được",Anger,dume em tao mà bị thế này thì tao xiên mỗi đứa một nhát đi tù cũng được
đơn giản là thấy họ cười 😂😂,Enjoyment,đơn_giản là thấy họ cười icon_vui icon_vui
per 😂😂😂 còn nhớ không ???,Enjoyment,per icon_vui icon_vui icon_vui còn nhớ không
hay lắm em êiiii,Enjoyment,hay lắm em êi
t nói tao bị ngỗng dí đúng sáng sớm bọn bạn cười tao . 😂 còn bồ tao thấy tao bị dí đứng cười 😪,Disgust,tao nói tao bị ngỗng dí đúng sáng sớm bọn bạn cười tao icon_vui còn bồ tao thấy tao bị dí đứng cười
nhớ lại kỷ niệm này buồn quá,Sadness,nhớ lại kỷ_niệm này buồn quá
"thì rõ ràng là bịa mà , cơ bản để cảnh tỉnh suy nghĩ của con người hiện nay thôi bạn",Disgust,thì rõ_ràng là bịa mà cơ_bản để cảnh_tỉnh suy_nghĩ của con_người hiện_nay thôi bạn
"lúc trước ông với bà tao cũng thế , bây giờ thì ông bỏ bà đi trước rồi .",Sadness,lúc trước ông với bà tao cũng thế bây_giờ thì ông bỏ_bà đi trước rồi
tao mừng quá vì tao biết chắc chắn hôm nay crush của tao không bị thịt . ahihi .,Enjoyment,tao mừng quá vì tao biết chắc_chắn hôm_nay crush của tao không bị_thịt ahihi
xót thì mang về mà dạy đi . xưa đi học suốt ngày bị quỳ chép bài trên bục giảng chả sao giờ thì sểnh ra 1 tỵ là kiện tụng . đừng có lạm dụng mxh mà lên án người khác .,Disgust,xót thì mang về mà dạy đi xưa đi học suốt ngày bị quỳ chép bài trên bục giảng chả sao giờ thì sểnh ra 1 tỵ là kiện_tụng đừng có lạm_dụng mxh mà lên_án người khác
hôm qua xem cười lộn ruột,Enjoyment,hôm_qua xem cười lộn_ruột
buồn là cái gì mày,Other,buồn là cái gì mày
tao ám ảnh việc lau sàn,Fear,tao ám_ảnh việc lau sàn
mong ông bà được nhiu sức khỏe,Enjoyment,mong ông_bà được nhiều sức_khỏe
có con gái thật tuyệt ! 😍,Enjoyment,có con_gái thật tuyệt icon_vui
nhìn vậy thôi mày bóc tách múi ra là bình thường ngay mà,Other,nhìn vậy thôi mày bóc tách múi ra là bình_thường ngay mà
giống chuyện của chúng mình quá . chả biết sẽ cùng anh đi bao xa ... nhưng hạnh phúc khi có anh luôn bên cạnh ??,Enjoyment,giống chuyện của chúng_mình quá chả biết sẽ cùng anh đi bao_xa nhưng hạnh_phúc khi có anh luôn bên cạnh
xem xong rồi mà có cảm thấy gì đâu ??,Other,xem xong rồi mà có cảm_thấy gì đâu
xấu còn đóng vai mất dạy,Disgust,xấu còn đóng vai mất_dạy
bọn lừa đảo,Anger,bọn lừa_đảo
buồn quá buồn,Sadness,buồn quá buồn
tuy dáng đứng có hơi lỏng lẻo nhưng những đường quyền của ông này thật như lol,Disgust,tuy dáng đứng có hơi lỏng_lẻo nhưng những đường quyền của ông này thật như lol
nếu lái xe là dân đen thì thế nào chú . có dám đậu ở đóa không,Other,nếu lái_xe là dân đen thì thế_nào chú có dám đậu ở đóa không
khi đủ trưởng thành và kinh tế . cơ mà nhỡ bác sĩ bảo cưới thì cũng phải cưới thôi 😂,Enjoyment,khi đủ trưởng_thành và kinh_tế cơ_mà nhỡ bác_sĩ bảo cưới thì cũng phải cưới thôi icon_vui
cho nghe lại cái khúc đó đi anh hai à :v,Other,cho nghe lại cái khúc đó đi anh hai à v
ông thần tài cũng không dám ăn luôn,Fear,ông thần_tài cũng không dám ăn luôn
buồn cho số phận 😢,Sadness,buồn cho số_phận icon_buon
nhà tao nhận coi giữ xe nha :3,Enjoyment,nhà tao nhận coi giữ xe nha 3
may cho mày con nhà gia đình khá . chứ nghèo như tao khổ rồi .??,Other,may cho mày con nhà gia_đình khá chứ nghèo như tao khổ rồi
mới thấy bài này trên phòng trọ đn nữa này . bạn ơi mình cùng thành phố này :v,Enjoyment,mới thấy bài này trên phòng trọ đn nữa này bạn ơi mình cùng thành_phố này v
cục súc vậy ai chơi,Disgust,cục_súc vậy ai chơi
"bọn nó nhỏ mà đã có người yêu , còn tao thì ế :((",Sadness,bọn nó nhỏ mà đã có người_yêu còn tao thì ế icon_buon
cần địa chỉ để đặt một bạn người yêu có chiều cao như anh thứ 3,Other,cần địa_chỉ để đặt một bạn người_yêu có chiều cao như anh thứ 3
"hồi nhỏ đi ngang nhà hàng xóm con quỷ này dí tao từ ngoài đường vô tới trong nhà tao nó vẫn không tha , ba mẹ tao nghe tao la chạy ra chụp cổ nó quăng ra sân nó mới chịu đi . ám ảnh tuổi thơ 😅😅😅",Fear,hồi nhỏ đi ngang nhà hàng_xóm con quỷ này dí tao từ ngoài đường vô tới trong nhà tao nó vẫn không tha ba mẹ tao nghe tao la chạy ra chụp cổ nó quăng ra sân nó mới chịu đi ám_ảnh tuổi_thơ icon_vui icon_vui icon_vui
chuyển từ thất tình sang muốn chết vì quá chán :((,Sadness,chuyển từ thất_tình sang muốn chết vì quá chán icon_buon
cái cuối phê vãi,Enjoyment,cái cuối phê vãi
"giá trị lịch sử văn hoá gần nghìn năm đã mất đi rồi :((""",Sadness,giá_trị lịch_sử văn_hoá gần nghìn năm đã mất đi rồi icon_buon
ý bảo mày treo cao vãi đấy . hạ tiêu chuẩn thấp chút bằng cách ngồi xa sóng ra đi tml .,Disgust,ý bảo mày treo cao vãi đấy hạ tiêu_chuẩn thấp chút bằng cách ngồi xa sóng ra đi tml
năm nào cũng mua 2 cái đăng ảnh sống ảo xong cất ăn chống đói dần dần :),Enjoyment,năm nào cũng mua 2 cái đăng ảnh sống ảo xong cất ăn chống đói dần_dần icon_vui
tao cute mà các mày,Enjoyment,tao cute mà các mày
có tiền chưa chắc đã ngọt nhưng nếu không có tiền chắc chắn là đắng .,Sadness,có tiền chưa chắc đã ngọt nhưng nếu không có tiền chắc_chắn là đắng
ơ ̉ viê ̣ tao nam sao được như vâ ̣ y,Other,ơ ̉ viê ̣ tao nam sao được như vâ ̣ y
tủi hổ với bản thân ghê khi tao vẽ người mà mẹ tao hỏi : hóa ra đây là hình dạng thực của quỷ sao ?😑,Sadness,tủi_hổ với bản_thân ghê khi tao vẽ người mà mẹ tao hỏi hóa ra đây là hình_dạng thực của quỷ sao
đkmm xuống đáy biển mà viết luôn đi thằng lồn =)),Anger,đkmm xuống đáy biển mà viết luôn đi thằng lồn
đồ khùng cơm đâu có mắc đâu mà phải làm vậy .,Disgust,đồ khùng cơm đâu có mắc đâu mà phải làm vậy
haha tao trúng số thật này,Surprise,haha tao trúng số thật này
"ủa tại sao không nghỉ việc luôn đi , hay lương tâm không còn chữ đức nữa",Anger,ủa tại_sao không nghỉ_việc luôn đi hay lương_tâm không còn chữ đức nữa
lấy củi chứ bao nhiêu rơm cho đủ,Other,lấy củi chứ bao_nhiêu rơm cho đủ
per không biết còn nhớ tên tao không nữa 😑,Sadness,per không biết còn nhớ tên tao không nữa
viết tay phải mẹ mày đi . đụ mẹ mày :)),Anger,viết_tay phải mẹ mày đi đụ_mẹ mày icon_vui
chuẩn bị hết ế :)),Enjoyment,chuẩn_bị hết ế icon_vui
"cả 2 bà đều mất khi mình nhỏ , không hưởng thụ cảm giác này rồi",Sadness,cả 2 bà đều mất khi mình nhỏ không hưởng_thụ cảm_giác này rồi
"và mày chỉ cần lùi về sau , như ít quan tâm và nhắn tin lại mày sẻ cua được crush 😎😎",Enjoyment,và mày chỉ cần lùi về sau như ít quan_tâm và nhắn_tin lại mày sẻ cua được crush icon_vui icon_vui
bạn có bố thật hạnh phúc,Enjoyment,bạn có bố thật hạnh_phúc
ý thức 😂,Other,ý_thức icon_vui
"dume mày là con gái đó , còn tao thì :dume mày có xuống không thì bảo",Anger,dume mày là con_gái đó còn tao thì dume mày có xuống không thì bảo
per trung thu chia tay gấu à ? bất hạnh nhỉ,Sadness,per trung_thu chia_tay gấu à bất_hạnh nhỉ
bông hoa nhài cắm bãi cứt trâu :)),Disgust,bông hoa nhài cắm bãi cứt_trâu icon_vui
oimeoi tao thấy được tao ngày xưa đây rồi =))))),Enjoyment,oimeoi tao thấy được tao ngày_xưa đây rồi
t không nghiện trà nên tao thấy bình thường mà,Other,tao không nghiện trà nên tao thấy bình_thường mà
cắt . cảm ơn đoạn giả dối kia đã giúp các bạn trẻ có thêm niềm tin về 1 tình yêu đẹp 🤣🤣 riêng tao đéo tin nhé,Disgust,cắt cảm_ơn đoạn giả_dối kia đã giúp các bạn trẻ có thêm niềm tin về 1 tình_yêu đẹp icon_vui icon_vui riêng tao đéo tin nhé
hahahaha tao mắc cười ghê . nhớ cái hôm sinh nhật tao ghê . chắc mấy mẹ ở guru cũng rủa dữ lắm hahaha per,Enjoyment,hahahaha tao mắc cười ghê nhớ cái hôm sinh_nhật tao ghê chắc mấy mẹ ở guru cũng rủa dữ lắm hahaha per
chuẩn 😏😏😏,Enjoyment,chuẩn
một mình tao ăn hết 1 nồi lẩu từ lúc tối 😭,Sadness,một_mình tao ăn hết 1 nồi lẩu từ lúc tối icon_buon
dm chúng mày bị bệnh à kiện chết con mẹ mấy thằng ấu dâm bệnh hoạn này đi,Anger,dm chúng_mày bị bệnh à kiện chết con_mẹ mấy thằng ấu dâm bệnh_hoạn này đi
con trai giờ mất giá v luôn hã mấy chế :))),Disgust,con_trai giờ mất_giá v luôn hã mấy chế icon_vui
per kỷ niệm nè !!!,Enjoyment,per kỷ_niệm nè
per nếu bạn chưa có việc làm :v,Other,per nếu bạn chưa có việc_làm v
có 1 đứa hợp tác vậy là cũg quý hoá quá rồi,Enjoyment,có 1 đứa hợp_tác vậy là cũg quý_hoá quá rồi
dume nhát ma vậy ai coi,Disgust,dume nhát ma_vậy ai coi
chiến lược kinh doanh của người nhật thật đang suy nghĩ,Other,chiến_lược kinh_doanh của người nhật thật đang suy_nghĩ
quả váy màu hường nam tính .,Other,quả váy màu hường nam_tính
"ngồi xa ra đụ mẹ mày :""))",Anger,ngồi xa ra đụ_mẹ mày
😐😐 phê hơn lá chuối,Enjoyment,phê hơn lá chuối
per phá gia chi tử chính nó ????,Anger,per phá gia chi_tử chính nó
tuổi trẻ tài cao là đây,Enjoyment,tuổi_trẻ tài cao là đây
nhìn móng tay bác này mà tao thèm lòng chó quá per,Enjoyment,nhìn móng tay bác này mà tao thèm lòng chó quá per
thật là đáng sợ,Fear,thật là đáng sợ
"hiện tại mình cũng muốn kết hôn lắm . ngặt nỗi hai gia đình ngăn cản giữ dội , phản đối kịch liệt chuyện hai bọn mình đến với nhau :( nhất là chồng cô ý",Sadness,hiện_tại mình cũng muốn kết_hôn lắm ngặt nỗi hai gia_đình ngăn_cản giữ dội phản_đối kịch_liệt chuyện hai bọn mình đến với nhau icon_buon nhất là chồng cô ý
đó là khi anh per cưới vợ đó 🤣,Sadness,đó là khi anh per cưới vợ đó icon_vui
vui tính quá ?? vừa kết bạn xong ??,Enjoyment,vui_tính quá vừa kết_bạn xong
😑 con trai chỉ thích gái lùn thôi . tao biết mà . nhưng cô gái cao như tao đi cạnh sẽ giống 2 thằng đàn ông lắm,Disgust,con_trai chỉ thích gái lùn thôi tao biết mà nhưng cô gái cao như tao đi cạnh sẽ giống 2 thằng đàn_ông lắm
"cấm dừng đỗ thì bạn gọi công an phường , post lên đây làm gì",Disgust,cấm dừng đỗ thì bạn gọi công_an phường post lên đây làm gì
coi như giải thích rồi nhé,Other,coi như giải_thích rồi nhé
ngôi nhà bên dòng sông rõ đẹp . tiếc là sông toàn rác,Disgust,ngôi nhà bên dòng sông rõ đẹp tiếc là sông toàn rác
"nói chứ uống đi , 1 ly thì giảm ăn một bữa sẽ không khiến mày phì đâu .",Enjoyment,nói chứ uống đi 1 ly thì giảm ăn một bữa sẽ không khiến mày phì đâu
đứt quả chuối trong mồm . đéo dám nghĩ kết quả lun,Fear,đứt quả chuối trong mồm đéo dám nghĩ kết_quả lun
mới đi nhổ răng số 8 và chụp 😞,Sadness,mới đi nhổ răng số 8 và chụp icon_buon
nghe ức chế vãi lồn nhỉ . dume mẹ bọn con trai,Anger,nghe ức_chế vãi lồn nhỉ dume mẹ bọn con_trai
sự thất bại của giáo dục,Disgust,sự thất_bại của giáo_dục
cưng thế =)),Enjoyment,cưng thế
bóng đá thể thao mà làm mấy cái thể loại băng ron khích tướng vãi .,Disgust,bóng_đá thể_thao mà làm mấy cái thể_loại băng ron khích tướng vãi
ui nghe ấm thế,Enjoyment,ui nghe ấm_thế
hồi sinh viên mình dùng cái này đó,Other,hồi_sinh_viên mình dùng cái này đó
sao mình gặp toàn thằng mất dạy hay bắt nạt mình nhỉ ? tuổi thơ bất hạnh :),Sadness,sao mình gặp toàn thằng mất_dạy hay bắt_nạt mình nhỉ tuổi_thơ bất_hạnh icon_vui
có gì mà vinh quang một bàn tay bị tật,Disgust,có gì mà vinh_quang một bàn_tay bị tật
"thiệt tình chỉ thấy gớm thôi , chớ chẳng hay ho gì .",Disgust,thiệt tình chỉ thấy gớm thôi chớ chẳng hay_ho gì
nicholas liang nhà xài cái này phải không ?,Surprise,nicholas liang nhà xài cái này phải không
câu chyện cổ tích thật ý nghĩa 😂😂,Enjoyment,câu chyện cổ_tích thật ý_nghĩa icon_vui icon_vui
per năm nay 2 đứa quyết định ngồi hay đứng kkk,Enjoyment,per năm nay 2 đứa quyết_định ngồi hay đứng k
chúng mày nhục thế đéo dám công khai ảnh của chúng mày đi,Disgust,chúng_mày nhục thế đéo dám công_khai ảnh của chúng_mày đi
tội thằng per vãi,Sadness,tội thằng per vãi
huhu lần trước đi chụp răng . thằng kĩ thuật viện cho bạn vào cái máy to đùng xong nó bảo ngồi im . nó bật máy xong chạy ra ngoài đóng cửa với tốc độ ánh sáng .,Sadness,huhu lần trước đi chụp răng thằng kĩ_thuật viện cho bạn vào cái máy to_đùng xong nó bảo ngồi im nó bật máy xong chạy ra ngoài đóng_cửa với tốc_độ ánh_sáng
mai đi bán miếng năng lượng thôi 😂,Other,mai đi bán miếng năng_lượng thôi icon_vui
cái khó ló cái khôn :))),Enjoyment,cái khó ló cái khôn icon_vui
per nó tấn công tao với mày đó,Other,per nó tấn_công tao với mày đó
hồi nhỏ tao đi bệnh viện chỉnh hình về kể mọi người là có ông kia ho gãy xương sườn đéo ai tin cả ??,Other,hồi nhỏ tao đi bệnh_viện chỉnh_hình về kể mọi người là có ông kia ho gãy xương sườn đéo ai tin cả
vợ với con chả được tích sự gì ! toàn làm hết hồn ??,Anger,vợ với con chả được tích_sự gì toàn làm hết_hồn
quả váy hồng truất vãi_chưởng,Surprise,quả váy hồng truất vãi_chưởng
"đù . tròn ung ủng , chân tay ngẵn cũn như tao nhảy sao",Sadness,đù tròn ung_ủng chân tay ngẵn cũn như tao nhảy sao
k nuôi thì cho người muốn nuôi đi chứ để em nó bọ ve tùm lum sót quá ????,Sadness,không nuôi thì cho người muốn nuôi đi chứ để em nó bọ ve tùm_lum sót quá
vẫn xinh phết nhỉ ??,Surprise,vẫn xinh phết nhỉ
và ông đã có nỗi buồn mới thay vì buồn thất tình,Sadness,và ông đã có nỗi buồn mới thay_vì buồn thất_tình
per kết truyện chất ghê :)))))),Enjoyment,per kết truyện chất ghê icon_vui
"rớt mũ trước , sau là rớt đầu . con với cái mắc dại thiệc 😂",Disgust,rớt mũ trước sau là rớt đầu con với cái mắc dại thiệc icon_vui
"hôm bữa đi ngang qua , thấy hết con mẹ nó hồn",Fear,hôm bữa đi ngang qua thấy hết con_mẹ nó hồn
vl thánh nào ghép nhạc lầy vãi,Other,rất thánh nào ghép nhạc lầy vãi
per tao với mày làm chung thì sao nhể 🤗🤗🤗,Other,per tao với mày làm chung thì sao nhể
hay lắm . thằng anh giúp 2e thêm yêu lao động,Enjoyment,hay lắm thằng anh giúp 2e thêm yêu lao_động
bao giờ lại chiếu ạ,Other,bao_giờ lại chiếu ạ
anh ơi đây này per,Other,anh ơi đây này per
cho nó ăn rau má đi,Other,cho nó ăn rau_má đi
mong manh dể vở 😂😂,Sadness,mong_manh dể vở icon_vui icon_vui
về vườn rồi sớm quá,Other,về_vườn rồi sớm quá
thanh niên co ́ em hoan hy ̉ qua ́ :))),Enjoyment,thanh_niên co ́ em hoan hy ̉ qua ́ icon_vui
có ai thừa biết nó sẽ nhảy vào điện thoại nhưng cuối cùng là vẫn giật mình không 🤣,Enjoyment,có ai thừa biết nó sẽ nhảy vào điện_thoại nhưng cuối_cùng là vẫn giật_mình không icon_vui
ranh con mà láo toét . xem đến đoạn này mà phát bực,Anger,ranh_con mà láo_toét xem đến đoạn này mà phát bực
nó đang lợi dụng mày,Disgust,nó đang lợi_dụng mày
k bă ̀ người 1 con cho ́ anh =))))),Disgust,không bă ̀ người 1 con cho ́ anh
lũ kiến ở nhà mày thích vậy .,Enjoyment,lũ kiến ở nhà mày thích vậy
per tập gym xong để đi nhảy thế này à 😂😂😂,Other,per tập gym xong để đi nhảy thế này à icon_vui icon_vui icon_vui
per năm sau nhớ lấy gối ra quỳ luôn ha 🤣🤣🤣,Enjoyment,per năm sau nhớ lấy gối ra quỳ luôn ha icon_vui icon_vui icon_vui
vn nó là vậy,Other,vn nó là vậy
đây là video hay và ý nghĩa 😊,Enjoyment,đây là video hay và ý_nghĩa icon_vui
đcm hả hê cái lol gì chuyện này cơ chứ,Anger,chửi_thề hả_hê cái lol gì chuyện này cơ chứ
hài bựa nó vẫn hay hơn bọn cố tỏ ra chảnh trong khi như lol :)),Disgust,hài bựa nó vẫn hay hơn bọn cố tỏ ra chảnh trong khi như lol icon_vui
không có đạo đức nghề nghiệp rồi :))),Disgust,không có đạo_đức nghề_nghiệp rồi icon_vui
"ngày ngày đều nhìn qua cửa sổ chờ nó đi học ngang qua , nhìn sau lưng thôi cũng đủ vui rồi hhhhhhhhhhhhhhhhhhhhhhh",Enjoyment,ngày_ngày đều nhìn qua cửa_sổ chờ nó đi học ngang qua nhìn sau lưng thôi cũng đủ vui rồi h
nhìn vừa tội vừa thương ????,Sadness,nhìn vừa tội vừa thương
con bé xinh thế,Enjoyment,con bé xinh_thế
cho tao hỏi tình hình bà mẹ thế nào rồi 😂🤣,Other,cho tao hỏi tình_hình bà mẹ thế_nào rồi icon_vui icon_vui
chúc bạn có một ngày vui vẻ 😳,Enjoyment,chúc bạn có một ngày vui_vẻ icon_ngacnhien
mấy con lồn này lắm nữa 🙂,Anger,mấy con lồn này lắm nữa icon_vui
xong là phê lắm mày,Enjoyment,xong là phê lắm mày
"nhiều người nói con này giả ngu câu thích , nhưng xem lại nhiều lần thấy nó ngu thiệt chứ không phải giả bộ",Disgust,nhiều người nói con này giả ngu câu thích nhưng xem_lại nhiều lần thấy nó ngu thiệt chứ không phải giả_bộ
tâm sự không đúng người ngoài việc họ cười vào mặt bạn,Fear,tâm_sự không đúng người_ngoài việc họ cười vào mặt bạn
đậu xe kiểu vô văn hoá .,Disgust,đậu xe kiểu vô văn_hoá
kể cả là câu chuyện không có thật thì nó vẫn là một lời nhắc . sân si cái đầu buồi à .,Disgust,kể_cả là câu_chuyện không có thật thì nó vẫn là một lời nhắc sân si cái đầu buồi à
boss có bộ đồ ngủ đĩ thõa ghê gớm 😅,Enjoyment,boss có bộ đồ ngủ đĩ thõa ghê_gớm icon_vui
tao ghét nhất mấy mẹ ngoài bắc cứ ỉ lớn tuổi hơn là có quyền chửi người khác là láo toét trong khi mình nói chuyện như l đcm gặp tao tao rút chìa khoá xe của mụ ném ra thật xa cho đi nhặt xem lúc đó gọi con bả kiểu gì . moá lắm lúc không muốn tạo nghiệp mà gặp mấy con mẹ già mất nết này điên thật chớ,Disgust,tao ghét nhất mấy mẹ ngoài bắc cứ ỉ lớn_tuổi hơn là có quyền chửi người khác là láo_toét trong khi mình nói_chuyện như l chửi_thề gặp tao tao rút chìa_khoá xe của mụ ném ra thật xa cho đi nhặt xem lúc đó gọi con bả kiểu gì moá lắm lúc không muốn tạo nghiệp mà gặp mấy con_mẹ già mất_nết này điên thật chớ
tự hào ngồi mâm dưới,Enjoyment,tự_hào ngồi mâm dưới
ôi vãi mình lên fan cứng rồi cơ 🤗,Enjoyment,ôi vãi mình lên fan cứng rồi cơ
dù ra sao vẫn giữ nụ cười và sự tự tin,Enjoyment,dù ra sao vẫn giữ nụ cười và sự tự_tin
quảng cáo đéo gì tao thấy đáng sợ vãi .,Anger,quảng_cáo đéo gì tao thấy đáng sợ vãi
lêu lêu đồ con nuôi,Disgust,lêu lêu đồ con_nuôi
này gọi là theo kịp thời đại :)))),Enjoyment,này gọi là theo kịp_thời_đại icon_vui
ụa cho fa đọc chi rựa huhu,Sadness,ụa cho fa đọc chi rựa huhu
êu ơi mỏng manh thế ??,Other,êu ơi mỏng_manh thế
rất hợp lí,Enjoyment,rất hợp_lí
bộ phim hấp dẫn quá,Surprise,bộ phim hấp_dẫn quá
dume s giống suy nghĩ tao thế nhỉ :))) hihi,Surprise,dume sao giống suy_nghĩ tao thế nhỉ icon_vui hihi
còn tệ hơn năm ngoái,Sadness,còn tệ hơn năm_ngoái
nụ cười của crush kích thích vãi :)))))),Enjoyment,nụ cười của crush kích_thích vãi icon_vui
cười vãi :)),Enjoyment,cười vãi icon_vui
ôi đáng yêu quá . đến bao giờ người đàn ông như thế nào mới xuất hiện trong cuộc đời tôi đây,Enjoyment,ôi đáng yêu quá đến bao_giờ người đàn_ông như thế_nào mới xuất_hiện trong cuộc_đời tôi đây
đâu nhất thiết mỗi cầu đường hả bạn ?,Other,đâu nhất_thiết mỗi cầu_đường hả bạn
dẹp . đéo lưu luyến .,Anger,dẹp đéo lưu_luyến
"và bức tường , khung lan can , cây cối y nguyên sau ngần ấy năm ư ? 😜",Surprise,và bức tường khung lan_can cây_cối y_nguyên sau ngần ấy năm ư
"địt mẹ , mình làm khách sạn , lúc vào check phòng kinh vãi lôz . ai họ có ý thức thì không nói , chứ đôi nào mà ...... thì thôi hôm đấy cô dọn phòng xác con mẹ nó định",Anger,địt_mẹ mình làm_khách_sạn lúc vào check phòng kinh vãi lôz ai họ có ý_thức thì không nói chứ đôi nào mà thì thôi hôm đấy cô dọn phòng xác con_mẹ nó định
đỗ góc cua như này thì khuất tầm nhìn quá . chs bênh,Disgust,đỗ góc cua như này thì khuất tầm nhìn quá chs bênh
"hồi lúc tao ăn lạp xưởng mắc xương , nói mà cũng đéo ai tin . tao hiểu cảm giác của mày lắm ?",Enjoyment,hồi lúc tao ăn lạp_xưởng mắc xương nói mà cũng đéo ai tin tao hiểu cảm_giác của mày lắm
tao bướng nhưng mặt đéo đến nỗi như con bé kia 🤣,Enjoyment,tao bướng nhưng mặt đéo đến_nỗi như con bé kia icon_vui
"quỷ cái chứ ma đâu mà ma , haha",Enjoyment,quỷ cái chứ ma đâu mà ma haha
là khi gặp nhau mọi suy nghĩ buồn bực trước đó nhường chỗ cho cậu :)),Enjoyment,là khi gặp nhau mọi suy_nghĩ buồn_bực trước đó nhường chỗ cho cậu icon_vui
"tao đã từng bị , gào thét không 1 ai quan tâm . 1 lũ hơn chục thằng con trai đến bây giờ nhìn mặt lại từng thằng tao vẫn căm . hôm đó tao xuýt chết đuối đmm lũ lol nghiệt súc ấy vẫn chưa bị quả báo",Anger,tao đã từng bị gào_thét không 1 ai quan_tâm 1 lũ hơn chục thằng con_trai đến bây_giờ nhìn mặt lại từng thằng tao vẫn căm hôm đó tao xuýt chết_đuối đmm lũ lol nghiệt súc ấy vẫn chưa bị quả_báo
"giận lại làm gì , cứ để cho anh yêu thời gian thoải mái . khi nào thấy ổn sẽ tự động xuất hiện còn không xuất hiện nữa thì tự hiểu = ))",Other,giận lại làm gì cứ để cho anh yêu thời_gian thoải_mái khi nào thấy ổn sẽ tự_động xuất_hiện còn không xuất_hiện nữa thì tự hiểu
"đến giờ , em vẫn đang đợi anh , người sẽ đúng và thời điểm sẽ đúng",Enjoyment,đến giờ em vẫn đang đợi anh người sẽ đúng và thời_điểm sẽ đúng
bài mà từng nghe khi tổn thương lần đầu,Sadness,bài mà từng nghe khi tổn_thương lần đầu
per huhu mất đi đồng nghiệp 😭,Sadness,per huhu mất đi_đồng_nghiệp icon_buon
độc nhất vô nhị . kkkk,Enjoyment,độc_nhất vô nhị k
ác vãi,Disgust,ác vãi
"nếu không có câu "" per cổ tích per , tao sẽ vả thằng add vỡ mồm ....",Disgust,nếu không có câu per cổ_tích per tao sẽ vả thằng add vỡ mồm
ra đường không cầm theo đá phong thủy rồi,Other,ra đường không cầm theo đá phong thủy_rồi
cũng muốn có những hành động đáng yêu nv,Other,cũng muốn có những hành_động đáng yêu nv
per nói bao nhiêu lần cũng không thấy đủ ... em yêu anh,Enjoyment,per nói bao_nhiêu lần cũng không thấy đủ em yêu anh
không ai cho không ai cái gì . đừng nghĩ rằng cho đi sẽ nhận lại được điều tốt đẹp,Disgust,không ai cho không ai cái gì đừng nghĩ rằng cho đi sẽ nhận lại được điều tốt_đẹp
chuẩn rồi bác . :)))),Enjoyment,chuẩn rồi bác icon_vui
bẩn quá,Disgust,bẩn quá
rất vui mừng khi ông ấy rời việt nam an toàn tuyệt đối ....,Enjoyment,rất vui_mừng khi ông ấy rời việt nam an_toàn tuyệt_đối
"lại 1 đứa nghĩ trump chỉ làm trò , haizz",Disgust,lại 1 đứa nghĩ trump chỉ làm_trò haizz
tưởng tao sợ ư từ cái lần mày dọa rắn tao và tao rơi điện thoại cuối cùng vỡ màn hình là tao đéo sợ nữa nhớ,Enjoyment,tưởng tao sợ ư từ cái lần mày dọa rắn tao và tao rơi điện_thoại cuối_cùng vỡ màn_hình là tao đéo sợ nữa nhớ
nhìn quả pin ngứa mắt vãi,Disgust,nhìn quả pin ngứa_mắt vãi
chắc đây là chuyện không có thật thôi . mình đọc qua cũng biết chắc chắn không thể là chữ trẻ con được,Other,chắc đây là chuyện không có thật thôi mình đọc qua cũng biết chắc_chắn không_thể là chữ trẻ_con được
tao cũng đang là con ghẻ của tạo hoá,Sadness,tao cũng đang là con ghẻ của tạo_hoá
không cho giáo viên cái quyền gì thì lấy gì mà dạy nhất là thời buổi lố lăng như bây giờ ... nó quỳ lúc nhỏ khi nó sai còn sửa được đợi lớn lên thì bố mẹ quỳ nhìn nó vào nhà đá,Anger,không cho giáo_viên cái quyền gì thì lấy gì mà dạy nhất là thời_buổi lố_lăng như bây_giờ nó quỳ lúc nhỏ khi nó sai còn sửa được đợi lớn lên thì bố_mẹ quỳ nhìn nó vào nhà_đá
tuy truong hop thôi cha me tao ra ma không thuong doi su te thi lam sao con no thuong lai thôi xua khac gio khac cu so sanh voi thôi co dai chan,Other,tuy truong hop thôi cha me tao ra ma không thuong doi su te thi lam sao con no thuong lai thôi xua khac gio khac cu so sanh voi thôi co dai chan
"mình từng chứng kiến trong lúc khám bệnh , con nói chuyện mẹ mà như bà nói chuyện với cháu .",Other,mình từng chứng_kiến trong lúc khám bệnh con nói_chuyện mẹ mà như bà nói_chuyện với cháu
cách anh ấy chạy thật là đàng ông quá đi mà 😂😂,Enjoyment,cách anh ấy chạy thật là đàng ông quá đi mà icon_vui icon_vui
nhìn quả mặt nó làm tao thoả mãn vãi,Enjoyment,nhìn quả mặt nó làm tao thoả_mãn vãi
cười đau ruột 🤣🤣🤣,Enjoyment,cười đau ruột icon_vui icon_vui icon_vui
sắp có thực đơn món mới 😍,Enjoyment,sắp có thực_đơn món mới icon_vui
ráng ăn cho nhìu vô ỉa cục cức dài hơn móng tay ổng luôn kk,Enjoyment,ráng ăn cho nhiều vô ỉa cục cức dài hơn móng tay ổng luôn kk
hihi : chúc mừng đại kỷ nguyên có lắm người yêu,Enjoyment,hihi chúc_mừng đại kỷ_nguyên có lắm người_yêu
mình nghĩ không nên công khai đâu dù gì họ đã biết sai giờ công khai ra chẳng khác nào khiến tâm lý của họ suy sụp hơn,Other,mình nghĩ không nên công_khai đâu dù gì họ đã biết sai giờ công_khai ra chẳng khác_nào khiến tâm_lý của họ suy_sụp hơn
ác nhất là thằng quay phim . bảo đảm nó biết trước mà cố tình không nói cho tài xế biết để bỏ cái tật ngu .,Disgust,ác nhất là thằng quay_phim bảo_đảm nó biết trước mà cố_tình không nói cho tài_xế biết để bỏ cái tật ngu
"bỏ ghê người ta ngồi ngại đều phải mua nước thoii , ý tưởng hay :)))",Enjoyment,bỏ ghê người_ta ngồi ngại đều phải mua nước thoii ý_tưởng hay icon_vui
đúng . t vẫn lun chờ đợi đứa đó dọn dô cuộc đời t sống .,Enjoyment,đúng tao vẫn lun chờ_đợi đứa đó dọn dô cuộc_đời tao sống
hồi xưa tao bị tiêu chảy kèm ho đã sợ vãi . giờ ho không thôi cũng sợ nhỉ . ??,Fear,hồi xưa tao bị tiêu_chảy kèm ho đã sợ vãi giờ ho không thôi cũng sợ nhỉ
"mặt mất dạy nhỉ , câng câng luôn",Disgust,mặt mất_dạy nhỉ câng câng luôn
phải rọ mõm chủ mới đúng,Disgust,phải rọ_mõm chủ mới đúng
"thích cái câu , có mỗi thằng con rể đểu mà cứ xoắn cả lên 😂😂😂",Enjoyment,thích cái câu có mỗi thằng con rể đểu mà cứ xoắn cả lên icon_vui icon_vui icon_vui
cái gì vui vậy mọi người :)),Enjoyment,cái gì vui_vậy mọi người icon_vui
đơn giản vì nó đéo còn yêu mày nữa rồi ==,Disgust,đơn_giản vì nó đéo còn yêu mày nữa rồi
nó tăng động y như tao dị đó :)),Enjoyment,nó tăng động y_như tao dị đó icon_vui
per 🤣🤣 còn có quán như này luôn ah,Surprise,per icon_vui icon_vui còn có quán như này luôn à
per đừng luyện ngôn tình nữa .. chờ cái này xem đi 😂,Other,per đừng_luyện ngôn tình nữa chờ cái này xem đi icon_vui
tôi làm trades . lương tôi không có .. chỉ có thu nhập thôi có tính là cao nhất việt nam không ??? tháng tôi kiếm từ 3000 - 5000,Enjoyment,tôi làm trades lương tôi không có chỉ có thu_nhập thôi có tính là cao nhất việt nam không tháng tôi kiếm từ 3000 5000
mới hôm qua cạo lông mà hôm nay lại dài thế cơ à,Surprise,mới hôm_qua cạo lông mà hôm_nay lại dài thế_cơ à
mày không sai thì chẳng lẽ tao lại sai à ?,Anger,mày không sai thì chẳng_lẽ tao lại sai à
chúng ta nói với nhau nhiều quá nên bao giờ không còn gì để nói với nhau 🙂,Sadness,chúng_ta nói với nhau nhiều quá nên bao_giờ không còn gì để nói với nhau icon_vui
tao thấy mấy thằng đi sh 10 thằng thì 9 thằng không mũ ngông nghênh . ngồi trên xe thì dume mặt cứ nhìn lên trời =)) đéo hiểu chúng nó sĩ oai cái lol gì luôn .,Disgust,tao thấy mấy thằng đi sh 10 thằng thì 9 thằng không mũ ngông_nghênh ngồi trên xe thì dume mặt cứ nhìn lên trời đéo hiểu chúng_nó sĩ oai cái lol gì luôn
"thương các con quá , lũ khốn nạn vì lợi trước mắt ma tội cho bọn trẻ , bọn này cho chết het",Sadness,thương các con quá lũ khốn_nạn vì lợi trước_mắt ma tội cho bọn trẻ bọn này cho chết het
tôi đã giữ lại mấy cái giấy note đã ghi chú khi nào kiểm tra =))))),Enjoyment,tôi đã giữ lại mấy cái giấy note đã ghi_chú khi nào kiểm_tra
nhớ thời ở ký túc xá quá đi per,Enjoyment,nhớ thời ở ký_túc_xá quá đi per
có rất rất nhìu thanh niên ở đây bị đứt dây thần kinh hài hước,Disgust,có rất rất nhiều thanh_niên ở đây bị đứt dây thần_kinh hài_hước
dcm . ngày bé tao sợ nhện vãi . xem phim thấy yêu tinh nhện,Fear,chửi_thề ngày bé tao sợ nhện vãi xem phim thấy yêu_tinh nhện
tao còn phải đợi 3 tháng nữa là đủ 1 gia đình nhỏ rồi,Enjoyment,tao còn phải đợi 3 tháng nữa là đủ 1 gia_đình nhỏ rồi
per suốt ngày bắt người ta đi tập gym nè >.<,Anger,per suốt ngày bắt người_ta đi tập gym nè
con này là con lợn à,Surprise,con này là con lợn à
tỏ tình đại ai dè dính lun :))),Enjoyment,tỏ_tình đại ai dè dính lun icon_vui
nhớ nhé đồng nghiệp haha,Enjoyment,nhớ nhé đồng_nghiệp haha
nguy hiểm,Fear,nguy_hiểm
sao mọi người gắt gỏng thế nhỉ ? hai anh chị đấy làm cho vui thôi mà lắm người tỏ ra nghiêm túc thế không biết :<,Disgust,sao mọi người gắt_gỏng thế nhỉ hai anh_chị đấy làm cho vui thôi mà lắm người tỏ ra nghiêm_túc_thế không biết icon_buon
nghe bài này nhớ nyc vãi,Sadness,nghe bài này nhớ nyc vãi
một người đàn ông bản lĩnh thực sự 👍,Enjoyment,một người đàn_ông bản_lĩnh thực_sự
mặt tao như này ai mê cho nổiiiii,Sadness,mặt tao như này ai mê cho nổi
ngựa ngựa ghi tay trái đồ :)),Disgust,ngựa ngựa ghi tay_trái đồ icon_vui
có ai đéo hiểu gì như mình không mình trong sáng vãi heee,Enjoyment,có ai đéo hiểu gì như mình không mình trong_sáng vãi he
mình cũng một thời gắn bó với nó,Enjoyment,mình cũng một thời gắn_bó với nó
còn tao là thoát khỏi 3 năm nói riền và 12 năm nói chung thảm họa của cđ hahaha 😆😆😆😆,Enjoyment,còn tao là thoát khỏi 3 năm nói riền và 12 năm nói_chung thảm_họa của cđ hahaha icon_vui icon_vui icon_vui icon_vui
cái gì nó cũng có hạn sử dụng cả 🙂,Other,cái gì nó cũng có_hạn sử_dụng cả icon_vui
"mẹ kể hồi nhỏ nuôi con ngỗng thay chó canh nhà . ăn trộm mà vào thì chạy đằng trời với nó , cả bầy lao ra quạt với táp , khi gia đình vác gậy chạy ra thì thằng ăn trộm nó ôm cây trên tít cành cao , áo quần tóc tai lủng máu me tè le . gia đình phải cứu ăn trộm má mấy mẻ còn không tha , 2 3 con vẫn dí nhảy hàng rào dí theo ăn trộm . phải nói dí bao dai mà cục súc vê lờ .",Enjoyment,mẹ kể hồi nhỏ nuôi con ngỗng thay chó canh nhà ăn_trộm mà vào thì chạy đằng_trời với nó cả bầy lao ra quạt với táp khi gia_đình vác gậy chạy ra thì thằng ăn_trộm nó ôm cây trên tít cành cao áo_quần tóc_tai lủng máu_me tè le gia_đình phải cứu ăn_trộm má mấy mẻ còn không tha 2 3 con vẫn dí nhảy hàng_rào dí theo ăn_trộm phải nói dí bao dai mà cục_súc vê lờ
đồ con ngỗng ngu ngốc 😂,Disgust,đồ con ngỗng ngu_ngốc icon_vui
thấy xấu hổ thay cho thớt . không hiểu gì về ô tô hay không được trải nghiệm nhiều thì nên lom dom nghe ngóng,Disgust,thấy xấu_hổ thay cho thớt không hiểu gì về ô_tô hay không được trải nghiệm nhiều thì nên lom dom nghe_ngóng
thứ mất dạy,Anger,thứ mất_dạy
nhắn mà ấm lòng nhờ :))) ra gặp anh shipper đẹp trai nữa thì chủ thớt rụng hết buồng trứng :))),Enjoyment,nhắn mà ấm lòng nhờ icon_vui ra gặp anh shipper đẹp_trai nữa thì chủ thớt rụng hết buồng_trứng icon_vui
per chúc bạn may mắn,Other,per chúc bạn may_mắn
bây chửi kệ bây ! riêng tao thik phá trong trường hợp này 😂,Enjoyment,bây chửi kệ bây riêng tao thích phá trong trường_hợp này icon_vui
à ừ đúng rồi tin người quá đến lúc nó đâm cho cũng không biết,Disgust,à ừ đúng rồi tin người quá đến lúc nó đâm cho cũng không biết
quãng cáo cũng được đăng à,Surprise,quãng cáo cũng được đăng à
mình hỏi rồi mà họ nữa muốn bán nữa không bạn để hôm sau lên hỏi lại lần nữa,Other,mình hỏi rồi mà họ nữa muốn bán nữa không bạn để hôm sau lên hỏi lại lần nữa
"nhớ trung thu năm ngoái , đứng nhìn các cặp tình nhân ôm hôn , nắm tay nhau ... chạnh lòng lắm !😞",Sadness,nhớ trung_thu năm_ngoái đứng nhìn các cặp tình_nhân ôm hôn nắm tay nhau chạnh_lòng lắm icon_buon
cái này ma cái kết gì đâu thằng nhìn thì không bị thằng không nhìn thì bị vãi,Disgust,cái này ma cái kết gì đâu thằng nhìn thì không bị thằng không nhìn thì bị vãi
ae họ mà đéo biết mặt nhau à - _ -,Surprise,ae họ mà đéo biết mặt nhau à _
có lẽ vậy,Other,có_lẽ_vậy
bố mẹ tao đọc được tin này + xem cặp lá yêu thương nữa thì bữa trưa nay tao không dám ăn cơm mất .,Fear,bố_mẹ tao đọc được tin này xem cặp lá yêu_thương nữa thì bữa trưa nay tao không dám ăn cơm mất
thực trạng học tiếng anh từ 6 đến 12 mà không biet giao tiep,Disgust,thực_trạng học tiếng anh từ 6 đến 12 mà không biet giao tiep
per quán bán mì quảng cũng có mùi đó mày :)))),Other,per quán bán mì quảng cũng có mùi đó mày icon_vui
đau bụng vãi hix,Sadness,đau bụng vãi hix
"mới đầu mày sẽ thấy vui , từ từ nó quậy cho mày ????",Fear,mới_đầu mày sẽ thấy vui từ từ nó quậy cho mày
ngày đi học . có lúc đang ăn cơm . bố hỏi . per năm nay học lớp mấy rồi con ☺ t không hiểu bố tao hỏi cái gì 😭,Sadness,ngày đi học có lúc đang ăn cơm bố hỏi per năm nay học lớp mấy rồi con tao không hiểu bố tao hỏi cái gì icon_buon
thằng điên,Disgust,thằng điên
"1 câu mà người ta hay nói , đắng như vị đời 😌",Sadness,1 câu mà người_ta hay nói đắng như vị đời
các bạn nữ đập đầu vào tường chết hết rồi,Sadness,các bạn nữ đập đầu vào tường chết hết rồi
óc chó còn cố tiếc kéo ôtô lại mới hài chứ . sao nó không ngồi trong xe cho chết mẹ nó đi,Disgust,óc chó còn cố tiếc kéo ôtô lại mới hài chứ sao nó không ngồi trong xe cho chết mẹ nó đi
per hàng hiếm nhà mình,Enjoyment,per hàng hiếm nhà mình
sao mình không thấy mình vậy ta ??,Other,sao mình không thấy mình vậy ta
ăn chọp chẹp cái dume chú à . ghét nhất kiểu ăn vô duyên mất lịch sự này . ăn cà chọp cà chẹp miệng đéo kín được ấy . nghe ứa tai vãi,Disgust,ăn chọp chẹp cái dume chú à ghét nhất kiểu ăn vô_duyên mất lịch_sự này ăn cà chọp cà chẹp miệng đéo kín được ấy nghe ứa tai vãi
ngỗng chuyên gia mổ háng người ta . đứng không làm gì nó cũng sáp tới tấp . chạy muốn tuột quần .,Disgust,ngỗng chuyên_gia mổ háng người_ta đứng không làm gì nó cũng sáp tới_tấp chạy muốn tuột quần
thấy cưng gì đâu,Enjoyment,thấy cưng gì đâu
tao chỉ tag thế thôi mày hiểu thế nào thì hiểu per,Other,tao chỉ tag thế thôi mày hiểu thế_nào thì hiểu per
"quần áo với xe thế kia là biết gia đình điều kiện tnao rồi 😂 anw , mong ông bà luôn khỏe mạnh , vui vẻ < 3",Enjoyment,quần_áo với xe_thế kia là biết gia_đình điều_kiện tnao rồi icon_vui anw mong ông_bà luôn khỏe_mạnh vui_vẻ 3
rất giỏi,Surprise,rất giỏi
mấy con này phải có ngày mấy thằng xe lớn nó tông vào cho lát bét đi . đi ra đường chùm kín người đến nỗi không bật xi nhan xe mà cứ qua tao bị mấy lần vì mấy con này,Anger,mấy con này phải có ngày mấy thằng xe lớn nó tông vào cho lát bét đi đi ra đường chùm kín người đến_nỗi không bật xi_nhan xe mà cứ qua tao bị mấy lần vì mấy con này
độc mà lần nào đi viện cũng bắt chụp 😭😭,Sadness,độc mà lần nào đi viện cũng bắt chụp icon_buon icon_buon
"con gái mình chỉ vì đến bữa không chịu xuống ăn cơm , cứ du rú trong phòng nên bị bố quát xuống ăn cơm thôi , thế mà nó còn lầm lì vì bị mắng oan đấy",Other,con_gái mình chỉ vì đến bữa không chịu xuống ăn cơm cứ du rú trong phòng nên bị bố quát xuống ăn cơm thôi thế_mà nó còn lầm_lì vì bị mắng oan đấy
tao mợt bây quá 😂😂😂,Anger,tao mợt bây quá icon_vui icon_vui icon_vui
"giọng nói , ngữ khí đi vào lòng người vãi . mắt chị gái đẹp thế 😻",Enjoyment,giọng nói ngữ_khí đi vào lòng người vãi mắt chị gái đẹp thế
1 lần thôi cũng đủ xao xuyến anh rồi,Enjoyment,1 lần thôi cũng đủ xao_xuyến anh rồi
"ôiii vãi , dume nhìn thôi tao đã sợ rồi . từ nhện nhỏ đến nhện to không con nào là tao không sợ :((",Fear,ôi vãi dume nhìn thôi tao đã sợ rồi từ nhện nhỏ đến nhện to không con nào là tao không sợ icon_buon
giống găng tay của thanos vậy,Surprise,giống găng_tay của thanos_vậy
78 thằng đéo có ý thức,Disgust,78 thằng đéo có ý_thức
đã từng nên tao hiểu cảm giác ấy . vừa tiếc ly trà sữa vừa phải lết xác đi giặt cái balo,Sadness,đã từng nên tao hiểu cảm_giác ấy vừa tiếc ly trà sữa vừa phải lết xác đi giặt cái balo
"phim hay , nhưng mà lần đầu xem là cùng nyc nên .. 😐",Sadness,phim hay nhưng mà lần đầu xem là cùng nyc nên
"nhiều kỷ niệm đẹp , giờ nhìn mấy đứa nhóc đi học mà muốn quay về quá khứ .",Sadness,nhiều kỷ_niệm đẹp giờ nhìn mấy đứa nhóc đi học mà muốn quay về quá_khứ
đang buồn cần 1 người nhắn tin tâm sự hằng đêm,Sadness,đang buồn cần 1 người nhắn_tin tâm_sự hằng đêm
cười vào mặt mấy đứa không có người yêu :))),Enjoyment,cười vào mặt mấy đứa không có người_yêu icon_vui
"k dịch nốt đi , dịch nửa vời thế , dume",Disgust,không dịch nốt đi dịch nửa_vời thế dume
ối dồi ôi ! như con lợn hồng vậy ! haha,Enjoyment,ối dồi ôi như con lợn hồng_vậy haha
cháu tao thì có vẻ như có phần chững chạc hơn =))),Enjoyment,cháu tao thì có vẻ như có phần chững_chạc hơn
"hôm trước tao đi chơi về đường vắng nên chạy nhanh , vừa qua cua anh cảnh sát chạy ra chặn làm tao sợ chetme vì giấy tờ không có bằng lái thì chưa thi lại còn thiếu abcxyz",Fear,hôm trước tao đi chơi về đường vắng nên chạy nhanh vừa_qua cua anh cảnh_sát chạy ra chặn làm tao sợ chetme vì giấy_tờ không có bằng lái thì chưa thi lại còn thiếu abcxyz
vẻ đẹp phi giới tính luôn,Surprise,vẻ đẹp phi_giới_tính luôn
dm đạp xe đã mệt lòi cứt ra xong còn hỏi hỏi cái beep,Anger,dm đạp xe đã mệt lòi cứt ra xong còn hỏi hỏi cái beep
tình yêu thật nghiêm túc . thì nên bắt đầu . không phí thanh xuân một người con gái lắm !!,Other,tình_yêu thật nghiêm_túc thì nên bắt_đầu không phí thanh_xuân một người con_gái lắm
tiền nhiều để làm gì khi tình không còn,Sadness,tiền nhiều để làm gì khi tình không còn
t chỉ sợ cảnh đấu kiếm :((,Fear,tao chỉ sợ cảnh_đấu kiếm icon_buon
:v buồn cười ghê .,Enjoyment,v buồn_cười ghê
phim ấn độ duy nhất tao xem mà không cảm thấy vật lý logic quá khó hiểu dù thật ra trong phim này nhiều kiến thức hại não thật ; )),Enjoyment,phim ấn độ duy_nhất tao xem mà không cảm_thấy vật_lý logic quá khó hiểu dù thật_ra trong phim này nhiều kiến_thức hại não thật
tao cũng sắp bị đuổi ra khỏi nhà roi,Other,tao cũng sắp bị đuổi ra khỏi nhà roi
per mùa này mà làm cú mền này giữa trưa 40 độ hết sảy =]],Enjoyment,per mùa này mà làm cú mền này giữa trưa 40 độ hết sảy
"lúc nhỏ nấu bằng này không , nấu hơi bị ngon , tạo cơm cháy ăn bao riềng",Enjoyment,lúc nhỏ nấu bằng này không nấu hơi bị ngon tạo cơm cháy ăn bao riềng
ngồi suy nghĩ 1 hồi xem trái hay phải rồi mới nói được . khổ vãi mà !,Sadness,ngồi suy_nghĩ 1 hồi xem trái hay phải rồi mới nói được khổ vãi mà
đã check rồi lại còn đoán :)) em vui tính giống anh đấy :)),Enjoyment,đã check rồi lại còn đoán icon_vui em vui_tính giống anh đấy icon_vui
t cho mẹ tao xem và đã bị ăn vả . đéo hiểu vì sao,Anger,tao cho mẹ tao xem và đã bị ăn vả đéo hiểu vì_sao
chả có gì vui 😏😏😏,Disgust,chả có gì vui
thương chỉ sợ em không cho anh cơ hội thôi,Sadness,thương chỉ sợ em không cho anh cơ_hội thôi
dume . cuộc đời mày ơi . không làm gì được thì cười cho nó qua đi mày,Other,dume cuộc_đời mày ơi không làm gì được thì cười cho nó qua đi mày
lâu lắm rồi chưa ăn được miếng cơm cháy .,Sadness,lâu lắm rồi chưa ăn được miếng cơm cháy
"đã xấu còn ngáo , lại còn tham ăn nữa ??????",Disgust,đã xấu còn ngáo lại còn tham ăn nữa
nói tới thì lại dỗi bỏ được mấy đồng ra rồi bày ra như chuồng lợn í thức đéo khác gì con lợn .,Anger,nói tới thì lại dỗi bỏ được mấy đồng ra rồi bày ra như chuồng lợn í thức đéo khác gì con lợn
"tao bắt con tao quỳ ở góc nhà suốt , nó mà biết nhục , biết tự trọng nó sẽ không để phải bị quỳ",Other,tao bắt con tao quỳ ở góc nhà suốt nó mà biết nhục biết tự_trọng nó sẽ không để phải bị quỳ
tởm nhìn đã kinh,Disgust,tởm nhìn đã kinh
per nhớ cái này không haha,Enjoyment,per nhớ cái này không haha
per b trà ơi . năm nay là pải mạnh dạn và bất chấp nhé 🤣🤣🤣,Enjoyment,per b trà ơi năm nay là pải mạnh_dạn và bất_chấp nhé icon_vui icon_vui icon_vui
thế cây này có được gọi là cây tình yêu không ??,Other,thế cây này có được gọi là cây tình_yêu không
per câu chuyện ngắn gọn trọn tình 😂😂,Enjoyment,per câu_chuyện ngắn_gọn trọn tình icon_vui icon_vui
"per nghe rv thấy cũng hay nè , liên quan đến bùa ngải các kiểu có vẻ hấp dẫn :v",Enjoyment,per nghe rv thấy cũng hay nè liên_quan đến bùa ngải các kiểu có vẻ hấp_dẫn v
nghe thôi đã thấy chảy hết nước miếng rồi =))),Enjoyment,nghe thôi đã thấy chảy hết nước_miếng rồi
per =)))) đáng sợ vãi,Fear,per đáng sợ vãi
"đang học sử buồn ngủ , xem cái này tỉnh rụi liền =))",Enjoyment,đang học sử buồn_ngủ xem cái này tỉnh rụi liền
"cái ông này mới xem thì thấy bình thường , mà càng xem lại càng đẹp trai 😂",Enjoyment,cái ông này mới xem thì thấy bình_thường mà càng xem_lại càng đẹp_trai icon_vui
các cô không chịu mở lòng thì sao chúng tôi lấy được ????? hả các cô gái,Disgust,các cô không chịu mở lòng thì sao chúng_tôi lấy được hả các cô gái
đồng đội tốt ... nhưnh rất tiết chúng ta không có duyên 😀 kaka,Enjoyment,đồng_đội tốt nhưnh rất tiết chúng_ta không có duyên icon_vui kaka
per dume vỉa hè quá rộng . con này không đi oto bao giờ là chắc ?,Disgust,per dume vỉa_hè quá rộng con này không đi oto bao_giờ là chắc
nhìn đáng yêu vãi :))),Enjoyment,nhìn đáng yêu vãi icon_vui
cái dân mê tín ngu si làm giàu cho tiệm vàng,Disgust,cái dân mê_tín ngu_si làm_giàu cho tiệm vàng
"con gái không thích con trai đầu hói , vì cưới về dễ nhầm đầu :d",Enjoyment,con_gái không thích con_trai đầu hói vì cưới về dễ nhầm đầu d
"dm tao thấy người ta không sợ vì rắn mà sợ vì thằng chả la làm hết hồn , toàn núp lén rồi la lên thằng đéo nào mà không sợ chứ",Anger,dm tao thấy người_ta không sợ vì rắn mà sợ vì thằng chả la làm hết_hồn toàn núp lén rồi la lên thằng đéo nào mà không sợ chứ
ấm áp ghê =)),Enjoyment,ấm_áp ghê
lấy vợ xong đã đầu tư được cái váy với cái vương miện rồi,Other,lấy vợ xong đã đầu_tư được cái váy với cái vương_miện rồi
mẹ tao cũng thix em này 😅,Enjoyment,mẹ tao cũng thix em này icon_vui
per nó chỉ muốn biết bạn có nhu cầu làm áo lớp hay không thôi,Other,per nó chỉ muốn biết bạn có nhu_cầu làm áo lớp hay không thôi
đó là cuộc sống của mỗi người .. mình phải tôn trọng nhau thôi,Other,đó là cuộc_sống của mỗi người mình phải tôn_trọng nhau thôi
"chưa muốn lấy , cơ hội vẫn chia đều cho tất cả các anh : ))",Enjoyment,chưa muốn lấy cơ_hội vẫn chia đều cho tất_cả các anh
không biết người của họ hay sao mà bắt heo 2 ngày trúng 2 cái ipx,Other,không biết người của họ hay sao mà bắt heo 2 ngày trúng 2 cái ipx
ae phục vụ ngày xưa của mình đâu rồi . sao thấy thương bạn này,Sadness,ae phục_vụ ngày_xưa của mình đâu rồi sao thấy thương bạn này
đôi khi có tiền cũng không đi được đâu vì đéo có ai đi cùng,Sadness,đôi_khi có tiền cũng không đi được đâu vì đéo có ai đi cùng
con nai vàng ngơ ngác 😔,Other,con nai vàng ngơ_ngác icon_buon
thế mà lại có người bảo đầu tao như đầu bùi :(( dume đánh chết cha giờ :)),Anger,thế mà_lại có người bảo đầu tao như đầu bùi icon_buon dume đánh chết_cha giờ icon_vui
kiểu gì mai cũng lại có vụ rất gì và này nọ cho xem,Other,kiểu gì mai cũng lại có vụ rất gì và này_nọ cho xem
"cà phê king là của chị thảo hả uống dở hơn nước đái mèo nữa , thấy gơm",Disgust,cà_phê king là của chị thảo hả uống dở hơn nước_đái mèo nữa thấy gơm
bó tay luôn á,Sadness,bó_tay luôn á
sao giá ảo quá vậy :)))),Surprise,sao giá ảo quá vậy icon_vui
con trai gục đổ . con gái dụng trứng . lậy cô .... à nhầm lậy anh,Other,con_trai gục đổ con_gái_dụng trứng lậy cô à nhầm lậy anh
dạ vâng đây là cái xồ đấy ạ kakaka,Enjoyment,dạ vâng đây là cái xồ đấy ạ kakaka
sau này đừng quên nhau nha,Other,sau_này đừng quên nhau nha
"sau 15 năm cắp sách đi học và 2 , 5 năm không động đến sách thì bây giờ đang tự hỏi đây là gì sao mà giải được . huhu",Sadness,sau 15 năm cắp sách đi học và 2 5 năm không động đến sách thì bây_giờ đang tự hỏi đây là gì sao mà giải được huhu
dân trí thấp thế thì bao giờ mới phát triển đất nước được,Disgust,dân_trí thấp thế_thì bao_giờ mới phát_triển đất_nước được
cấp 1 đi học cũng gặp bọn quái đản này,Disgust,cấp 1 đi học cũng gặp bọn quái_đản này
moẹ s tuổi thơ của tôi toàn găp phải thằng mất dạy . toàn đánh với bắt nạt các b nữ . đm thằng per với thằng per lơn . tau vẫn nhớ,Anger,moẹ sao tuổi_thơ của tôi toàn găp phải thằng mất_dạy toàn đánh với bắt_nạt các b nữ chửi_thề thằng per với thằng per lơn tau vẫn nhớ
dưới cái nóng 40 độ ngày hôm này xem video này xong thất mát lòng vãi_chưởng :)),Enjoyment,dưới cái nóng 40 độ ngày hôm này xem video này xong thất mát_lòng vãi_chưởng icon_vui
per nói ít thôi hành động nhiều hơn . time sẽ là câu trả lời . mong là 2 đứa cùng nhau già đi như này .,Enjoyment,per nói ít thôi hành_động nhiều hơn time sẽ là câu trả_lời mong là 2 đứa cùng nhau già đi như này
loại này đốt có chết không nhỉ,Other,loại này đốt có chết không nhỉ
ngoài mấy cảnh nhảy múa hát hò vớ vẩn ra thì phim hay,Enjoyment,ngoài mấy cảnh nhảy_múa hát_hò vớ_vẩn ra thì phim hay
hay lắm cậu bé,Enjoyment,hay lắm cậu bé
per đi bộ ở trường về thì dcm nổi ám ảnh đúng giờ tao về là dcm nó ra nó dí ngày nào cũng dí chạy cái luôn,Fear,per đi bộ ở trường về thì chửi_thề nổi ám_ảnh đúng giờ tao về là chửi_thề nó ra nó dí ngày nào cũng dí chạy cái luôn
hôm qua tao xem xong ngất xỉu tới giờ mới tĩnh chúng mày ạ 😌😌😌,Sadness,hôm_qua tao xem xong ngất_xỉu tới giờ mới tĩnh chúng_mày ạ
sau cùng cả 2 đều bị ảnh hưởng trầm trọng :((,Sadness,sau_cùng cả 2 đều bị ảnh_hưởng trầm_trọng icon_buon
cái thứ gì đâu không 😈,Disgust,cái thứ gì đâu không
đáng yêu =)),Enjoyment,đáng yêu
ánh mắt thằng con muốn nói : cứu cháu hình như ba sắp ném con ùi,Fear,ánh mắt thằng con muốn nói cứu cháu hình_như ba sắp ném con ùi
per cố đợi đi nha để em mua bảo hiểm cho anh 🙂,Enjoyment,per cố đợi đi nha để em mua bảo_hiểm cho anh icon_vui
nhớ không em lời hứa ngày xưa mình bên nhau dưới ánh trăng đã nguyện thề :)),Enjoyment,nhớ không em lời hứa ngày_xưa mình bên nhau dưới ánh trăng đã nguyện thề icon_vui
gặp mấy anh việt nam đi nhanh gấp em thề với chị là nhanh gọn đảm bảo chỉ suong,Enjoyment,gặp mấy anh việt nam đi nhanh gấp em thề với chị là nhanh gọn đảm_bảo chỉ suong
galang thế không bjt . trẻ con còn như thế người lớn chắc không tôgn tại đâu . ước gì cũg được như vậy,Other,galang thế không bjt trẻ_con còn như thế người_lớn chắc không tôgn tại đâu ước gì cũg được như_vậy
cái này thì hôm nào nói chuyện tao nói cho nghe ??,Other,cái này thì hôm nào nói_chuyện tao nói cho nghe
sao không cho con già đấy mấy cái vào mõm cho vỡ cái nó mõm chó luôn,Anger,sao không cho con già đấy mấy cái vào mõm cho vỡ cái nó mõm chó luôn
trời ơi càng ngày ổ càng giống con đuông dừa 😑😑😑,Disgust,trời_ơi càng ngày ổ càng giống con đuông dừa
và tôi đã mất đi 1 người như thế .,Sadness,và tôi đã mất đi 1 người như thế
đồng nghiệp của tôi thật tuyệt vời,Enjoyment,đồng_nghiệp của tôi thật tuyệt_vời
nhìn đôi bàn tay đã biết phải lao động rồi . chị có lấy trai việt không :)),Enjoyment,nhìn đôi bàn_tay đã biết phải lao_động rồi chị có lấy trai việt không icon_vui
per nét chữ giống hệt chữ của tao luôn mày,Other,per nét chữ giống_hệt chữ của tao luôn mày
per chắc là mày đi hốt này,Other,per chắc là mày đi hốt này
cho nên đư ̀ người bao giờ cô ́ tỏ ra la ̀ ca ́ i gì ̀ mi ̀ nh cu ̃ người biê ́ tao nhé,Disgust,cho_nên đư ̀ người bao_giờ cô ́ tỏ ra la ̀ ca ́ i gì ̀ mi ̀ nh cu ̃ người biê ́ tao nhé
cứ thấy trai đẹp là tao hạnh phúc :),Enjoyment,cứ thấy trai đẹp là tao hạnh_phúc icon_vui
cảm giác lúc ấy sẽ ra sao,Other,cảm_giác lúc ấy sẽ ra sao
"tao là trùm nấu cơm kiểu này rồi ,, còn bây giờ mất điện thi nấu bằng bếp ga :))",Enjoyment,tao là trùm nấu cơm kiểu này rồi còn bây_giờ mất điện thi nấu bằng bếp ga icon_vui
đường của nhà cụ hay sao mà cụ cấm người ta đỗ . sai đâu đã có pháp luật cụ ích kỷ quá đấy .,Disgust,đường của nhà_cụ hay sao mà cụ cấm người_ta đỗ sai đâu đã có pháp_luật cụ ích_kỷ quá đấy
nhìn mặt héo queo luôn,Other,nhìn mặt héo queo luôn
tao đi xe máy mỗi lần muốn để xe đi đâu là phi mẹ nó vào quán net gửi đấy rồi đi ra đéo mất phí,Other,tao đi xe_máy mỗi lần muốn để xe đi đâu là phi_mẹ nó vào quán net gửi đấy rồi đi ra đéo mất phí
thích thân hình boss rồi nhan 😌,Enjoyment,thích thân_hình boss rồi nhan
ước mơ nhỏ nhoi của tao là được làm chị mà không thể nào làm được huhu,Sadness,ước_mơ nhỏ_nhoi của tao là được làm chị mà không_thể_nào làm được huhu
